experiment,category,seed,method,fit_images,branch_calibration_images,threshold_calibration_images,total_normal_images,fit_and_score_seconds,rss_mb,memory_vectors,memory_bytes,patchcore_scoring_seconds,branch_upper_quantile,image_auroc,image_ap,pixel_auroc,pixel_ap,threshold,threshold_alpha,threshold_calibration_count,threshold_conformal_rank,threshold_is_finite,threshold_min_attainable_alpha,image_f1_conformal,image_f1_normal95,image_precision_conformal,image_recall_conformal,image_specificity_conformal,image_balanced_accuracy_conformal,normal_fpr_conformal,false_alarms_per_1000_normals,test_true_positive,test_false_positive,test_true_negative,test_false_negative,weight,normal_budget,upper_quantile,branch_calibration_fraction,translation_px,brightness,descriptor_channels,condition,translation_dx,translation_dy,border_mode,registration_dx,registration_dy,interior_image_auroc,interior_image_ap,interior_normal_fpr,interior_recall,valid_pixel_fraction,normal_budget_requested,normal_budget_achieved,allocation_strategy,priority_target,priority_achieved
main,bottle,20260714,freqpatch_lite,147.0,31.0,31.0,209.0,0.4975405410223175,962.078125,1800,691200,0.33916241698898375,0.995,0.9968253968253967,0.9990036304936458,0.9833797568497438,0.7332486382640008,2.945845365524292,0.05,31.0,31.0,True,0.03125,0.9586776859504132,0.9586776859504132,1.0,0.9206349206349206,1.0,0.9603174603174602,0.0,0.0,58,0,20,5,,,,,,,,,,,,,,,,,,,,,,,
main,bottle,20260714,frequency_only,147.0,31.0,31.0,209.0,0.4975405410223175,868.40625,1800,691200,0.33916241698898375,0.995,0.8492063492063492,0.927191927337824,0.911459048745661,0.3866667698692169,124.72145080566406,0.05,31.0,31.0,True,0.03125,0.29333333333333333,0.29333333333333333,0.9166666666666666,0.1746031746031746,0.95,0.5623015873015873,0.05,50.0,11,1,19,52,,,,,,,,,,,,,,,,,,,,,,,
main,bottle,20260714,padim_diag,147.0,31.0,31.0,209.0,0.4975405410223175,939.234375,1800,691200,0.33916241698898375,0.995,0.9984126984126984,0.9995000314940792,0.9578971484443499,0.45018534492089296,3.0903806686401367,0.05,31.0,31.0,True,0.03125,0.9838709677419355,0.9838709677419355,1.0,0.9682539682539683,1.0,0.9841269841269842,0.0,0.0,61,0,20,2,,,,,,,,,,,,,,,,,,,,,,,
main,bottle,20260714,padim_freq_gate,147.0,31.0,31.0,209.0,0.4975405410223175,967.9375,1800,691200,0.33916241698898375,0.995,0.9992063492063492,0.9997519841269842,0.9585481934187536,0.45690643143070603,3.0903806686401367,0.05,31.0,31.0,True,0.03125,0.9838709677419355,0.9838709677419355,1.0,0.9682539682539683,1.0,0.9841269841269842,0.0,0.0,61,0,20,2,,,,,,,,,,,,,,,,,,,,,,,
main,bottle,20260714,patchcore_lite,147.0,31.0,31.0,209.0,0.4975405410223175,941.359375,1800,691200,0.33916241698898375,0.995,0.9968253968253967,0.9990036304936458,0.9829868544864498,0.7257191208002342,2.945845365524292,0.05,31.0,31.0,True,0.03125,0.9411764705882353,0.9411764705882353,1.0,0.8888888888888888,1.0,0.9444444444444444,0.0,0.0,56,0,20,7,,,,,,,,,,,,,,,,,,,,,,,
strong_baseline,bottle,20260714,patchcore_wr50_compact,147.0,31.0,31.0,,0.659249333984917,,1800,1843200,,,0.9960317460317459,0.9988004046284075,0.9836572015536896,0.7533031200115929,2.402500629425049,0.05,31.0,31.0,True,0.03125,0.9411764705882353,0.9411764705882353,1.0,0.8888888888888888,1.0,0.9444444444444444,0.0,0.0,56,0,20,7,,,,,,,256.0,,,,,,,,,,,,,,,,
main,bottle,20260715,freqpatch_lite,147.0,31.0,31.0,209.0,0.09883562498725951,1059.0,1800,691200,0.07720633299322799,0.995,0.9952380952380953,0.9985103168855781,0.9834720798372284,0.7333210491441354,1.7272136211395264,0.05,31.0,31.0,True,0.03125,0.9841269841269841,0.9841269841269841,0.9841269841269841,0.9841269841269841,0.95,0.967063492063492,0.05,50.0,62,1,19,1,,,,,,,,,,,,,,,,,,,,,,,
main,bottle,20260715,frequency_only,147.0,31.0,31.0,209.0,0.09883562498725951,973.140625,1800,691200,0.07720633299322799,0.995,0.8492063492063492,0.9267756264346376,0.911834939456778,0.38530961158608423,31.835275650024414,0.05,31.0,31.0,True,0.03125,0.49411764705882355,0.49411764705882355,0.9545454545454546,0.3333333333333333,0.95,0.6416666666666666,0.05,50.0,21,1,19,42,,,,,,,,,,,,,,,,,,,,,,,
main,bottle,20260715,padim_diag,147.0,31.0,31.0,209.0,0.09883562498725951,1044.578125,1800,691200,0.07720633299322799,0.995,0.9952380952380951,0.9985809138470203,0.9591148279429696,0.46912125920039455,7.051752090454102,0.05,31.0,31.0,True,0.03125,0.975609756097561,0.975609756097561,1.0,0.9523809523809523,1.0,0.9761904761904762,0.0,0.0,60,0,20,3,,,,,,,,,,,,,,,,,,,,,,,
main,bottle,20260715,padim_freq_gate,147.0,31.0,31.0,209.0,0.09883562498725951,1061.546875,1800,691200,0.07720633299322799,0.995,0.9976190476190475,0.9992784992784992,0.9598956262748011,0.4762408031650035,7.051752090454102,0.05,31.0,31.0,True,0.03125,0.975609756097561,0.975609756097561,1.0,0.9523809523809523,1.0,0.9761904761904762,0.0,0.0,60,0,20,3,,,,,,,,,,,,,,,,,,,,,,,
main,bottle,20260715,patchcore_lite,147.0,31.0,31.0,209.0,0.09883562498725951,1047.328125,1800,691200,0.07720633299322799,0.995,0.9952380952380953,0.9985103168855781,0.9830506179286528,0.7253473288874891,1.7272136211395264,0.05,31.0,31.0,True,0.03125,0.9841269841269841,0.9841269841269841,0.9841269841269841,0.9841269841269841,0.95,0.967063492063492,0.05,50.0,62,1,19,1,,,,,,,,,,,,,,,,,,,,,,,
strong_baseline,bottle,20260715,patchcore_wr50_compact,147.0,31.0,31.0,,0.5824817089887802,,1800,1843200,,,0.9944444444444444,0.9983248974619716,0.983369111304762,0.7547823156130505,1.7886767387390137,0.05,31.0,31.0,True,0.03125,0.9841269841269841,0.9841269841269841,0.9841269841269841,0.9841269841269841,0.95,0.967063492063492,0.05,50.0,62,1,19,1,,,,,,,256.0,,,,,,,,,,,,,,,,
main,bottle,20260716,freqpatch_lite,147.0,31.0,31.0,209.0,0.09869924999657087,1103.90625,1800,691200,0.07756224999320693,0.995,1.0,1.0,0.98337900566882,0.7298030511276548,1.5663776397705078,0.05,31.0,31.0,True,0.03125,0.992,0.992,1.0,0.9841269841269841,1.0,0.9920634920634921,0.0,0.0,62,0,20,1,,,,,,,,,,,,,,,,,,,,,,,
main,bottle,20260716,frequency_only,147.0,31.0,31.0,209.0,0.09869924999657087,1062.3125,1800,691200,0.07756224999320693,0.995,0.8492063492063492,0.9262168164572511,0.9119485974028033,0.3894874868148789,241.02041625976562,0.05,31.0,31.0,True,0.03125,0.2702702702702703,0.2702702702702703,0.9090909090909091,0.15873015873015872,0.95,0.5543650793650794,0.05,50.0,10,1,19,53,,,,,,,,,,,,,,,,,,,,,,,
main,bottle,20260716,padim_diag,147.0,31.0,31.0,209.0,0.09869924999657087,1062.6875,1800,691200,0.07756224999320693,0.995,0.9968253968253967,0.9990155677655678,0.9585747568362643,0.4658722729606042,8.780176162719727,0.05,31.0,31.0,True,0.03125,0.9586776859504132,0.9586776859504132,1.0,0.9206349206349206,1.0,0.9603174603174602,0.0,0.0,58,0,20,5,,,,,,,,,,,,,,,,,,,,,,,
main,bottle,20260716,padim_freq_gate,147.0,31.0,31.0,209.0,0.09869924999657087,1106.359375,1800,691200,0.07756224999320693,0.995,0.9968253968253967,0.9990155677655678,0.9592431807420795,0.4720025018741928,9.153335571289062,0.05,31.0,31.0,True,0.03125,0.9672131147540983,0.9672131147540983,1.0,0.9365079365079365,1.0,0.9682539682539683,0.0,0.0,59,0,20,4,,,,,,,,,,,,,,,,,,,,,,,
main,bottle,20260716,patchcore_lite,147.0,31.0,31.0,209.0,0.09869924999657087,1083.28125,1800,691200,0.07756224999320693,0.995,1.0,1.0,0.9830018743815063,0.7228103894092597,1.5663776397705078,0.05,31.0,31.0,True,0.03125,0.992,0.992,1.0,0.9841269841269841,1.0,0.9920634920634921,0.0,0.0,62,0,20,1,,,,,,,,,,,,,,,,,,,,,,,
strong_baseline,bottle,20260716,patchcore_wr50_compact,147.0,31.0,31.0,,0.5697889589937404,,1800,1843200,,,0.9976190476190475,0.9992784992784992,0.9831808083484809,0.7485183251662645,2.0053093433380127,0.05,31.0,31.0,True,0.03125,0.9672131147540983,0.9672131147540983,1.0,0.9365079365079365,1.0,0.9682539682539683,0.0,0.0,59,0,20,4,,,,,,,256.0,,,,,,,,,,,,,,,,
main,cable,20260714,freqpatch_lite,156.0,34.0,34.0,224.0,0.14963212501606904,1823.28125,1800,691200,0.11598204201436602,0.995,0.9139805097451275,0.9438870237251171,0.9744590945267015,0.6541774463437363,1.9221819639205933,0.05,34.0,34.0,True,0.02857142857142857,0.5909090909090909,0.5909090909090909,0.975,0.42391304347826086,0.9827586206896551,0.703335832083958,0.017241379310344827,17.241379310344826,39,1,57,53,,,,,,,,,,,,,,,,,,,,,,,
main,cable,20260714,frequency_only,156.0,34.0,34.0,224.0,0.14963212501606904,1823.453125,1800,691200,0.11598204201436602,0.995,0.5976386806596702,0.7270818409808383,0.660014055661093,0.0637632689963224,2.706336498260498,0.05,34.0,34.0,True,0.02857142857142857,0.08333333333333333,0.08333333333333333,1.0,0.043478260869565216,1.0,0.5217391304347826,0.0,0.0,4,0,58,88,,,,,,,,,,,,,,,,,,,,,,,
main,cable,20260714,padim_diag,156.0,34.0,34.0,224.0,0.14963212501606904,1823.484375,1800,691200,0.11598204201436602,0.995,0.8037856071964018,0.8279659606813843,0.9448760804774987,0.3257010165155775,7.106760501861572,0.05,34.0,34.0,True,0.02857142857142857,0.2909090909090909,0.2909090909090909,0.8888888888888888,0.17391304347826086,0.9655172413793104,0.5697151424287856,0.034482758620689655,34.48275862068965,16,2,56,76,,,,,,,,,,,,,,,,,,,,,,,
main,cable,20260714,padim_freq_gate,156.0,34.0,34.0,224.0,0.14963212501606904,1823.484375,1800,691200,0.11598204201436602,0.995,0.8045352323838081,0.8284836051568292,0.9448780854085478,0.3259148789102647,7.660097599029541,0.05,34.0,34.0,True,0.02857142857142857,0.25925925925925924,0.25925925925925924,0.875,0.15217391304347827,0.9655172413793104,0.5588455772113943,0.034482758620689655,34.48275862068965,14,2,56,78,,,,,,,,,,,,,,,,,,,,,,,
main,cable,20260714,patchcore_lite,156.0,34.0,34.0,224.0,0.14963212501606904,1823.28125,1800,691200,0.11598204201436602,0.995,0.9145427286356822,0.9441386935032148,0.9744684570079588,0.656341935958442,1.81382155418396,0.05,34.0,34.0,True,0.02857142857142857,0.6423357664233577,0.6423357664233577,0.9777777777777777,0.4782608695652174,0.9827586206896551,0.7305097451274363,0.017241379310344827,17.241379310344826,44,1,57,48,,,,,,,,,,,,,,,,,,,,,,,
strong_baseline,cable,20260714,patchcore_wr50_compact,156.0,34.0,34.0,,1.3771299999789335,,1800,1843200,,,0.8474512743628185,0.9111556192020516,0.9501581296335007,0.5349023399247637,2.006100654602051,0.05,34.0,34.0,True,0.02857142857142857,0.6896551724137931,0.6896551724137931,0.9433962264150944,0.5434782608695652,0.9482758620689655,0.7458770614692654,0.05172413793103448,51.724137931034484,50,3,55,42,,,,,,,256.0,,,,,,,,,,,,,,,,
main,cable,20260715,freqpatch_lite,156.0,34.0,34.0,224.0,0.14826974997413345,1827.859375,1800,691200,0.11833074997412041,0.995,0.9370314842578712,0.9631288347415405,0.9746807848152672,0.6576729903344106,1.5191491842269897,0.05,34.0,34.0,True,0.02857142857142857,0.7792207792207793,0.7792207792207793,0.967741935483871,0.6521739130434783,0.9655172413793104,0.8088455772113943,0.034482758620689655,34.48275862068965,60,2,56,32,,,,,,,,,,,,,,,,,,,,,,,
main,cable,20260715,frequency_only,156.0,34.0,34.0,224.0,0.14826974997413345,1828.09375,1800,691200,0.11833074997412041,0.995,0.5699025487256373,0.6920682561089596,0.6635749803684456,0.06469785442347745,1.8149036169052124,0.05,34.0,34.0,True,0.02857142857142857,0.26548672566371684,0.26548672566371684,0.7142857142857143,0.16304347826086957,0.896551724137931,0.5297976011994003,0.10344827586206896,103.44827586206897,15,6,52,77,,,,,,,,,,,,,,,,,,,,,,,
main,cable,20260715,padim_diag,156.0,34.0,34.0,224.0,0.14826974997413345,1827.765625,1800,691200,0.11833074997412041,0.995,0.7863568215892054,0.8138581908734372,0.9449617262326965,0.3237639116375876,4.46964693069458,0.05,34.0,34.0,True,0.02857142857142857,0.43333333333333335,0.43333333333333335,0.9285714285714286,0.2826086956521739,0.9655172413793104,0.6240629685157422,0.034482758620689655,34.48275862068965,26,2,56,66,,,,,,,,,,,,,,,,,,,,,,,
main,cable,20260715,padim_freq_gate,156.0,34.0,34.0,224.0,0.14826974997413345,1827.890625,1800,691200,0.11833074997412041,0.995,0.7863568215892054,0.813932369562056,0.9449611676115093,0.3239304403568988,4.46964693069458,0.05,34.0,34.0,True,0.02857142857142857,0.43333333333333335,0.43333333333333335,0.9285714285714286,0.2826086956521739,0.9655172413793104,0.6240629685157422,0.034482758620689655,34.48275862068965,26,2,56,66,,,,,,,,,,,,,,,,,,,,,,,
main,cable,20260715,patchcore_lite,156.0,34.0,34.0,224.0,0.14826974997413345,1827.859375,1800,691200,0.11833074997412041,0.995,0.9368440779610194,0.962934226362378,0.9746879374053918,0.6594896422245817,1.4849339723587036,0.05,34.0,34.0,True,0.02857142857142857,0.7948717948717948,0.7948717948717948,0.96875,0.6739130434782609,0.9655172413793104,0.8197151424287856,0.034482758620689655,34.48275862068965,62,2,56,30,,,,,,,,,,,,,,,,,,,,,,,
strong_baseline,cable,20260715,patchcore_wr50_compact,156.0,34.0,34.0,,1.2315643329930026,,1800,1843200,,,0.8646926536731634,0.9242009002307482,0.9497646035527507,0.5320184021057159,1.8764814138412476,0.05,34.0,34.0,True,0.02857142857142857,0.72,0.72,0.9310344827586207,0.5869565217391305,0.9310344827586207,0.7589955022488756,0.06896551724137931,68.9655172413793,54,4,54,38,,,,,,,256.0,,,,,,,,,,,,,,,,
main,cable,20260716,freqpatch_lite,156.0,34.0,34.0,224.0,0.14971904197591357,1765.765625,1800,691200,0.11958891697577201,0.995,0.9619565217391304,0.9785191614495161,0.9756477561617591,0.6723545219751649,1.6365230083465576,0.05,34.0,34.0,True,0.02857142857142857,0.7310344827586207,0.7310344827586207,1.0,0.5760869565217391,1.0,0.7880434782608696,0.0,0.0,53,0,58,39,,,,,,,,,,,,,,,,,,,,,,,
main,cable,20260716,frequency_only,156.0,34.0,34.0,224.0,0.14971904197591357,1753.96875,1800,691200,0.11958891697577201,0.995,0.5624062968515742,0.6885896967015046,0.6705049250909608,0.06510709439004461,2.2538275718688965,0.05,34.0,34.0,True,0.02857142857142857,0.08333333333333333,0.08333333333333333,1.0,0.043478260869565216,1.0,0.5217391304347826,0.0,0.0,4,0,58,88,,,,,,,,,,,,,,,,,,,,,,,
main,cable,20260716,padim_diag,156.0,34.0,34.0,224.0,0.14971904197591357,1761.390625,1800,691200,0.11958891697577201,0.995,0.7829835082458771,0.7984938555040757,0.9455379323852355,0.3218538781451653,11.695799827575684,0.05,34.0,34.0,True,0.02857142857142857,0.12,0.12,0.75,0.06521739130434782,0.9655172413793104,0.5153673163418291,0.034482758620689655,34.48275862068965,6,2,56,86,,,,,,,,,,,,,,,,,,,,,,,
main,cable,20260716,padim_freq_gate,156.0,34.0,34.0,224.0,0.14971904197591357,1765.765625,1800,691200,0.11958891697577201,0.995,0.7833583208395802,0.7989275344541591,0.9455354948689978,0.321960135883967,11.695799827575684,0.05,34.0,34.0,True,0.02857142857142857,0.12,0.12,0.75,0.06521739130434782,0.9655172413793104,0.5153673163418291,0.034482758620689655,34.48275862068965,6,2,56,86,,,,,,,,,,,,,,,,,,,,,,,
main,cable,20260716,patchcore_lite,156.0,34.0,34.0,224.0,0.14971904197591357,1765.765625,1800,691200,0.11958891697577201,0.995,0.9619565217391304,0.9785191614495161,0.9756520980270842,0.673867240664029,1.6365230083465576,0.05,34.0,34.0,True,0.02857142857142857,0.7310344827586207,0.7310344827586207,1.0,0.5760869565217391,1.0,0.7880434782608696,0.0,0.0,53,0,58,39,,,,,,,,,,,,,,,,,,,,,,,
strong_baseline,cable,20260716,patchcore_wr50_compact,156.0,34.0,34.0,,1.218663709005341,,1800,1843200,,,0.860944527736132,0.9210700031163216,0.9500377623502514,0.5324690578593465,1.9319849014282227,0.05,34.0,34.0,True,0.02857142857142857,0.6713286713286714,0.6713286713286714,0.9411764705882353,0.5217391304347826,0.9482758620689655,0.735007496251874,0.05172413793103448,51.724137931034484,48,3,55,44,,,,,,,256.0,,,,,,,,,,,,,,,,
main,capsule,20260714,freqpatch_lite,153.0,33.0,33.0,219.0,0.133536000008462,2007.171875,1800,691200,0.10754274998907931,0.995,0.7606701236537694,0.9271597998469643,0.9736782503317118,0.31635405905231345,1.3654834032058716,0.05,33.0,33.0,True,0.029411764705882353,0.5263157894736842,0.5263157894736842,0.9302325581395349,0.3669724770642202,0.8695652173913043,0.6182688472277622,0.13043478260869565,130.43478260869566,40,3,20,69,,,,,,,,,,,,,,,,,,,,,,,
main,capsule,20260714,frequency_only,153.0,33.0,33.0,219.0,0.133536000008462,2005.171875,1800,691200,0.10754274998907931,0.995,0.66094934184284,0.8739485545076111,0.8675457550924193,0.11103402276506112,9.23883056640625,0.05,33.0,33.0,True,0.029411764705882353,0.07017543859649122,0.07017543859649122,0.8,0.03669724770642202,0.9565217391304348,0.4966094934184284,0.043478260869565216,43.47826086956522,4,1,22,105,,,,,,,,,,,,,,,,,,,,,,,
main,capsule,20260714,padim_diag,153.0,33.0,33.0,219.0,0.133536000008462,2004.921875,1800,691200,0.10754274998907931,0.995,0.8292780215396889,0.9361535764846464,0.9547547388101552,0.1727682115791999,1.967374324798584,0.05,33.0,33.0,True,0.029411764705882353,0.7231638418079096,0.7231638418079096,0.9411764705882353,0.5871559633027523,0.8260869565217391,0.7066214599122458,0.17391304347826086,173.91304347826087,64,4,19,45,,,,,,,,,,,,,,,,,,,,,,,
main,capsule,20260714,padim_freq_gate,153.0,33.0,33.0,219.0,0.133536000008462,2007.234375,1800,691200,0.10754274998907931,0.995,0.8296769046669326,0.9371729444764915,0.9548324909491004,0.17526855384239381,2.0745620727539062,0.05,33.0,33.0,True,0.029411764705882353,0.6976744186046512,0.6976744186046512,0.9523809523809523,0.5504587155963303,0.8695652173913043,0.7100119664938174,0.13043478260869565,130.43478260869566,60,3,20,49,,,,,,,,,,,,,,,,,,,,,,,
main,capsule,20260714,patchcore_lite,153.0,33.0,33.0,219.0,0.133536000008462,2007.171875,1800,691200,0.10754274998907931,0.995,0.7606701236537694,0.9281676678606007,0.9737079442520158,0.3191391029450438,1.2997220754623413,0.05,33.0,33.0,True,0.029411764705882353,0.5359477124183006,0.5359477124183006,0.9318181818181818,0.3761467889908257,0.8695652173913043,0.622856003191065,0.13043478260869565,130.43478260869566,41,3,20,68,,,,,,,,,,,,,,,,,,,,,,,
strong_baseline,capsule,20260714,patchcore_wr50_compact,153.0,33.0,33.0,,1.0748491659760475,,1800,1843200,,,0.603111288392501,0.8594605853021579,0.9466153200707812,0.2609643441634964,2.404503345489502,0.05,33.0,33.0,True,0.029411764705882353,0.20967741935483872,0.20967741935483872,0.8666666666666667,0.11926605504587157,0.9130434782608695,0.5161547666533706,0.08695652173913043,86.95652173913044,13,2,21,96,,,,,,,256.0,,,,,,,,,,,,,,,,
main,capsule,20260715,freqpatch_lite,153.0,33.0,33.0,219.0,0.1385572089930065,2007.34375,1800,691200,0.11214874999132007,0.995,0.7638611886717193,0.9315709250650008,0.9749354787804786,0.332728940993668,2.047638177871704,0.05,33.0,33.0,True,0.029411764705882353,0.31007751937984496,0.31007751937984496,1.0,0.1834862385321101,1.0,0.591743119266055,0.0,0.0,20,0,23,89,,,,,,,,,,,,,,,,,,,,,,,
main,capsule,20260715,frequency_only,153.0,33.0,33.0,219.0,0.1385572089930065,2007.1875,1800,691200,0.11214874999132007,0.995,0.6601515755883526,0.873489214217035,0.863005279356281,0.11082657645482137,15.228607177734375,0.05,33.0,33.0,True,0.029411764705882353,0.01818181818181818,0.01818181818181818,1.0,0.009174311926605505,1.0,0.5045871559633027,0.0,0.0,1,0,23,108,,,,,,,,,,,,,,,,,,,,,,,
main,capsule,20260715,padim_diag,153.0,33.0,33.0,219.0,0.1385572089930065,2007.34375,1800,691200,0.11214874999132007,0.995,0.8193059433585959,0.9365887197736735,0.9524777882147767,0.1717865484066586,7.947271347045898,0.05,33.0,33.0,True,0.029411764705882353,0.24,0.24,0.9375,0.13761467889908258,0.9565217391304348,0.5470682090147587,0.043478260869565216,43.47826086956522,15,1,22,94,,,,,,,,,,,,,,,,,,,,,,,
main,capsule,20260715,padim_freq_gate,153.0,33.0,33.0,219.0,0.1385572089930065,2007.34375,1800,691200,0.11214874999132007,0.995,0.8205025927403271,0.9377475261439446,0.9525836947790758,0.17491304912635658,7.947271347045898,0.05,33.0,33.0,True,0.029411764705882353,0.2677165354330709,0.2677165354330709,0.9444444444444444,0.1559633027522936,0.9565217391304348,0.5562425209413642,0.043478260869565216,43.47826086956522,17,1,22,92,,,,,,,,,,,,,,,,,,,,,,,
main,capsule,20260715,patchcore_lite,153.0,33.0,33.0,219.0,0.1385572089930065,2007.34375,1800,691200,0.11214874999132007,0.995,0.7674511368169128,0.9331811492943014,0.9749795824301151,0.3353266881113157,1.9374144077301025,0.05,33.0,33.0,True,0.029411764705882353,0.31007751937984496,0.31007751937984496,1.0,0.1834862385321101,1.0,0.591743119266055,0.0,0.0,20,0,23,89,,,,,,,,,,,,,,,,,,,,,,,
strong_baseline,capsule,20260715,patchcore_wr50_compact,153.0,33.0,33.0,,1.0907875830016565,,1800,1843200,,,0.5883526126844835,0.8592255738558947,0.947537652287436,0.27042861421756526,2.247605323791504,0.05,33.0,33.0,True,0.029411764705882353,0.22580645161290322,0.22580645161290322,0.9333333333333333,0.12844036697247707,0.9565217391304348,0.5424810530514559,0.043478260869565216,43.47826086956522,14,1,22,95,,,,,,,256.0,,,,,,,,,,,,,,,,
main,capsule,20260716,freqpatch_lite,153.0,33.0,33.0,219.0,0.13631933301803656,2007.21875,1800,691200,0.10949641698971391,0.995,0.7850019944156363,0.9397850119774465,0.9744955236202277,0.32814768352113316,2.5234899520874023,0.05,33.0,33.0,True,0.029411764705882353,0.18333333333333332,0.18333333333333332,1.0,0.10091743119266056,1.0,0.5504587155963303,0.0,0.0,11,0,23,98,,,,,,,,,,,,,,,,,,,,,,,
main,capsule,20260716,frequency_only,153.0,33.0,33.0,219.0,0.13631933301803656,2007.390625,1800,691200,0.10949641698971391,0.995,0.6589549262066214,0.8733498349503916,0.8681382955844921,0.10984413062150868,8.246763229370117,0.05,33.0,33.0,True,0.029411764705882353,0.036036036036036036,0.036036036036036036,1.0,0.01834862385321101,1.0,0.5091743119266054,0.0,0.0,2,0,23,107,,,,,,,,,,,,,,,,,,,,,,,
main,capsule,20260716,padim_diag,153.0,33.0,33.0,219.0,0.13631933301803656,2007.21875,1800,691200,0.10949641698971391,0.995,0.8097327483047467,0.9299330207988205,0.9522666762576106,0.16704496879361566,18.751413345336914,0.05,33.0,33.0,True,0.029411764705882353,0.08771929824561403,0.08771929824561403,1.0,0.045871559633027525,1.0,0.5229357798165137,0.0,0.0,5,0,23,104,,,,,,,,,,,,,,,,,,,,,,,
main,capsule,20260716,padim_freq_gate,153.0,33.0,33.0,219.0,0.13631933301803656,2007.4375,1800,691200,0.10949641698971391,0.995,0.8113282808137217,0.9310167783399994,0.952353863906187,0.16939142190244535,18.751413345336914,0.05,33.0,33.0,True,0.029411764705882353,0.08771929824561403,0.08771929824561403,1.0,0.045871559633027525,1.0,0.5229357798165137,0.0,0.0,5,0,23,104,,,,,,,,,,,,,,,,,,,,,,,
main,capsule,20260716,patchcore_lite,153.0,33.0,33.0,219.0,0.13631933301803656,2007.21875,1800,691200,0.10949641698971391,0.995,0.7838053450339052,0.9392652313331755,0.974544215074603,0.3320539734853202,2.4445385932922363,0.05,33.0,33.0,True,0.029411764705882353,0.18333333333333332,0.18333333333333332,1.0,0.10091743119266056,1.0,0.5504587155963303,0.0,0.0,11,0,23,98,,,,,,,,,,,,,,,,,,,,,,,
strong_baseline,capsule,20260716,patchcore_wr50_compact,153.0,33.0,33.0,,1.070593958022073,,1800,1843200,,,0.5795771838851216,0.8530007058728226,0.9448577797624602,0.2714598599307247,3.007493734359741,0.05,33.0,33.0,True,0.029411764705882353,0.05309734513274336,0.05309734513274336,0.75,0.027522935779816515,0.9565217391304348,0.4920223374551257,0.043478260869565216,43.47826086956522,3,1,22,106,,,,,,,256.0,,,,,,,,,,,,,,,,
main,carpet,20260714,freqpatch_lite,196.0,42.0,42.0,280.0,0.16190070798620582,1742.515625,1800,691200,0.1232190000009723,0.995,0.9141252006420545,0.9736248894939271,0.9814747950842718,0.6078804210802371,1.5734189748764038,0.05,42.0,41.0,True,0.023255813953488372,0.9248554913294798,0.9248554913294798,0.9523809523809523,0.898876404494382,0.8571428571428571,0.8780096308186196,0.14285714285714285,142.85714285714286,80,4,24,9,,,,,,,,,,,,,,,,,,,,,,,
main,carpet,20260714,frequency_only,196.0,42.0,42.0,280.0,0.16190070798620582,1615.84375,1800,691200,0.1232190000009723,0.995,0.456661316211878,0.7723598174709133,0.7037167566683155,0.1482540634016993,1.681249976158142,0.05,42.0,41.0,True,0.023255813953488372,0.08602150537634409,0.08602150537634409,1.0,0.0449438202247191,1.0,0.5224719101123596,0.0,0.0,4,0,28,85,,,,,,,,,,,,,,,,,,,,,,,
main,carpet,20260714,padim_diag,196.0,42.0,42.0,280.0,0.16190070798620582,1742.453125,1800,691200,0.1232190000009723,0.995,0.920545746388443,0.9763280814444044,0.9790169212540925,0.36991457873640415,6.56131649017334,0.05,42.0,41.0,True,0.023255813953488372,0.8795180722891566,0.8795180722891566,0.948051948051948,0.8202247191011236,0.8571428571428571,0.8386837881219904,0.14285714285714285,142.85714285714286,73,4,24,16,,,,,,,,,,,,,,,,,,,,,,,
main,carpet,20260714,padim_freq_gate,196.0,42.0,42.0,280.0,0.16190070798620582,1742.53125,1800,691200,0.1232190000009723,0.995,0.9213483146067416,0.9766799000684645,0.9791575643787692,0.3735434204844428,6.56131649017334,0.05,42.0,41.0,True,0.023255813953488372,0.8795180722891566,0.8795180722891566,0.948051948051948,0.8202247191011236,0.8571428571428571,0.8386837881219904,0.14285714285714285,142.85714285714286,73,4,24,16,,,,,,,,,,,,,,,,,,,,,,,
main,carpet,20260714,patchcore_lite,196.0,42.0,42.0,280.0,0.16190070798620582,1742.515625,1800,691200,0.1232190000009723,0.995,0.9141252006420545,0.9734425626753929,0.9814281713189077,0.601076656150409,1.5734189748764038,0.05,42.0,41.0,True,0.023255813953488372,0.9248554913294798,0.9248554913294798,0.9523809523809523,0.898876404494382,0.8571428571428571,0.8780096308186196,0.14285714285714285,142.85714285714286,80,4,24,9,,,,,,,,,,,,,,,,,,,,,,,
strong_baseline,carpet,20260714,patchcore_wr50_compact,196.0,42.0,42.0,,1.1073370410013013,,1800,1843200,,,0.9803370786516854,0.9944347158089295,0.9823627241590608,0.4737807873886396,1.8284779787063599,0.05,42.0,41.0,True,0.023255813953488372,0.9529411764705882,0.9529411764705882,1.0,0.9101123595505618,1.0,0.9550561797752809,0.0,0.0,81,0,28,8,,,,,,,256.0,,,,,,,,,,,,,,,,
main,carpet,20260715,freqpatch_lite,196.0,42.0,42.0,280.0,0.14604316701297648,1750.53125,1800,691200,0.11137408300419338,0.995,0.9097110754414125,0.9728298569492667,0.9812385486169645,0.6078022458879537,1.595776915550232,0.05,42.0,41.0,True,0.023255813953488372,0.9257142857142857,0.9257142857142857,0.9418604651162791,0.9101123595505618,0.8214285714285714,0.8657704654895666,0.17857142857142858,178.57142857142858,81,5,23,8,,,,,,,,,,,,,,,,,,,,,,,
main,carpet,20260715,frequency_only,196.0,42.0,42.0,280.0,0.14604316701297648,1743.671875,1800,691200,0.11137408300419338,0.995,0.4723113964686998,0.7755129751453484,0.7062600685789343,0.1535251600283926,1.2735480070114136,0.05,42.0,41.0,True,0.023255813953488372,0.25,0.25,0.8666666666666667,0.14606741573033707,0.9285714285714286,0.5373194221508828,0.07142857142857142,71.42857142857143,13,2,26,76,,,,,,,,,,,,,,,,,,,,,,,
main,carpet,20260715,padim_diag,196.0,42.0,42.0,280.0,0.14604316701297648,1750.390625,1800,691200,0.11137408300419338,0.995,0.9205457463884429,0.976284838894202,0.9792509599081503,0.36756263576591264,10.155586242675781,0.05,42.0,41.0,True,0.023255813953488372,0.8258064516129032,0.8258064516129032,0.9696969696969697,0.7191011235955056,0.9285714285714286,0.8238362760834671,0.07142857142857142,71.42857142857143,64,2,26,25,,,,,,,,,,,,,,,,,,,,,,,
main,carpet,20260715,padim_freq_gate,196.0,42.0,42.0,280.0,0.14604316701297648,1750.390625,1800,691200,0.11137408300419338,0.995,0.9213483146067415,0.9765176403275938,0.9793735353598858,0.370213679834211,10.155586242675781,0.05,42.0,41.0,True,0.023255813953488372,0.8258064516129032,0.8258064516129032,0.9696969696969697,0.7191011235955056,0.9285714285714286,0.8238362760834671,0.07142857142857142,71.42857142857143,64,2,26,25,,,,,,,,,,,,,,,,,,,,,,,
main,carpet,20260715,patchcore_lite,196.0,42.0,42.0,280.0,0.14604316701297648,1750.53125,1800,691200,0.11137408300419338,0.995,0.9085072231139647,0.9722908430425893,0.9811999413675782,0.60140111809217,1.595776915550232,0.05,42.0,41.0,True,0.023255813953488372,0.9257142857142857,0.9257142857142857,0.9418604651162791,0.9101123595505618,0.8214285714285714,0.8657704654895666,0.17857142857142858,178.57142857142858,81,5,23,8,,,,,,,,,,,,,,,,,,,,,,,
strong_baseline,carpet,20260715,patchcore_wr50_compact,196.0,42.0,42.0,,1.0895660829846747,,1800,1843200,,,0.9715088282504011,0.9923308563925183,0.983503877391863,0.48328915894743807,1.8044532537460327,0.05,42.0,41.0,True,0.023255813953488372,0.9529411764705882,0.9529411764705882,1.0,0.9101123595505618,1.0,0.9550561797752809,0.0,0.0,81,0,28,8,,,,,,,256.0,,,,,,,,,,,,,,,,
main,carpet,20260716,freqpatch_lite,196.0,42.0,42.0,280.0,0.14623595899320208,1879.734375,1800,691200,0.11158133301069029,0.995,0.9113162118780096,0.9705703786974139,0.9825983189403011,0.6162767757001963,1.7206321954727173,0.05,42.0,41.0,True,0.023255813953488372,0.9101796407185628,0.9101796407185628,0.9743589743589743,0.8539325842696629,0.9285714285714286,0.8912520064205458,0.07142857142857142,71.42857142857143,76,2,26,13,,,,,,,,,,,,,,,,,,,,,,,
main,carpet,20260716,frequency_only,196.0,42.0,42.0,280.0,0.14623595899320208,1751.796875,1800,691200,0.11158133301069029,0.995,0.4337881219903692,0.7597243264306632,0.7055866313898449,0.14763678247877557,1.4530394077301025,0.05,42.0,41.0,True,0.023255813953488372,0.18,0.18,0.8181818181818182,0.10112359550561797,0.9285714285714286,0.5148475120385233,0.07142857142857142,71.42857142857143,9,2,26,80,,,,,,,,,,,,,,,,,,,,,,,
main,carpet,20260716,padim_diag,196.0,42.0,42.0,280.0,0.14623595899320208,1879.765625,1800,691200,0.11158133301069029,0.995,0.913322632423756,0.9740992923915102,0.9790643664439356,0.36518283252079264,6.784360408782959,0.05,42.0,41.0,True,0.023255813953488372,0.8809523809523809,0.8809523809523809,0.9367088607594937,0.8314606741573034,0.8214285714285714,0.8264446227929374,0.17857142857142858,178.57142857142858,74,5,23,15,,,,,,,,,,,,,,,,,,,,,,,
main,carpet,20260716,padim_freq_gate,196.0,42.0,42.0,280.0,0.14623595899320208,1879.78125,1800,691200,0.11158133301069029,0.995,0.9149277688603532,0.9747293240327777,0.9791936472475952,0.36828072667869455,6.784360408782959,0.05,42.0,41.0,True,0.023255813953488372,0.8809523809523809,0.8809523809523809,0.9367088607594937,0.8314606741573034,0.8214285714285714,0.8264446227929374,0.17857142857142858,178.57142857142858,74,5,23,15,,,,,,,,,,,,,,,,,,,,,,,
main,carpet,20260716,patchcore_lite,196.0,42.0,42.0,280.0,0.14623595899320208,1879.734375,1800,691200,0.11158133301069029,0.995,0.9113162118780096,0.9705703786974139,0.9825569764411273,0.6101254262448862,1.7206321954727173,0.05,42.0,41.0,True,0.023255813953488372,0.9101796407185628,0.9101796407185628,0.9743589743589743,0.8539325842696629,0.9285714285714286,0.8912520064205458,0.07142857142857142,71.42857142857143,76,2,26,13,,,,,,,,,,,,,,,,,,,,,,,
strong_baseline,carpet,20260716,patchcore_wr50_compact,196.0,42.0,42.0,,1.1014653330203146,,1800,1843200,,,0.9775280898876404,0.9937872174601858,0.9831278673883294,0.47802002861357656,1.4934964179992676,0.05,42.0,41.0,True,0.023255813953488372,0.9540229885057471,0.9540229885057471,0.9764705882352941,0.9325842696629213,0.9285714285714286,0.930577849117175,0.07142857142857142,71.42857142857143,83,2,26,6,,,,,,,256.0,,,,,,,,,,,,,,,,
main,grid,20260714,freqpatch_lite,184.0,40.0,40.0,264.0,0.1026169579999987,1963.28125,1800,691200,0.07644887501373887,0.995,0.4770258980785297,0.7261418660586544,0.8637731699413423,0.05605845316703718,1.598124623298645,0.05,40.0,39.0,True,0.024390243902439025,0.034482758620689655,0.034482758620689655,1.0,0.017543859649122806,1.0,0.5087719298245614,0.0,0.0,1,0,21,56,,,,,,,,,,,,,,,,,,,,,,,
main,grid,20260714,frequency_only,184.0,40.0,40.0,264.0,0.1026169579999987,1959.46875,1800,691200,0.07644887501373887,0.995,0.379281537176274,0.6738537317388562,0.4914877392765251,0.006496587857260327,1.1537330150604248,0.05,40.0,39.0,True,0.024390243902439025,0.2894736842105263,0.2894736842105263,0.5789473684210527,0.19298245614035087,0.6190476190476191,0.40601503759398494,0.38095238095238093,380.9523809523809,11,8,13,46,,,,,,,,,,,,,,,,,,,,,,,
main,grid,20260714,padim_diag,184.0,40.0,40.0,264.0,0.1026169579999987,1962.25,1800,691200,0.07644887501373887,0.995,0.7050960735171262,0.8594304222308903,0.9005502486776804,0.07820343720351372,5.570030689239502,0.05,40.0,39.0,True,0.024390243902439025,0.43243243243243246,0.43243243243243246,0.9411764705882353,0.2807017543859649,0.9523809523809523,0.6165413533834586,0.047619047619047616,47.61904761904761,16,1,20,41,,,,,,,,,,,,,,,,,,,,,,,
main,grid,20260714,padim_freq_gate,184.0,40.0,40.0,264.0,0.1026169579999987,1963.625,1800,691200,0.07644887501373887,0.995,0.7059314954051795,0.860151922952391,0.9005496611227346,0.0782924521021175,5.570030689239502,0.05,40.0,39.0,True,0.024390243902439025,0.43243243243243246,0.43243243243243246,0.9411764705882353,0.2807017543859649,0.9523809523809523,0.6165413533834586,0.047619047619047616,47.61904761904761,16,1,20,41,,,,,,,,,,,,,,,,,,,,,,,
main,grid,20260714,patchcore_lite,184.0,40.0,40.0,264.0,0.1026169579999987,1963.28125,1800,691200,0.07644887501373887,0.995,0.47786131996658315,0.7282304207787881,0.8637721673104766,0.056026532192424094,1.598124623298645,0.05,40.0,39.0,True,0.024390243902439025,0.034482758620689655,0.034482758620689655,1.0,0.017543859649122806,1.0,0.5087719298245614,0.0,0.0,1,0,21,56,,,,,,,,,,,,,,,,,,,,,,,
strong_baseline,grid,20260714,patchcore_wr50_compact,184.0,40.0,40.0,,0.688942707987735,,1800,1843200,,,0.6240601503759399,0.8440872708780537,0.8967207802714677,0.12711847342617852,1.4912116527557373,0.05,40.0,39.0,True,0.024390243902439025,0.4675324675324675,0.4675324675324675,0.9,0.3157894736842105,0.9047619047619048,0.6102756892230576,0.09523809523809523,95.23809523809523,18,2,19,39,,,,,,,256.0,,,,,,,,,,,,,,,,
main,grid,20260715,freqpatch_lite,184.0,40.0,40.0,264.0,0.1063942080072593,1965.375,1800,691200,0.07909474999178201,0.995,0.6031746031746031,0.783916481288955,0.8535462450962336,0.056086999252776694,1.3953793048858643,0.05,40.0,39.0,True,0.024390243902439025,0.30985915492957744,0.30985915492957744,0.7857142857142857,0.19298245614035087,0.8571428571428571,0.525062656641604,0.14285714285714285,142.85714285714286,11,3,18,46,,,,,,,,,,,,,,,,,,,,,,,
main,grid,20260715,frequency_only,184.0,40.0,40.0,264.0,0.1063942080072593,1965.90625,1800,691200,0.07909474999178201,0.995,0.3767752715121136,0.6774690580161953,0.4931168108372108,0.006508745644986005,1.2064582109451294,0.05,40.0,39.0,True,0.024390243902439025,0.19718309859154928,0.19718309859154928,0.5,0.12280701754385964,0.6666666666666666,0.39473684210526316,0.3333333333333333,333.3333333333333,7,7,14,50,,,,,,,,,,,,,,,,,,,,,,,
main,grid,20260715,padim_diag,184.0,40.0,40.0,264.0,0.1063942080072593,1965.390625,1800,691200,0.07909474999178201,0.995,0.7134502923976608,0.8631501247812147,0.8974718227135509,0.07926661676203021,6.148828506469727,0.05,40.0,39.0,True,0.024390243902439025,0.4266666666666667,0.4266666666666667,0.8888888888888888,0.2807017543859649,0.9047619047619048,0.5927318295739348,0.09523809523809523,95.23809523809523,16,2,19,41,,,,,,,,,,,,,,,,,,,,,,,
main,grid,20260715,padim_freq_gate,184.0,40.0,40.0,264.0,0.1063942080072593,1965.390625,1800,691200,0.07909474999178201,0.995,0.7134502923976608,0.8631501247812147,0.8974703769786264,0.079259611506242,6.148828506469727,0.05,40.0,39.0,True,0.024390243902439025,0.4266666666666667,0.4266666666666667,0.8888888888888888,0.2807017543859649,0.9047619047619048,0.5927318295739348,0.09523809523809523,95.23809523809523,16,2,19,41,,,,,,,,,,,,,,,,,,,,,,,
main,grid,20260715,patchcore_lite,184.0,40.0,40.0,264.0,0.1063942080072593,1965.375,1800,691200,0.07909474999178201,0.995,0.6031746031746031,0.783916481288955,0.8535460687869807,0.05608147674000646,1.3953793048858643,0.05,40.0,39.0,True,0.024390243902439025,0.30985915492957744,0.30985915492957744,0.7857142857142857,0.19298245614035087,0.8571428571428571,0.525062656641604,0.14285714285714285,142.85714285714286,11,3,18,46,,,,,,,,,,,,,,,,,,,,,,,
strong_baseline,grid,20260715,patchcore_wr50_compact,184.0,40.0,40.0,,0.6314864579762798,,1800,1843200,,,0.6148705096073516,0.8449656450690674,0.891003002252022,0.12031910409936261,1.4211533069610596,0.05,40.0,39.0,True,0.024390243902439025,0.5542168674698795,0.5542168674698795,0.8846153846153846,0.40350877192982454,0.8571428571428571,0.6303258145363408,0.14285714285714285,142.85714285714286,23,3,18,34,,,,,,,256.0,,,,,,,,,,,,,,,,
main,grid,20260716,freqpatch_lite,184.0,40.0,40.0,264.0,0.1058220419799909,1970.75,1800,691200,0.07858112500980496,0.995,0.5998329156223894,0.7981760797070895,0.857602341371605,0.057379289246483375,1.3481941223144531,0.05,40.0,39.0,True,0.024390243902439025,0.4691358024691358,0.4691358024691358,0.7916666666666666,0.3333333333333333,0.7619047619047619,0.5476190476190476,0.23809523809523808,238.09523809523807,19,5,16,38,,,,,,,,,,,,,,,,,,,,,,,
main,grid,20260716,frequency_only,184.0,40.0,40.0,264.0,0.1058220419799909,1968.078125,1800,691200,0.07858112500980496,0.995,0.3909774436090226,0.6904373839490076,0.4913693417703643,0.006455021317705859,1.1602652072906494,0.05,40.0,39.0,True,0.024390243902439025,0.24324324324324326,0.24324324324324326,0.5294117647058824,0.15789473684210525,0.6190476190476191,0.3884711779448622,0.38095238095238093,380.9523809523809,9,8,13,48,,,,,,,,,,,,,,,,,,,,,,,
main,grid,20260716,padim_diag,184.0,40.0,40.0,264.0,0.1058220419799909,1971.046875,1800,691200,0.07858112500980496,0.995,0.7226399331662489,0.8664554936298214,0.8977664251109192,0.07941616841924395,10.027534484863281,0.05,40.0,39.0,True,0.024390243902439025,0.43243243243243246,0.43243243243243246,0.9411764705882353,0.2807017543859649,0.9523809523809523,0.6165413533834586,0.047619047619047616,47.61904761904761,16,1,20,41,,,,,,,,,,,,,,,,,,,,,,,
main,grid,20260716,padim_freq_gate,184.0,40.0,40.0,264.0,0.1058220419799909,1973.703125,1800,691200,0.07858112500980496,0.995,0.7234753550543024,0.8670124415551905,0.8977643838754663,0.07942873734881577,10.030364990234375,0.05,40.0,39.0,True,0.024390243902439025,0.43243243243243246,0.43243243243243246,0.9411764705882353,0.2807017543859649,0.9523809523809523,0.6165413533834586,0.047619047619047616,47.61904761904761,16,1,20,41,,,,,,,,,,,,,,,,,,,,,,,
main,grid,20260716,patchcore_lite,184.0,40.0,40.0,264.0,0.1058220419799909,1970.75,1800,691200,0.07858112500980496,0.995,0.5998329156223894,0.7981760797070895,0.8576023419513663,0.05737931691300495,1.3481941223144531,0.05,40.0,39.0,True,0.024390243902439025,0.4691358024691358,0.4691358024691358,0.7916666666666666,0.3333333333333333,0.7619047619047619,0.5476190476190476,0.23809523809523808,238.09523809523807,19,5,16,38,,,,,,,,,,,,,,,,,,,,,,,
strong_baseline,grid,20260716,patchcore_wr50_compact,184.0,40.0,40.0,,0.6051903339975979,,1800,1843200,,,0.6357560568086884,0.8553460736419894,0.8939331867062036,0.13047622903558273,1.3741106986999512,0.05,40.0,39.0,True,0.024390243902439025,0.5609756097560976,0.5609756097560976,0.92,0.40350877192982454,0.9047619047619048,0.6541353383458647,0.09523809523809523,95.23809523809523,23,2,19,34,,,,,,,256.0,,,,,,,,,,,,,,,,
main,hazelnut,20260714,freqpatch_lite,273.0,59.0,59.0,391.0,0.17769670899724588,1600.78125,1800,691200,0.12965837499359623,0.995,0.9957142857142857,0.9976612184522662,0.9800611420700411,0.5218455295404647,1.3379751443862915,0.05,59.0,57.0,True,0.016666666666666666,0.9312977099236641,0.9312977099236641,1.0,0.8714285714285714,1.0,0.9357142857142857,0.0,0.0,61,0,40,9,,,,,,,,,,,,,,,,,,,,,,,
main,hazelnut,20260714,frequency_only,273.0,59.0,59.0,391.0,0.17769670899724588,1567.5,1800,691200,0.12965837499359623,0.995,0.6092857142857143,0.6880096863625369,0.9419690478714527,0.2648392207019483,3.7219676971435547,0.05,59.0,57.0,True,0.016666666666666666,0.12987012987012986,0.12987012987012986,0.7142857142857143,0.07142857142857142,0.95,0.5107142857142857,0.05,50.0,5,2,38,65,,,,,,,,,,,,,,,,,,,,,,,
main,hazelnut,20260714,padim_diag,273.0,59.0,59.0,391.0,0.17769670899724588,1601.75,1800,691200,0.12965837499359623,0.995,0.615,0.7283272474637954,0.9391829168379734,0.22486629864790508,2.877405881881714,0.05,59.0,57.0,True,0.016666666666666666,0.27586206896551724,0.27586206896551724,0.7058823529411765,0.17142857142857143,0.875,0.5232142857142857,0.125,125.0,12,5,35,58,,,,,,,,,,,,,,,,,,,,,,,
main,hazelnut,20260714,padim_freq_gate,273.0,59.0,59.0,391.0,0.17769670899724588,1603.328125,1800,691200,0.12965837499359623,0.995,0.6117857142857143,0.7228507160267745,0.9391857580959874,0.2249299851134233,2.877405881881714,0.05,59.0,57.0,True,0.016666666666666666,0.27586206896551724,0.27586206896551724,0.7058823529411765,0.17142857142857143,0.875,0.5232142857142857,0.125,125.0,12,5,35,58,,,,,,,,,,,,,,,,,,,,,,,
main,hazelnut,20260714,patchcore_lite,273.0,59.0,59.0,391.0,0.17769670899724588,1600.78125,1800,691200,0.12965837499359623,0.995,0.9957142857142857,0.9976612184522662,0.9800206064033508,0.5170868893041927,1.3379751443862915,0.05,59.0,57.0,True,0.016666666666666666,0.9312977099236641,0.9312977099236641,1.0,0.8714285714285714,1.0,0.9357142857142857,0.0,0.0,61,0,40,9,,,,,,,,,,,,,,,,,,,,,,,
strong_baseline,hazelnut,20260714,patchcore_wr50_compact,273.0,59.0,59.0,,0.9798558750189841,,1800,1843200,,,0.9999999999999999,1.0,0.9811234998236789,0.49859674766114004,1.2702831029891968,0.05,59.0,57.0,True,0.016666666666666666,1.0,1.0,1.0,1.0,1.0,1.0,0.0,0.0,70,0,40,0,,,,,,,256.0,,,,,,,,,,,,,,,,
main,hazelnut,20260715,freqpatch_lite,273.0,59.0,59.0,391.0,0.1745627080090344,1642.125,1800,691200,0.13009424999472685,0.995,0.9999999999999999,1.0,0.977435897983205,0.5071496952920228,1.2149407863616943,0.05,59.0,57.0,True,0.016666666666666666,0.9705882352941176,0.9705882352941176,1.0,0.9428571428571428,1.0,0.9714285714285714,0.0,0.0,66,0,40,4,,,,,,,,,,,,,,,,,,,,,,,
main,hazelnut,20260715,frequency_only,273.0,59.0,59.0,391.0,0.1745627080090344,1643.15625,1800,691200,0.13009424999472685,0.995,0.6057142857142859,0.6817278425349413,0.9421272609722114,0.25884133236483414,3.4173903465270996,0.05,59.0,57.0,True,0.016666666666666666,0.0,0.0,0.0,0.0,1.0,0.5,0.0,0.0,0,0,40,70,,,,,,,,,,,,,,,,,,,,,,,
main,hazelnut,20260715,padim_diag,273.0,59.0,59.0,391.0,0.1745627080090344,1643.3125,1800,691200,0.13009424999472685,0.995,0.6028571428571429,0.7210093094531761,0.9343226350033483,0.2090801153421767,6.189639091491699,0.05,59.0,57.0,True,0.016666666666666666,0.05555555555555555,0.05555555555555555,1.0,0.02857142857142857,1.0,0.5142857142857142,0.0,0.0,2,0,40,68,,,,,,,,,,,,,,,,,,,,,,,
main,hazelnut,20260715,padim_freq_gate,273.0,59.0,59.0,391.0,0.1745627080090344,1643.3125,1800,691200,0.13009424999472685,0.995,0.6042857142857142,0.719885428584353,0.9343176646128161,0.20894393970027375,6.189639091491699,0.05,59.0,57.0,True,0.016666666666666666,0.05555555555555555,0.05555555555555555,1.0,0.02857142857142857,1.0,0.5142857142857142,0.0,0.0,2,0,40,68,,,,,,,,,,,,,,,,,,,,,,,
main,hazelnut,20260715,patchcore_lite,273.0,59.0,59.0,391.0,0.1745627080090344,1642.125,1800,691200,0.13009424999472685,0.995,0.9999999999999999,1.0,0.9774265484395941,0.5058123711888625,1.2149407863616943,0.05,59.0,57.0,True,0.016666666666666666,0.9705882352941176,0.9705882352941176,1.0,0.9428571428571428,1.0,0.9714285714285714,0.0,0.0,66,0,40,4,,,,,,,,,,,,,,,,,,,,,,,
strong_baseline,hazelnut,20260715,patchcore_wr50_compact,273.0,59.0,59.0,,0.9170554579759482,,1800,1843200,,,0.9999999999999999,1.0,0.980355133384168,0.5073307883165947,1.2659542560577393,0.05,59.0,57.0,True,0.016666666666666666,0.9928057553956835,0.9928057553956835,1.0,0.9857142857142858,1.0,0.9928571428571429,0.0,0.0,69,0,40,1,,,,,,,256.0,,,,,,,,,,,,,,,,
main,hazelnut,20260716,freqpatch_lite,273.0,59.0,59.0,391.0,0.17630787499365397,1648.625,1800,691200,0.13178412499837577,0.995,0.9864285714285714,0.9920259055437222,0.978761221712339,0.49679727206722235,1.2610023021697998,0.05,59.0,57.0,True,0.016666666666666666,0.9090909090909091,0.9090909090909091,0.967741935483871,0.8571428571428571,0.95,0.9035714285714285,0.05,50.0,60,2,38,10,,,,,,,,,,,,,,,,,,,,,,,
main,hazelnut,20260716,frequency_only,273.0,59.0,59.0,391.0,0.17630787499365397,1649.625,1800,691200,0.13178412499837577,0.995,0.6128571428571429,0.6777458694365364,0.94377682176554,0.26715092906499205,3.090402841567993,0.05,59.0,57.0,True,0.016666666666666666,0.17073170731707318,0.17073170731707318,0.5833333333333334,0.1,0.875,0.4875,0.125,125.0,7,5,35,63,,,,,,,,,,,,,,,,,,,,,,,
main,hazelnut,20260716,padim_diag,273.0,59.0,59.0,391.0,0.17630787499365397,1649.84375,1800,691200,0.13178412499837577,0.995,0.6246428571428572,0.7322802765158318,0.9377760824400118,0.21510935239892087,2.780585765838623,0.05,59.0,57.0,True,0.016666666666666666,0.32967032967032966,0.32967032967032966,0.7142857142857143,0.21428571428571427,0.85,0.5321428571428571,0.15,150.0,15,6,34,55,,,,,,,,,,,,,,,,,,,,,,,
main,hazelnut,20260716,padim_freq_gate,273.0,59.0,59.0,391.0,0.17630787499365397,1649.96875,1800,691200,0.13178412499837577,0.995,0.6210714285714285,0.7263099313285711,0.937776962520916,0.21511731054492192,2.780585765838623,0.05,59.0,57.0,True,0.016666666666666666,0.32967032967032966,0.32967032967032966,0.7142857142857143,0.21428571428571427,0.85,0.5321428571428571,0.15,150.0,15,6,34,55,,,,,,,,,,,,,,,,,,,,,,,
main,hazelnut,20260716,patchcore_lite,273.0,59.0,59.0,391.0,0.17630787499365397,1648.625,1800,691200,0.13178412499837577,0.995,0.9864285714285714,0.9920259055437222,0.9787329775311759,0.49330236530569044,1.2610023021697998,0.05,59.0,57.0,True,0.016666666666666666,0.9090909090909091,0.9090909090909091,0.967741935483871,0.8571428571428571,0.95,0.9035714285714285,0.05,50.0,60,2,38,10,,,,,,,,,,,,,,,,,,,,,,,
strong_baseline,hazelnut,20260716,patchcore_wr50_compact,273.0,59.0,59.0,,0.9186065419926308,,1800,1843200,,,0.9985714285714286,0.9991775877527986,0.9792003478044524,0.4778987202025932,1.4829821586608887,0.05,59.0,57.0,True,0.016666666666666666,0.9629629629629629,0.9629629629629629,1.0,0.9285714285714286,1.0,0.9642857142857143,0.0,0.0,65,0,40,5,,,,,,,256.0,,,,,,,,,,,,,,,,
main,leather,20260714,freqpatch_lite,171.0,37.0,37.0,245.0,0.13311075000092387,1961.40625,1800,691200,0.10389583298820071,0.995,0.9966032608695652,0.9988181500187222,0.9926227004905988,0.45771778417219966,2.45367169380188,0.05,37.0,37.0,True,0.02631578947368421,0.9891304347826086,0.9891304347826086,0.9891304347826086,0.9891304347826086,0.96875,0.9789402173913043,0.03125,31.25,91,1,31,1,,,,,,,,,,,,,,,,,,,,,,,
main,leather,20260714,frequency_only,171.0,37.0,37.0,245.0,0.13311075000092387,1925.671875,1800,691200,0.10389583298820071,0.995,0.727921195652174,0.9015150755397012,0.7543912895076275,0.21176843618370747,1.9267656803131104,0.05,37.0,37.0,True,0.02631578947368421,0.8080808080808081,0.8080808080808081,0.7547169811320755,0.8695652173913043,0.1875,0.5285326086956521,0.8125,812.5,80,26,6,12,,,,,,,,,,,,,,,,,,,,,,,
main,leather,20260714,padim_diag,171.0,37.0,37.0,245.0,0.13311075000092387,1927.234375,1800,691200,0.10389583298820071,0.995,0.9847146739130435,0.994847753263505,0.9762605553469091,0.17440705177533106,6.011021614074707,0.05,37.0,37.0,True,0.02631578947368421,0.9438202247191011,0.9438202247191011,0.9767441860465116,0.9130434782608695,0.9375,0.9252717391304348,0.0625,62.5,84,2,30,8,,,,,,,,,,,,,,,,,,,,,,,
main,leather,20260714,padim_freq_gate,171.0,37.0,37.0,245.0,0.13311075000092387,1979.15625,1800,691200,0.10389583298820071,0.995,0.9850543478260869,0.9949532596018372,0.9770269713924856,0.18589544194008564,6.011021614074707,0.05,37.0,37.0,True,0.02631578947368421,0.9497206703910615,0.9497206703910615,0.9770114942528736,0.9239130434782609,0.9375,0.9307065217391304,0.0625,62.5,85,2,30,7,,,,,,,,,,,,,,,,,,,,,,,
main,leather,20260714,patchcore_lite,171.0,37.0,37.0,245.0,0.13311075000092387,1961.40625,1800,691200,0.10389583298820071,0.995,0.9989809782608696,0.9996455297350169,0.9922245431695949,0.43799406695872667,2.45367169380188,0.05,37.0,37.0,True,0.02631578947368421,0.9836065573770492,0.9836065573770492,0.989010989010989,0.9782608695652174,0.96875,0.9735054347826086,0.03125,31.25,90,1,31,2,,,,,,,,,,,,,,,,,,,,,,,
strong_baseline,leather,20260714,patchcore_wr50_compact,171.0,37.0,37.0,,1.1898640840081498,,1800,1843200,,,1.0,1.0,0.9925792367294413,0.4003571373996823,2.141331911087036,0.05,37.0,37.0,True,0.02631578947368421,0.9777777777777777,0.9777777777777777,1.0,0.9565217391304348,1.0,0.9782608695652174,0.0,0.0,88,0,32,4,,,,,,,256.0,,,,,,,,,,,,,,,,
main,leather,20260715,freqpatch_lite,171.0,37.0,37.0,245.0,0.15109808300621808,2133.078125,1800,691200,0.10575854199123569,0.995,0.9969429347826086,0.9988999039930214,0.9926792248758252,0.45557151413627217,2.010432243347168,0.05,37.0,37.0,True,0.02631578947368421,0.989247311827957,0.989247311827957,0.9787234042553191,1.0,0.9375,0.96875,0.0625,62.5,92,2,30,0,,,,,,,,,,,,,,,,,,,,,,,
main,leather,20260715,frequency_only,171.0,37.0,37.0,245.0,0.15109808300621808,2134.0625,1800,691200,0.10575854199123569,0.995,0.7224864130434783,0.9025178714313887,0.757857945121047,0.21506373160608425,1.0598173141479492,0.05,37.0,37.0,True,0.02631578947368421,0.8411214953271028,0.8411214953271028,0.7377049180327869,0.9782608695652174,0.0,0.4891304347826087,1.0,1000.0,90,32,0,2,,,,,,,,,,,,,,,,,,,,,,,
main,leather,20260715,padim_diag,171.0,37.0,37.0,245.0,0.15109808300621808,2134.03125,1800,691200,0.10575854199123569,0.995,0.9853940217391304,0.9949981554531246,0.9756836041288809,0.16760434593871934,8.695479393005371,0.05,37.0,37.0,True,0.02631578947368421,0.9371428571428572,0.9371428571428572,0.9879518072289156,0.8913043478260869,0.96875,0.9300271739130435,0.03125,31.25,82,1,31,10,,,,,,,,,,,,,,,,,,,,,,,
main,leather,20260715,padim_freq_gate,171.0,37.0,37.0,245.0,0.15109808300621808,2130.71875,1800,691200,0.10575854199123569,0.995,0.9864130434782609,0.9953285919755597,0.9763998031861242,0.17731810582489788,8.695479393005371,0.05,37.0,37.0,True,0.02631578947368421,0.9378531073446328,0.9378531073446328,0.9764705882352941,0.9021739130434783,0.9375,0.9198369565217391,0.0625,62.5,83,2,30,9,,,,,,,,,,,,,,,,,,,,,,,
main,leather,20260715,patchcore_lite,171.0,37.0,37.0,245.0,0.15109808300621808,2133.078125,1800,691200,0.10575854199123569,0.995,0.998641304347826,0.999524756788157,0.9923236405517719,0.4370430627787518,2.010432243347168,0.05,37.0,37.0,True,0.02631578947368421,0.9945945945945946,0.9945945945945946,0.989247311827957,1.0,0.96875,0.984375,0.03125,31.25,92,1,31,0,,,,,,,,,,,,,,,,,,,,,,,
strong_baseline,leather,20260715,patchcore_wr50_compact,171.0,37.0,37.0,,1.1126018749782816,,1800,1843200,,,1.0,1.0,0.9926571448919312,0.4020904297201099,1.5406407117843628,0.05,37.0,37.0,True,0.02631578947368421,0.9945945945945946,0.9945945945945946,0.989247311827957,1.0,0.96875,0.984375,0.03125,31.25,92,1,31,0,,,,,,,256.0,,,,,,,,,,,,,,,,
main,leather,20260716,freqpatch_lite,171.0,37.0,37.0,245.0,0.13455054198857397,2129.734375,1800,691200,0.10652875000960194,0.995,0.9966032608695652,0.9988014088483037,0.9925268788277144,0.4534460770787013,2.5134689807891846,0.05,37.0,37.0,True,0.02631578947368421,0.9891304347826086,0.9891304347826086,0.9891304347826086,0.9891304347826086,0.96875,0.9789402173913043,0.03125,31.25,91,1,31,1,,,,,,,,,,,,,,,,,,,,,,,
main,leather,20260716,frequency_only,171.0,37.0,37.0,245.0,0.13455054198857397,2130.875,1800,691200,0.10652875000960194,0.995,0.7204483695652174,0.9008835242513829,0.7564916248880892,0.21402545653722754,1.2157132625579834,0.05,37.0,37.0,True,0.02631578947368421,0.8301886792452831,0.8301886792452831,0.7333333333333333,0.9565217391304348,0.0,0.4782608695652174,1.0,1000.0,88,32,0,4,,,,,,,,,,,,,,,,,,,,,,,
main,leather,20260716,padim_diag,171.0,37.0,37.0,245.0,0.13455054198857397,2130.734375,1800,691200,0.10652875000960194,0.995,0.9894701086956521,0.996400575693336,0.9765989432280247,0.17705904295771757,9.493099212646484,0.05,37.0,37.0,True,0.02631578947368421,0.9485714285714286,0.9485714285714286,1.0,0.9021739130434783,1.0,0.9510869565217391,0.0,0.0,83,0,32,9,,,,,,,,,,,,,,,,,,,,,,,
main,leather,20260716,padim_freq_gate,171.0,37.0,37.0,245.0,0.13455054198857397,2123.453125,1800,691200,0.10652875000960194,0.995,0.9901494565217391,0.9966504507558047,0.9772968720628963,0.18778844363319744,9.493099212646484,0.05,37.0,37.0,True,0.02631578947368421,0.9485714285714286,0.9485714285714286,1.0,0.9021739130434783,1.0,0.9510869565217391,0.0,0.0,83,0,32,9,,,,,,,,,,,,,,,,,,,,,,,
main,leather,20260716,patchcore_lite,171.0,37.0,37.0,245.0,0.13455054198857397,2129.734375,1800,691200,0.10652875000960194,0.995,0.9983016304347826,0.9994026268418942,0.9921744531832052,0.4351796292817445,2.5134689807891846,0.05,37.0,37.0,True,0.02631578947368421,0.9836065573770492,0.9836065573770492,0.989010989010989,0.9782608695652174,0.96875,0.9735054347826086,0.03125,31.25,90,1,31,2,,,,,,,,,,,,,,,,,,,,,,,
strong_baseline,leather,20260716,patchcore_wr50_compact,171.0,37.0,37.0,,1.093601041007787,,1800,1843200,,,0.9996603260869565,0.9998831229546516,0.9925946698518415,0.3993078699588097,2.1023428440093994,0.05,37.0,37.0,True,0.02631578947368421,0.9777777777777777,0.9777777777777777,1.0,0.9565217391304348,1.0,0.9782608695652174,0.0,0.0,88,0,32,4,,,,,,,256.0,,,,,,,,,,,,,,,,
main,metal_nut,20260714,freqpatch_lite,154.0,33.0,33.0,220.0,0.13164679100736976,1700.671875,1800,691200,0.09979820900480263,0.995,0.9481915933528837,0.9889806629653038,0.9580803440176631,0.7524903290937599,1.6374361515045166,0.05,33.0,33.0,True,0.029411764705882353,0.7516778523489933,0.7516778523489933,1.0,0.6021505376344086,1.0,0.8010752688172043,0.0,0.0,56,0,22,37,,,,,,,,,,,,,,,,,,,,,,,
main,metal_nut,20260714,frequency_only,154.0,33.0,33.0,220.0,0.13164679100736976,1667.296875,1800,691200,0.09979820900480263,0.995,0.644672531769306,0.903869171671775,0.6029762778943348,0.17300959632112686,3.1336417198181152,0.05,33.0,33.0,True,0.029411764705882353,0.5384615384615384,0.5384615384615384,0.9459459459459459,0.3763440860215054,0.9090909090909091,0.6427174975562072,0.09090909090909091,90.9090909090909,35,2,20,58,,,,,,,,,,,,,,,,,,,,,,,
main,metal_nut,20260714,padim_diag,154.0,33.0,33.0,220.0,0.13164679100736976,1694.890625,1800,691200,0.09979820900480263,0.995,0.8866080156402737,0.9672473538465804,0.8968691986869091,0.43334465601660255,2.922422409057617,0.05,33.0,33.0,True,0.029411764705882353,0.7848101265822784,0.7848101265822784,0.9538461538461539,0.6666666666666666,0.8636363636363636,0.7651515151515151,0.13636363636363635,136.36363636363635,62,3,19,31,,,,,,,,,,,,,,,,,,,,,,,
main,metal_nut,20260714,padim_freq_gate,154.0,33.0,33.0,220.0,0.13164679100736976,1699.40625,1800,691200,0.09979820900480263,0.995,0.8836754643206256,0.9661111433857223,0.8968601748189491,0.4331215042446102,2.922422409057617,0.05,33.0,33.0,True,0.029411764705882353,0.7848101265822784,0.7848101265822784,0.9538461538461539,0.6666666666666666,0.8636363636363636,0.7651515151515151,0.13636363636363635,136.36363636363635,62,3,19,31,,,,,,,,,,,,,,,,,,,,,,,
main,metal_nut,20260714,patchcore_lite,154.0,33.0,33.0,220.0,0.13164679100736976,1698.296875,1800,691200,0.09979820900480263,0.995,0.9481915933528837,0.9889806629653038,0.9580893762237055,0.7526276582018567,1.6374361515045166,0.05,33.0,33.0,True,0.029411764705882353,0.7516778523489933,0.7516778523489933,1.0,0.6021505376344086,1.0,0.8010752688172043,0.0,0.0,56,0,22,37,,,,,,,,,,,,,,,,,,,,,,,
strong_baseline,metal_nut,20260714,patchcore_wr50_compact,154.0,33.0,33.0,,1.0250873749901075,,1800,1843200,,,0.9657869012707723,0.9922049703096641,0.9475713491035758,0.7164317496564041,1.600208044052124,0.05,33.0,33.0,True,0.029411764705882353,0.9257142857142857,0.9257142857142857,0.9878048780487805,0.8709677419354839,0.9545454545454546,0.9127565982404693,0.045454545454545456,45.45454545454545,81,1,21,12,,,,,,,256.0,,,,,,,,,,,,,,,,
main,metal_nut,20260715,freqpatch_lite,154.0,33.0,33.0,220.0,0.12990520798484795,1711.109375,1800,691200,0.10116012499202043,0.995,0.9491691104594332,0.9888848431087636,0.9579050112633148,0.7564633697730481,1.371617078781128,0.05,33.0,33.0,True,0.029411764705882353,0.9122807017543859,0.9122807017543859,1.0,0.8387096774193549,1.0,0.9193548387096775,0.0,0.0,78,0,22,15,,,,,,,,,,,,,,,,,,,,,,,
main,metal_nut,20260715,frequency_only,154.0,33.0,33.0,220.0,0.12990520798484795,1705.640625,1800,691200,0.10116012499202043,0.995,0.6412512218963833,0.9037677708084842,0.6116830083616427,0.18390416332808918,3.275547504425049,0.05,33.0,33.0,True,0.029411764705882353,0.5426356589147286,0.5426356589147286,0.9722222222222222,0.3763440860215054,0.9545454545454546,0.66544477028348,0.045454545454545456,45.45454545454545,35,1,21,58,,,,,,,,,,,,,,,,,,,,,,,
main,metal_nut,20260715,padim_diag,154.0,33.0,33.0,220.0,0.12990520798484795,1709.078125,1800,691200,0.10116012499202043,0.995,0.8685239491691105,0.9607979263336488,0.8972381058092134,0.4377306633897838,8.88238525390625,0.05,33.0,33.0,True,0.029411764705882353,0.39316239316239315,0.39316239316239315,0.9583333333333334,0.24731182795698925,0.9545454545454546,0.6009286412512219,0.045454545454545456,45.45454545454545,23,1,21,70,,,,,,,,,,,,,,,,,,,,,,,
main,metal_nut,20260715,padim_freq_gate,154.0,33.0,33.0,220.0,0.12990520798484795,1714.546875,1800,691200,0.10116012499202043,0.995,0.863147605083089,0.9582004529131318,0.8972220420699965,0.4374722307200551,9.432123184204102,0.05,33.0,33.0,True,0.029411764705882353,0.3793103448275862,0.3793103448275862,0.9565217391304348,0.23655913978494625,0.9545454545454546,0.5955522971652004,0.045454545454545456,45.45454545454545,22,1,21,71,,,,,,,,,,,,,,,,,,,,,,,
main,metal_nut,20260715,patchcore_lite,154.0,33.0,33.0,220.0,0.12990520798484795,1711.109375,1800,691200,0.10116012499202043,0.995,0.9491691104594332,0.9888848431087636,0.9579121309034081,0.7565623901302573,1.371617078781128,0.05,33.0,33.0,True,0.029411764705882353,0.9122807017543859,0.9122807017543859,1.0,0.8387096774193549,1.0,0.9193548387096775,0.0,0.0,78,0,22,15,,,,,,,,,,,,,,,,,,,,,,,
strong_baseline,metal_nut,20260715,patchcore_wr50_compact,154.0,33.0,33.0,,0.9807102920021862,,1800,1843200,,,0.9672531769305963,0.9927478904114441,0.9472184278319589,0.7098499369454396,1.6084177494049072,0.05,33.0,33.0,True,0.029411764705882353,0.9310344827586207,0.9310344827586207,1.0,0.8709677419354839,1.0,0.935483870967742,0.0,0.0,81,0,22,12,,,,,,,256.0,,,,,,,,,,,,,,,,
main,metal_nut,20260716,freqpatch_lite,154.0,33.0,33.0,220.0,0.18068733299151063,1718.125,1800,691200,0.1517425829952117,0.995,0.9633431085043987,0.9920196933387826,0.9591765844552859,0.7575060989065036,1.6705349683761597,0.05,33.0,33.0,True,0.029411764705882353,0.7516778523489933,0.7516778523489933,1.0,0.6021505376344086,1.0,0.8010752688172043,0.0,0.0,56,0,22,37,,,,,,,,,,,,,,,,,,,,,,,
main,metal_nut,20260716,frequency_only,154.0,33.0,33.0,220.0,0.18068733299151063,1712.546875,1800,691200,0.1517425829952117,0.995,0.6290322580645161,0.9000797355344895,0.6089568040317641,0.1757397333105548,2.0833826065063477,0.05,33.0,33.0,True,0.029411764705882353,0.5942028985507246,0.5942028985507246,0.9111111111111111,0.44086021505376344,0.8181818181818182,0.6295210166177908,0.18181818181818182,181.8181818181818,41,4,18,52,,,,,,,,,,,,,,,,,,,,,,,
main,metal_nut,20260716,padim_diag,154.0,33.0,33.0,220.0,0.18068733299151063,1716.015625,1800,691200,0.1517425829952117,0.995,0.8797653958944281,0.9661956226939712,0.8985390544865652,0.4373370672463789,4.538094997406006,0.05,33.0,33.0,True,0.029411764705882353,0.4369747899159664,0.4369747899159664,1.0,0.27956989247311825,1.0,0.6397849462365591,0.0,0.0,26,0,22,67,,,,,,,,,,,,,,,,,,,,,,,
main,metal_nut,20260716,padim_freq_gate,154.0,33.0,33.0,220.0,0.18068733299151063,1721.59375,1800,691200,0.1517425829952117,0.995,0.8734115347018573,0.963408326173297,0.8985319701371652,0.43712051220051906,4.538094997406006,0.05,33.0,33.0,True,0.029411764705882353,0.4462809917355372,0.4462809917355372,0.9642857142857143,0.2903225806451613,0.9545454545454546,0.6224340175953079,0.045454545454545456,45.45454545454545,27,1,21,66,,,,,,,,,,,,,,,,,,,,,,,
main,metal_nut,20260716,patchcore_lite,154.0,33.0,33.0,220.0,0.18068733299151063,1718.125,1800,691200,0.1517425829952117,0.995,0.9633431085043987,0.9920196933387826,0.9591851300201074,0.7576252476014045,1.6705349683761597,0.05,33.0,33.0,True,0.029411764705882353,0.7516778523489933,0.7516778523489933,1.0,0.6021505376344086,1.0,0.8010752688172043,0.0,0.0,56,0,22,37,,,,,,,,,,,,,,,,,,,,,,,
strong_baseline,metal_nut,20260716,patchcore_wr50_compact,154.0,33.0,33.0,,0.9739721670048311,,1800,1843200,,,0.9667644183773216,0.9926563672781967,0.9452000096366866,0.7087860903584567,1.584608793258667,0.05,33.0,33.0,True,0.029411764705882353,0.9248554913294798,0.9248554913294798,1.0,0.8602150537634409,1.0,0.9301075268817205,0.0,0.0,80,0,22,13,,,,,,,256.0,,,,,,,,,,,,,,,,
main,pill,20260714,freqpatch_lite,187.0,40.0,40.0,267.0,0.17192391600110568,2064.765625,1800,691200,0.13259412499610335,0.995,0.8734315330060011,0.9752222265539843,0.9576926851452194,0.6223148986404778,1.4394211769104004,0.05,40.0,39.0,True,0.024390243902439025,0.5538461538461539,0.5538461538461539,1.0,0.3829787234042553,1.0,0.6914893617021276,0.0,0.0,54,0,26,87,,,,,,,,,,,,,,,,,,,,,,,
main,pill,20260714,frequency_only,187.0,40.0,40.0,267.0,0.17192391600110568,2057.328125,1800,691200,0.13259412499610335,0.995,0.5984724495362793,0.8990751807089179,0.854234876878571,0.3360188784006748,2.066673994064331,0.05,40.0,39.0,True,0.024390243902439025,0.21518987341772153,0.21518987341772153,1.0,0.12056737588652482,1.0,0.5602836879432624,0.0,0.0,17,0,26,124,,,,,,,,,,,,,,,,,,,,,,,
main,pill,20260714,padim_diag,187.0,40.0,40.0,267.0,0.17192391600110568,2065.578125,1800,691200,0.13259412499610335,0.995,0.845608292416803,0.9668279196442433,0.9281029677354673,0.23353980518237022,3.7491393089294434,0.05,40.0,39.0,True,0.024390243902439025,0.43333333333333335,0.43333333333333335,1.0,0.2765957446808511,1.0,0.6382978723404256,0.0,0.0,39,0,26,102,,,,,,,,,,,,,,,,,,,,,,,
main,pill,20260714,padim_freq_gate,187.0,40.0,40.0,267.0,0.17192391600110568,2065.734375,1800,691200,0.13259412499610335,0.995,0.8447899618112383,0.9665916789318159,0.9281394079812646,0.23432335086719858,3.7491393089294434,0.05,40.0,39.0,True,0.024390243902439025,0.4419889502762431,0.4419889502762431,1.0,0.28368794326241137,1.0,0.6418439716312057,0.0,0.0,40,0,26,101,,,,,,,,,,,,,,,,,,,,,,,
main,pill,20260714,patchcore_lite,187.0,40.0,40.0,267.0,0.17192391600110568,2064.765625,1800,691200,0.13259412499610335,0.995,0.8734315330060011,0.9751692986646471,0.9576251432345666,0.6179467629907301,1.3586934804916382,0.05,40.0,39.0,True,0.024390243902439025,0.6310679611650486,0.6310679611650486,1.0,0.46099290780141844,1.0,0.7304964539007093,0.0,0.0,65,0,26,76,,,,,,,,,,,,,,,,,,,,,,,
strong_baseline,pill,20260714,patchcore_wr50_compact,187.0,40.0,40.0,,1.502116458985256,,1800,1843200,,,0.8445171849427169,0.9632606435654896,0.9739068809810131,0.7789180952846433,2.067274808883667,0.05,40.0,39.0,True,0.024390243902439025,0.45652173913043476,0.45652173913043476,0.9767441860465116,0.2978723404255319,0.9615384615384616,0.6297054009819967,0.038461538461538464,38.46153846153847,42,1,25,99,,,,,,,256.0,,,,,,,,,,,,,,,,
main,pill,20260715,freqpatch_lite,187.0,40.0,40.0,267.0,0.17047908299718983,2072.65625,1800,691200,0.13196837500436231,0.995,0.8516093835242771,0.9703886305796634,0.9559971381016731,0.6042436504777063,1.2385475635528564,0.05,40.0,39.0,True,0.024390243902439025,0.7565217391304347,0.7565217391304347,0.9775280898876404,0.6170212765957447,0.9230769230769231,0.7700490998363339,0.07692307692307693,76.92307692307693,87,2,24,54,,,,,,,,,,,,,,,,,,,,,,,
main,pill,20260715,frequency_only,187.0,40.0,40.0,267.0,0.17047908299718983,2071.078125,1800,691200,0.13196837500436231,0.995,0.6118385160938352,0.9033251472621535,0.8519623556852765,0.3339092621517458,1.9883434772491455,0.05,40.0,39.0,True,0.024390243902439025,0.22641509433962265,0.22641509433962265,1.0,0.1276595744680851,1.0,0.5638297872340425,0.0,0.0,18,0,26,123,,,,,,,,,,,,,,,,,,,,,,,
main,pill,20260715,padim_diag,187.0,40.0,40.0,267.0,0.17047908299718983,2072.234375,1800,691200,0.13196837500436231,0.995,0.839607201309329,0.9645221156346928,0.9300473850672604,0.2467613692030247,5.294243812561035,0.05,40.0,39.0,True,0.024390243902439025,0.36046511627906974,0.36046511627906974,1.0,0.2198581560283688,1.0,0.6099290780141844,0.0,0.0,31,0,26,110,,,,,,,,,,,,,,,,,,,,,,,
main,pill,20260715,padim_freq_gate,187.0,40.0,40.0,267.0,0.17047908299718983,2072.65625,1800,691200,0.13196837500436231,0.995,0.8382433169667212,0.9642937406466577,0.9301109860602006,0.24822716698877936,5.294243812561035,0.05,40.0,39.0,True,0.024390243902439025,0.36046511627906974,0.36046511627906974,1.0,0.2198581560283688,1.0,0.6099290780141844,0.0,0.0,31,0,26,110,,,,,,,,,,,,,,,,,,,,,,,
main,pill,20260715,patchcore_lite,187.0,40.0,40.0,267.0,0.17047908299718983,2072.65625,1800,691200,0.13196837500436231,0.995,0.856519367157665,0.9716274318577609,0.9559274383475391,0.5995766216202205,1.2385475635528564,0.05,40.0,39.0,True,0.024390243902439025,0.7510917030567685,0.7510917030567685,0.9772727272727273,0.6099290780141844,0.9230769230769231,0.7665030005455538,0.07692307692307693,76.92307692307693,86,2,24,55,,,,,,,,,,,,,,,,,,,,,,,
strong_baseline,pill,20260715,patchcore_wr50_compact,187.0,40.0,40.0,,1.5502767080033664,,1800,1843200,,,0.8906164757228587,0.977924160539057,0.9701174277678234,0.7673386108947953,2.068497896194458,0.05,40.0,39.0,True,0.024390243902439025,0.5538461538461539,0.5538461538461539,1.0,0.3829787234042553,1.0,0.6914893617021276,0.0,0.0,54,0,26,87,,,,,,,256.0,,,,,,,,,,,,,,,,
main,pill,20260716,freqpatch_lite,187.0,40.0,40.0,267.0,0.16542204201687127,2098.546875,1800,691200,0.13365137501386926,0.995,0.8810692853246045,0.9771652134047795,0.9571850362373556,0.6186512078441119,1.6170719861984253,0.05,40.0,39.0,True,0.024390243902439025,0.5157894736842106,0.5157894736842106,1.0,0.3475177304964539,1.0,0.6737588652482269,0.0,0.0,49,0,26,92,,,,,,,,,,,,,,,,,,,,,,,
main,pill,20260716,frequency_only,187.0,40.0,40.0,267.0,0.16542204201687127,2098.171875,1800,691200,0.13365137501386926,0.995,0.5883797054009821,0.8968957114469666,0.8543199355307463,0.33730428757957426,1.8974220752716064,0.05,40.0,39.0,True,0.024390243902439025,0.25925925925925924,0.25925925925925924,1.0,0.14893617021276595,1.0,0.574468085106383,0.0,0.0,21,0,26,120,,,,,,,,,,,,,,,,,,,,,,,
main,pill,20260716,padim_diag,187.0,40.0,40.0,267.0,0.16542204201687127,2098.5,1800,691200,0.13365137501386926,0.995,0.809328968903437,0.9579097640098369,0.9280367024844356,0.2385196146674187,4.163087844848633,0.05,40.0,39.0,True,0.024390243902439025,0.3699421965317919,0.3699421965317919,1.0,0.22695035460992907,1.0,0.6134751773049645,0.0,0.0,32,0,26,109,,,,,,,,,,,,,,,,,,,,,,,
main,pill,20260716,padim_freq_gate,187.0,40.0,40.0,267.0,0.16542204201687127,2098.359375,1800,691200,0.13365137501386926,0.995,0.809328968903437,0.9578938509228003,0.9280757591241477,0.23948222284485937,4.163087844848633,0.05,40.0,39.0,True,0.024390243902439025,0.3699421965317919,0.3699421965317919,1.0,0.22695035460992907,1.0,0.6134751773049645,0.0,0.0,32,0,26,109,,,,,,,,,,,,,,,,,,,,,,,
main,pill,20260716,patchcore_lite,187.0,40.0,40.0,267.0,0.16542204201687127,2098.546875,1800,691200,0.13365137501386926,0.995,0.8813420621931259,0.9772943028943946,0.9571105995973008,0.6135586061899561,1.5777380466461182,0.05,40.0,39.0,True,0.024390243902439025,0.5157894736842106,0.5157894736842106,1.0,0.3475177304964539,1.0,0.6737588652482269,0.0,0.0,49,0,26,92,,,,,,,,,,,,,,,,,,,,,,,
strong_baseline,pill,20260716,patchcore_wr50_compact,187.0,40.0,40.0,,1.4176665000268258,,1800,1843200,,,0.8810692853246046,0.9753535754599914,0.972072450373716,0.7792002853365084,1.6259803771972656,0.05,40.0,39.0,True,0.024390243902439025,0.7149321266968326,0.7149321266968326,0.9875,0.5602836879432624,0.9615384615384616,0.7609110747408621,0.038461538461538464,38.46153846153847,79,1,25,62,,,,,,,256.0,,,,,,,,,,,,,,,,
main,screw,20260714,freqpatch_lite,224.0,48.0,48.0,320.0,0.18195679198834114,1658.53125,1800,691200,0.13856449999730103,0.995,0.42898134863701576,0.7198437323053571,0.9139427357730159,0.019484319970811872,1.2425322532653809,0.05,48.0,47.0,True,0.02040816326530612,0.17266187050359713,0.17266187050359713,0.6,0.10084033613445378,0.8048780487804879,0.4528591924574708,0.1951219512195122,195.1219512195122,12,8,33,107,,,,,,,,,,,,,,,,,,,,,,,
main,screw,20260714,frequency_only,224.0,48.0,48.0,320.0,0.18195679198834114,1650.0,1800,691200,0.13856449999730103,0.995,0.6872309899569583,0.8470551674192707,0.8815481185439074,0.03799469991016203,1.6018059253692627,0.05,48.0,47.0,True,0.02040816326530612,0.03305785123966942,0.03305785123966942,1.0,0.01680672268907563,1.0,0.5084033613445378,0.0,0.0,2,0,41,117,,,,,,,,,,,,,,,,,,,,,,,
main,screw,20260714,padim_diag,224.0,48.0,48.0,320.0,0.18195679198834114,1650.125,1800,691200,0.13856449999730103,0.995,0.5431440869030539,0.792568897264937,0.8848962326848333,0.021592422009672093,1.6326271295547485,0.05,48.0,47.0,True,0.02040816326530612,0.19548872180451127,0.19548872180451127,0.9285714285714286,0.1092436974789916,0.975609756097561,0.5424267267882763,0.024390243902439025,24.390243902439025,13,1,40,106,,,,,,,,,,,,,,,,,,,,,,,
main,screw,20260714,padim_freq_gate,224.0,48.0,48.0,320.0,0.18195679198834114,1658.53125,1800,691200,0.13856449999730103,0.995,0.5458085673293708,0.7952078473789539,0.88491413382297,0.022226729232686034,1.66999089717865,0.05,48.0,47.0,True,0.02040816326530612,0.18181818181818182,0.18181818181818182,0.9230769230769231,0.10084033613445378,0.975609756097561,0.5382250461160074,0.024390243902439025,24.390243902439025,12,1,40,107,,,,,,,,,,,,,,,,,,,,,,,
main,screw,20260714,patchcore_lite,224.0,48.0,48.0,320.0,0.18195679198834114,1658.53125,1800,691200,0.13856449999730103,0.995,0.4287763886042222,0.7185636186602269,0.913941083602936,0.019454256143840765,1.2425322532653809,0.05,48.0,47.0,True,0.02040816326530612,0.15942028985507245,0.15942028985507245,0.5789473684210527,0.09243697478991597,0.8048780487804879,0.4486575117852019,0.1951219512195122,195.1219512195122,11,8,33,108,,,,,,,,,,,,,,,,,,,,,,,
strong_baseline,screw,20260714,patchcore_wr50_compact,224.0,48.0,48.0,,1.3548794579983223,,1800,1843200,,,0.6113957778233244,0.7724960988611193,0.9218533804503544,0.03357581213074136,1.3937596082687378,0.05,48.0,47.0,True,0.02040816326530612,0.19117647058823528,0.19117647058823528,0.7647058823529411,0.1092436974789916,0.9024390243902439,0.5058413609346177,0.0975609756097561,97.5609756097561,13,4,37,106,,,,,,,256.0,,,,,,,,,,,,,,,,
main,screw,20260715,freqpatch_lite,224.0,48.0,48.0,320.0,0.18298824998782948,1716.109375,1800,691200,0.14376241699210368,0.995,0.4326706292273007,0.7152292817140569,0.9226192238373996,0.02124040261181654,1.3215974569320679,0.05,48.0,47.0,True,0.02040816326530612,0.19117647058823528,0.19117647058823528,0.7647058823529411,0.1092436974789916,0.9024390243902439,0.5058413609346177,0.0975609756097561,97.5609756097561,13,4,37,106,,,,,,,,,,,,,,,,,,,,,,,
main,screw,20260715,frequency_only,224.0,48.0,48.0,320.0,0.18298824998782948,1715.859375,1800,691200,0.14376241699210368,0.995,0.7007583521213363,0.8599897994523333,0.8787949085774611,0.037394290264321006,1.4786757230758667,0.05,48.0,47.0,True,0.02040816326530612,0.11023622047244094,0.11023622047244094,0.875,0.058823529411764705,0.975609756097561,0.5172166427546628,0.024390243902439025,24.390243902439025,7,1,40,112,,,,,,,,,,,,,,,,,,,,,,,
main,screw,20260715,padim_diag,224.0,48.0,48.0,320.0,0.18298824998782948,1715.828125,1800,691200,0.14376241699210368,0.995,0.5521623283459727,0.7896671021054016,0.8854265219896285,0.020444942446314496,1.576432466506958,0.05,48.0,47.0,True,0.02040816326530612,0.1925925925925926,0.1925925925925926,0.8125,0.1092436974789916,0.926829268292683,0.5180364828858373,0.07317073170731707,73.17073170731707,13,3,38,106,,,,,,,,,,,,,,,,,,,,,,,
main,screw,20260715,padim_freq_gate,224.0,48.0,48.0,320.0,0.18298824998782948,1716.015625,1800,691200,0.14376241699210368,0.995,0.5533920885427343,0.7907547082400799,0.88544276785161,0.02091879028747885,1.576432466506958,0.05,48.0,47.0,True,0.02040816326530612,0.20588235294117646,0.20588235294117646,0.8235294117647058,0.11764705882352941,0.926829268292683,0.5222381635581061,0.07317073170731707,73.17073170731707,14,3,38,105,,,,,,,,,,,,,,,,,,,,,,,
main,screw,20260715,patchcore_lite,224.0,48.0,48.0,320.0,0.18298824998782948,1716.109375,1800,691200,0.14376241699210368,0.995,0.4318507890961263,0.7142897019571388,0.922617617584842,0.02123624711699543,1.3215974569320679,0.05,48.0,47.0,True,0.02040816326530612,0.16417910447761194,0.16417910447761194,0.7333333333333333,0.09243697478991597,0.9024390243902439,0.49743799959007995,0.0975609756097561,97.5609756097561,11,4,37,108,,,,,,,,,,,,,,,,,,,,,,,
strong_baseline,screw,20260715,patchcore_wr50_compact,224.0,48.0,48.0,,1.372686832997715,,1800,1843200,,,0.5353556056568969,0.7553361959826119,0.92407312569268,0.03201281280866924,1.5289965867996216,0.05,48.0,47.0,True,0.02040816326530612,0.15151515151515152,0.15151515151515152,0.7692307692307693,0.08403361344537816,0.926829268292683,0.5054314408690306,0.07317073170731707,73.17073170731707,10,3,38,109,,,,,,,256.0,,,,,,,,,,,,,,,,
main,screw,20260716,freqpatch_lite,224.0,48.0,48.0,320.0,0.18251499999314547,1715.046875,1800,691200,0.14332375000230968,0.995,0.5023570403771265,0.755102761720077,0.9219322751361745,0.024376463652482284,1.3386911153793335,0.05,48.0,47.0,True,0.02040816326530612,0.01639344262295082,0.01639344262295082,0.3333333333333333,0.008403361344537815,0.9512195121951219,0.47981143676982985,0.04878048780487805,48.78048780487805,1,2,39,118,,,,,,,,,,,,,,,,,,,,,,,
main,screw,20260716,frequency_only,224.0,48.0,48.0,320.0,0.18251499999314547,1714.484375,1800,691200,0.14332375000230968,0.995,0.6946095511375282,0.8498640221256097,0.8778403312165538,0.037436523799495594,1.6342333555221558,0.05,48.0,47.0,True,0.02040816326530612,0.016666666666666666,0.016666666666666666,1.0,0.008403361344537815,1.0,0.5042016806722689,0.0,0.0,1,0,41,118,,,,,,,,,,,,,,,,,,,,,,,
main,screw,20260716,padim_diag,224.0,48.0,48.0,320.0,0.18251499999314547,1715.234375,1800,691200,0.14332375000230968,0.995,0.5882352941176471,0.8247192652010682,0.882069892524667,0.022691265903810015,1.7484172582626343,0.05,48.0,47.0,True,0.02040816326530612,0.18181818181818182,0.18181818181818182,0.9230769230769231,0.10084033613445378,0.975609756097561,0.5382250461160074,0.024390243902439025,24.390243902439025,12,1,40,107,,,,,,,,,,,,,,,,,,,,,,,
main,screw,20260716,padim_freq_gate,224.0,48.0,48.0,320.0,0.18251499999314547,1715.046875,1800,691200,0.14332375000230968,0.995,0.5900799344127896,0.8271587586808982,0.8820880740702969,0.02332490059744584,1.7564597129821777,0.05,48.0,47.0,True,0.02040816326530612,0.2222222222222222,0.2222222222222222,0.9375,0.12605042016806722,0.975609756097561,0.5508300881328141,0.024390243902439025,24.390243902439025,15,1,40,104,,,,,,,,,,,,,,,,,,,,,,,
main,screw,20260716,patchcore_lite,224.0,48.0,48.0,320.0,0.18251499999314547,1715.046875,1800,691200,0.14332375000230968,0.995,0.5003074400491905,0.7540887183452583,0.9219326777876877,0.024401412322487333,1.3386911153793335,0.05,48.0,47.0,True,0.02040816326530612,0.01652892561983471,0.01652892561983471,0.5,0.008403361344537815,0.975609756097561,0.49200655872104937,0.024390243902439025,24.390243902439025,1,1,40,118,,,,,,,,,,,,,,,,,,,,,,,
strong_baseline,screw,20260716,patchcore_wr50_compact,224.0,48.0,48.0,,1.3371267499751411,,1800,1843200,,,0.5740930518548883,0.7704078314814902,0.9228427694491144,0.029763282968663353,1.3793623447418213,0.05,48.0,47.0,True,0.02040816326530612,0.3333333333333333,0.3333333333333333,0.8064516129032258,0.21008403361344538,0.8536585365853658,0.5318712850994056,0.14634146341463414,146.34146341463415,25,6,35,94,,,,,,,256.0,,,,,,,,,,,,,,,,
main,tile,20260714,freqpatch_lite,162.0,34.0,34.0,230.0,0.12271525000687689,1809.390625,1800,691200,0.09278337500290945,0.995,0.9473304473304472,0.9816767880347235,0.9233319853928876,0.437707674871403,1.676591157913208,0.05,34.0,34.0,True,0.02857142857142857,0.8413793103448276,0.8413793103448276,1.0,0.7261904761904762,1.0,0.8630952380952381,0.0,0.0,61,0,33,23,,,,,,,,,,,,,,,,,,,,,,,
main,tile,20260714,frequency_only,162.0,34.0,34.0,230.0,0.12271525000687689,1805.578125,1800,691200,0.09278337500290945,0.995,0.8304473304473304,0.9301812339882032,0.8079508553544456,0.3543931552755631,1.4631913900375366,0.05,34.0,34.0,True,0.02857142857142857,0.65625,0.65625,0.9545454545454546,0.5,0.9393939393939394,0.7196969696969697,0.06060606060606061,60.60606060606061,42,2,31,42,,,,,,,,,,,,,,,,,,,,,,,
main,tile,20260714,padim_diag,162.0,34.0,34.0,230.0,0.12271525000687689,1809.328125,1800,691200,0.09278337500290945,0.995,0.9715007215007215,0.9880521782436775,0.9032397018568447,0.2733017628046733,14.957115173339844,0.05,34.0,34.0,True,0.02857142857142857,0.576271186440678,0.576271186440678,1.0,0.40476190476190477,1.0,0.7023809523809523,0.0,0.0,34,0,33,50,,,,,,,,,,,,,,,,,,,,,,,
main,tile,20260714,padim_freq_gate,162.0,34.0,34.0,230.0,0.12271525000687689,1809.390625,1800,691200,0.09278337500290945,0.995,0.9715007215007215,0.9880521782436775,0.9034807463241885,0.27463572568035527,14.957115173339844,0.05,34.0,34.0,True,0.02857142857142857,0.576271186440678,0.576271186440678,1.0,0.40476190476190477,1.0,0.7023809523809523,0.0,0.0,34,0,33,50,,,,,,,,,,,,,,,,,,,,,,,
main,tile,20260714,patchcore_lite,162.0,34.0,34.0,230.0,0.12271525000687689,1809.390625,1800,691200,0.09278337500290945,0.995,0.9466089466089466,0.9813816367770802,0.9233090059333493,0.43752919543964286,1.676591157913208,0.05,34.0,34.0,True,0.02857142857142857,0.8413793103448276,0.8413793103448276,1.0,0.7261904761904762,1.0,0.8630952380952381,0.0,0.0,61,0,33,23,,,,,,,,,,,,,,,,,,,,,,,
strong_baseline,tile,20260714,patchcore_wr50_compact,162.0,34.0,34.0,,1.0404624580114614,,1800,1843200,,,0.9985569985569985,0.9994296097320308,0.9532026018278463,0.5891362999392306,2.297734260559082,0.05,34.0,34.0,True,0.02857142857142857,0.9230769230769231,0.9230769230769231,1.0,0.8571428571428571,1.0,0.9285714285714286,0.0,0.0,72,0,33,12,,,,,,,256.0,,,,,,,,,,,,,,,,
main,tile,20260715,freqpatch_lite,162.0,34.0,34.0,230.0,0.11829795798985288,1821.734375,1800,691200,0.09247070900164545,0.995,0.9415584415584416,0.9790842518194692,0.9212827257554287,0.43561270082275083,1.4042255878448486,0.05,34.0,34.0,True,0.02857142857142857,0.8846153846153846,0.8846153846153846,0.9583333333333334,0.8214285714285714,0.9090909090909091,0.8652597402597402,0.09090909090909091,90.9090909090909,69,3,30,15,,,,,,,,,,,,,,,,,,,,,,,
main,tile,20260715,frequency_only,162.0,34.0,34.0,230.0,0.11829795798985288,1810.703125,1800,691200,0.09247070900164545,0.995,0.8102453102453102,0.922572333011406,0.8083477244183702,0.3537195474119198,1.3315703868865967,0.05,34.0,34.0,True,0.02857142857142857,0.6456692913385826,0.6456692913385826,0.9534883720930233,0.4880952380952381,0.9393939393939394,0.7137445887445888,0.06060606060606061,60.60606060606061,41,2,31,43,,,,,,,,,,,,,,,,,,,,,,,
main,tile,20260715,padim_diag,162.0,34.0,34.0,230.0,0.11829795798985288,1812.4375,1800,691200,0.09247070900164545,0.995,0.9747474747474748,0.9893516518834442,0.9030217507500833,0.27494488229706654,10.371479034423828,0.05,34.0,34.0,True,0.02857142857142857,0.4864864864864865,0.4864864864864865,1.0,0.32142857142857145,1.0,0.6607142857142857,0.0,0.0,27,0,33,57,,,,,,,,,,,,,,,,,,,,,,,
main,tile,20260715,padim_freq_gate,162.0,34.0,34.0,230.0,0.11829795798985288,1821.734375,1800,691200,0.09247070900164545,0.995,0.9751082251082251,0.9895103232749923,0.9031403716217035,0.2759225282439952,10.371479034423828,0.05,34.0,34.0,True,0.02857142857142857,0.5,0.5,1.0,0.3333333333333333,1.0,0.6666666666666666,0.0,0.0,28,0,33,56,,,,,,,,,,,,,,,,,,,,,,,
main,tile,20260715,patchcore_lite,162.0,34.0,34.0,230.0,0.11829795798985288,1821.734375,1800,691200,0.09247070900164545,0.995,0.9408369408369409,0.9787338811046484,0.9212862892743638,0.43582190252597824,1.4042255878448486,0.05,34.0,34.0,True,0.02857142857142857,0.8846153846153846,0.8846153846153846,0.9583333333333334,0.8214285714285714,0.9090909090909091,0.8652597402597402,0.09090909090909091,90.9090909090909,69,3,30,15,,,,,,,,,,,,,,,,,,,,,,,
strong_baseline,tile,20260715,patchcore_wr50_compact,162.0,34.0,34.0,,1.0393611250037793,,1800,1843200,,,0.9985569985569985,0.9994296097320308,0.9522410591546737,0.5820850392816439,1.8305853605270386,0.05,34.0,34.0,True,0.02857142857142857,0.9565217391304348,0.9565217391304348,1.0,0.9166666666666666,1.0,0.9583333333333333,0.0,0.0,77,0,33,7,,,,,,,256.0,,,,,,,,,,,,,,,,
main,tile,20260716,freqpatch_lite,162.0,34.0,34.0,230.0,0.11994537501595914,1821.734375,1800,691200,0.0934035409882199,0.995,0.9534632034632035,0.9826016508671046,0.9221642137529975,0.43621022484164873,1.8372807502746582,0.05,34.0,34.0,True,0.02857142857142857,0.8169014084507042,0.8169014084507042,1.0,0.6904761904761905,1.0,0.8452380952380952,0.0,0.0,58,0,33,26,,,,,,,,,,,,,,,,,,,,,,,
main,tile,20260716,frequency_only,162.0,34.0,34.0,230.0,0.11994537501595914,1821.734375,1800,691200,0.0934035409882199,0.995,0.8152958152958153,0.9250224154248549,0.8070268632120512,0.3524016049771389,1.304309606552124,0.05,34.0,34.0,True,0.02857142857142857,0.7285714285714285,0.7285714285714285,0.9107142857142857,0.6071428571428571,0.8484848484848485,0.7278138528138528,0.15151515151515152,151.51515151515153,51,5,28,33,,,,,,,,,,,,,,,,,,,,,,,
main,tile,20260716,padim_diag,162.0,34.0,34.0,230.0,0.11994537501595914,1821.734375,1800,691200,0.0934035409882199,0.995,0.9678932178932179,0.9865660354428353,0.9017311117449913,0.2690003615276631,10.5238037109375,0.05,34.0,34.0,True,0.02857142857142857,0.5391304347826087,0.5391304347826087,1.0,0.36904761904761907,1.0,0.6845238095238095,0.0,0.0,31,0,33,53,,,,,,,,,,,,,,,,,,,,,,,
main,tile,20260716,padim_freq_gate,162.0,34.0,34.0,230.0,0.11994537501595914,1821.734375,1800,691200,0.0934035409882199,0.995,0.9678932178932179,0.9865660354428353,0.9019062364448345,0.2700027583286703,10.5238037109375,0.05,34.0,34.0,True,0.02857142857142857,0.5391304347826087,0.5391304347826087,1.0,0.36904761904761907,1.0,0.6845238095238095,0.0,0.0,31,0,33,53,,,,,,,,,,,,,,,,,,,,,,,
main,tile,20260716,patchcore_lite,162.0,34.0,34.0,230.0,0.11994537501595914,1821.734375,1800,691200,0.0934035409882199,0.995,0.9531024531024531,0.9824340475939113,0.9221517594288686,0.43611358342179124,1.8372807502746582,0.05,34.0,34.0,True,0.02857142857142857,0.8,0.8,1.0,0.6666666666666666,1.0,0.8333333333333333,0.0,0.0,56,0,33,28,,,,,,,,,,,,,,,,,,,,,,,
strong_baseline,tile,20260716,patchcore_wr50_compact,162.0,34.0,34.0,,1.0331534160068259,,1800,1843200,,,0.9985569985569985,0.9994296097320308,0.9531280107353783,0.5943017549098245,1.9551026821136475,0.05,34.0,34.0,True,0.02857142857142857,0.9629629629629629,0.9629629629629629,1.0,0.9285714285714286,1.0,0.9642857142857143,0.0,0.0,78,0,33,6,,,,,,,256.0,,,,,,,,,,,,,,,,
main,toothbrush,20260714,freqpatch_lite,42.0,9.0,9.0,60.0,0.024539833975723013,2007.546875,659,253056,0.013904708001064137,0.995,0.888888888888889,0.961061191700644,0.980048332573917,0.4528576904730986,,0.05,9.0,10.0,False,0.1,0.0,0.0,0.0,0.0,1.0,0.5,0.0,0.0,0,0,12,30,,,,,,,,,,,,,,,,,,,,,,,
main,toothbrush,20260714,frequency_only,42.0,9.0,9.0,60.0,0.024539833975723013,2060.671875,659,253056,0.013904708001064137,0.995,0.6527777777777778,0.8732973612061704,0.8184949321505297,0.11661641358403467,,0.05,9.0,10.0,False,0.1,0.0,0.0,0.0,0.0,1.0,0.5,0.0,0.0,0,0,12,30,,,,,,,,,,,,,,,,,,,,,,,
main,toothbrush,20260714,padim_diag,42.0,9.0,9.0,60.0,0.024539833975723013,2007.546875,659,253056,0.013904708001064137,0.995,0.7777777777777778,0.9123716609694161,0.9438790062493849,0.19667357624762594,,0.05,9.0,10.0,False,0.1,0.0,0.0,0.0,0.0,1.0,0.5,0.0,0.0,0,0,12,30,,,,,,,,,,,,,,,,,,,,,,,
main,toothbrush,20260714,padim_freq_gate,42.0,9.0,9.0,60.0,0.024539833975723013,1960.546875,659,253056,0.013904708001064137,0.995,0.7777777777777778,0.9123716609694161,0.9439348407999001,0.19617846282213053,,0.05,9.0,10.0,False,0.1,0.0,0.0,0.0,0.0,1.0,0.5,0.0,0.0,0,0,12,30,,,,,,,,,,,,,,,,,,,,,,,
main,toothbrush,20260714,patchcore_lite,42.0,9.0,9.0,60.0,0.024539833975723013,2007.546875,659,253056,0.013904708001064137,0.995,0.888888888888889,0.961061191700644,0.9802612501816317,0.47286074661353633,,0.05,9.0,10.0,False,0.1,0.0,0.0,0.0,0.0,1.0,0.5,0.0,0.0,0,0,12,30,,,,,,,,,,,,,,,,,,,,,,,
strong_baseline,toothbrush,20260714,patchcore_wr50_compact,42.0,9.0,9.0,,0.3374419999890961,,659,674816,,,0.8333333333333334,0.928495983409507,0.9816663689589057,0.5692520872585399,,0.05,9.0,10.0,False,0.1,0.0,0.0,0.0,0.0,1.0,0.5,0.0,0.0,0,0,12,30,,,,,,,256.0,,,,,,,,,,,,,,,,
main,toothbrush,20260715,freqpatch_lite,42.0,9.0,9.0,60.0,0.024206792004406452,1794.3125,659,253056,0.013306000008014962,0.995,0.9,0.9629329941384155,0.9809126927796771,0.46082166308268213,,0.05,9.0,10.0,False,0.1,0.0,0.0,0.0,0.0,1.0,0.5,0.0,0.0,0,0,12,30,,,,,,,,,,,,,,,,,,,,,,,
main,toothbrush,20260715,frequency_only,42.0,9.0,9.0,60.0,0.024206792004406452,1886.484375,659,253056,0.013306000008014962,0.995,0.6694444444444444,0.8805401693148507,0.8145452961753687,0.11516098299626659,,0.05,9.0,10.0,False,0.1,0.0,0.0,0.0,0.0,1.0,0.5,0.0,0.0,0,0,12,30,,,,,,,,,,,,,,,,,,,,,,,
main,toothbrush,20260715,padim_diag,42.0,9.0,9.0,60.0,0.024206792004406452,1794.359375,659,253056,0.013306000008014962,0.995,0.75,0.9018364862586868,0.9412979183945309,0.1942180093804151,,0.05,9.0,10.0,False,0.1,0.0,0.0,0.0,0.0,1.0,0.5,0.0,0.0,0,0,12,30,,,,,,,,,,,,,,,,,,,,,,,
main,toothbrush,20260715,padim_freq_gate,42.0,9.0,9.0,60.0,0.024206792004406452,1794.3125,659,253056,0.013306000008014962,0.995,0.7472222222222221,0.8997531529253535,0.9413291827560064,0.19463886076127376,,0.05,9.0,10.0,False,0.1,0.0,0.0,0.0,0.0,1.0,0.5,0.0,0.0,0,0,12,30,,,,,,,,,,,,,,,,,,,,,,,
main,toothbrush,20260715,patchcore_lite,42.0,9.0,9.0,60.0,0.024206792004406452,1794.3125,659,253056,0.013306000008014962,0.995,0.9,0.9629329941384155,0.9811734440422056,0.48600144392489986,,0.05,9.0,10.0,False,0.1,0.0,0.0,0.0,0.0,1.0,0.5,0.0,0.0,0,0,12,30,,,,,,,,,,,,,,,,,,,,,,,
strong_baseline,toothbrush,20260715,patchcore_wr50_compact,42.0,9.0,9.0,,0.29229929100256413,,659,674816,,,0.8527777777777777,0.9321688613423136,0.9823814277466456,0.5588562947630643,,0.05,9.0,10.0,False,0.1,0.0,0.0,0.0,0.0,1.0,0.5,0.0,0.0,0,0,12,30,,,,,,,256.0,,,,,,,,,,,,,,,,
main,toothbrush,20260716,freqpatch_lite,42.0,9.0,9.0,60.0,0.02503004201571457,1623.328125,659,253056,0.01417395900352858,0.995,0.8777777777777778,0.9579700846367513,0.9797886129691424,0.46793269623069955,,0.05,9.0,10.0,False,0.1,0.0,0.0,0.0,0.0,1.0,0.5,0.0,0.0,0,0,12,30,,,,,,,,,,,,,,,,,,,,,,,
main,toothbrush,20260716,frequency_only,42.0,9.0,9.0,60.0,0.02503004201571457,1762.984375,659,253056,0.01417395900352858,0.995,0.6694444444444444,0.881201051855842,0.8094187139697411,0.1105229522535727,,0.05,9.0,10.0,False,0.1,0.0,0.0,0.0,0.0,1.0,0.5,0.0,0.0,0,0,12,30,,,,,,,,,,,,,,,,,,,,,,,
main,toothbrush,20260716,padim_diag,42.0,9.0,9.0,60.0,0.02503004201571457,1623.328125,659,253056,0.01417395900352858,0.995,0.7722222222222223,0.9092224601326241,0.9417017208110295,0.19194555676907593,,0.05,9.0,10.0,False,0.1,0.0,0.0,0.0,0.0,1.0,0.5,0.0,0.0,0,0,12,30,,,,,,,,,,,,,,,,,,,,,,,
main,toothbrush,20260716,padim_freq_gate,42.0,9.0,9.0,60.0,0.02503004201571457,1623.328125,659,253056,0.01417395900352858,0.995,0.7722222222222223,0.9092224601326241,0.9417240054024753,0.19156178692871909,,0.05,9.0,10.0,False,0.1,0.0,0.0,0.0,0.0,1.0,0.5,0.0,0.0,0,0,12,30,,,,,,,,,,,,,,,,,,,,,,,
main,toothbrush,20260716,patchcore_lite,42.0,9.0,9.0,60.0,0.02503004201571457,1623.328125,659,253056,0.01417395900352858,0.995,0.8777777777777778,0.9579700846367513,0.9800270403824125,0.49014891444432573,,0.05,9.0,10.0,False,0.1,0.0,0.0,0.0,0.0,1.0,0.5,0.0,0.0,0,0,12,30,,,,,,,,,,,,,,,,,,,,,,,
strong_baseline,toothbrush,20260716,patchcore_wr50_compact,42.0,9.0,9.0,,0.3166177080129273,,659,674816,,,0.8416666666666667,0.9333059599418294,0.9809312101339049,0.5565286288251832,,0.05,9.0,10.0,False,0.1,0.0,0.0,0.0,0.0,1.0,0.5,0.0,0.0,0,0,12,30,,,,,,,256.0,,,,,,,,,,,,,,,,
main,transistor,20260714,freqpatch_lite,149.0,32.0,32.0,213.0,0.11389845897792839,1248.5625,1800,691200,0.0843802499875892,0.995,0.8883333333333334,0.8803873115081942,0.8721665859365401,0.491778774692429,2.272623300552368,0.05,32.0,32.0,True,0.030303030303030304,0.4230769230769231,0.4230769230769231,0.9166666666666666,0.275,0.9833333333333333,0.6291666666666667,0.016666666666666666,16.666666666666668,11,1,59,29,,,,,,,,,,,,,,,,,,,,,,,
main,transistor,20260714,frequency_only,149.0,32.0,32.0,213.0,0.11389845897792839,1215.65625,1800,691200,0.0843802499875892,0.995,0.8062500000000001,0.8070652781216073,0.7742708149446544,0.22697769370634274,2.133653163909912,0.05,32.0,32.0,True,0.030303030303030304,0.3333333333333333,0.3333333333333333,1.0,0.2,1.0,0.6,0.0,0.0,8,0,60,32,,,,,,,,,,,,,,,,,,,,,,,
main,transistor,20260714,padim_diag,149.0,32.0,32.0,213.0,0.11389845897792839,1225.5625,1800,691200,0.0843802499875892,0.995,0.9504166666666667,0.9245187482836731,0.9656866073169043,0.5496600732869118,32.66900634765625,0.05,32.0,32.0,True,0.030303030303030304,0.3673469387755102,0.3673469387755102,1.0,0.225,1.0,0.6125,0.0,0.0,9,0,60,31,,,,,,,,,,,,,,,,,,,,,,,
main,transistor,20260714,padim_freq_gate,149.0,32.0,32.0,213.0,0.11389845897792839,1251.1875,1800,691200,0.0843802499875892,0.995,0.9508333333333333,0.9258345377573575,0.9656963055089892,0.5504267391425472,35.74853515625,0.05,32.0,32.0,True,0.030303030303030304,0.3673469387755102,0.3673469387755102,1.0,0.225,1.0,0.6125,0.0,0.0,9,0,60,31,,,,,,,,,,,,,,,,,,,,,,,
main,transistor,20260714,patchcore_lite,149.0,32.0,32.0,213.0,0.11389845897792839,1246.15625,1800,691200,0.0843802499875892,0.995,0.8879166666666667,0.880421926320119,0.8721769209951545,0.49204251254278675,2.0280346870422363,0.05,32.0,32.0,True,0.030303030303030304,0.509090909090909,0.509090909090909,0.9333333333333333,0.35,0.9833333333333333,0.6666666666666666,0.016666666666666666,16.666666666666668,14,1,59,26,,,,,,,,,,,,,,,,,,,,,,,
strong_baseline,transistor,20260714,patchcore_wr50_compact,149.0,32.0,32.0,,0.8231593329983298,,1800,1843200,,,0.9199999999999999,0.875808646013853,0.8588424625174751,0.4179510298965271,2.4107041358947754,0.05,32.0,32.0,True,0.030303030303030304,0.3673469387755102,0.3673469387755102,1.0,0.225,1.0,0.6125,0.0,0.0,9,0,60,31,,,,,,,256.0,,,,,,,,,,,,,,,,
main,transistor,20260715,freqpatch_lite,149.0,32.0,32.0,213.0,0.11178570799529552,1329.15625,1800,691200,0.08442670799558982,0.995,0.8937500000000002,0.8840736246498438,0.8631064622777894,0.4932093430761291,1.7378003597259521,0.05,32.0,32.0,True,0.030303030303030304,0.5862068965517241,0.5862068965517241,0.9444444444444444,0.425,0.9833333333333333,0.7041666666666666,0.016666666666666666,16.666666666666668,17,1,59,23,,,,,,,,,,,,,,,,,,,,,,,
main,transistor,20260715,frequency_only,149.0,32.0,32.0,213.0,0.11178570799529552,1315.140625,1800,691200,0.08442670799558982,0.995,0.8120833333333334,0.8098842331401107,0.77526237939021,0.23029227673575606,2.806272506713867,0.05,32.0,32.0,True,0.030303030303030304,0.49056603773584906,0.49056603773584906,1.0,0.325,1.0,0.6625,0.0,0.0,13,0,60,27,,,,,,,,,,,,,,,,,,,,,,,
main,transistor,20260715,padim_diag,149.0,32.0,32.0,213.0,0.11178570799529552,1324.65625,1800,691200,0.08442670799558982,0.995,0.9325,0.9009397569869096,0.967308169576949,0.5595726606031525,4.155571937561035,0.05,32.0,32.0,True,0.030303030303030304,0.5454545454545454,0.5454545454545454,1.0,0.375,1.0,0.6875,0.0,0.0,15,0,60,25,,,,,,,,,,,,,,,,,,,,,,,
main,transistor,20260715,padim_freq_gate,149.0,32.0,32.0,213.0,0.11178570799529552,1334.59375,1800,691200,0.08442670799558982,0.995,0.9325,0.9009397569869096,0.9673364835210836,0.5608785216602201,4.155571937561035,0.05,32.0,32.0,True,0.030303030303030304,0.5454545454545454,0.5454545454545454,1.0,0.375,1.0,0.6875,0.0,0.0,15,0,60,25,,,,,,,,,,,,,,,,,,,,,,,
main,transistor,20260715,patchcore_lite,149.0,32.0,32.0,213.0,0.11178570799529552,1327.25,1800,691200,0.08442670799558982,0.995,0.8941666666666667,0.8848838949915717,0.8631149592688347,0.4935779807813517,1.6077089309692383,0.05,32.0,32.0,True,0.030303030303030304,0.6333333333333333,0.6333333333333333,0.95,0.475,0.9833333333333333,0.7291666666666666,0.016666666666666666,16.666666666666668,19,1,59,21,,,,,,,,,,,,,,,,,,,,,,,
strong_baseline,transistor,20260715,patchcore_wr50_compact,149.0,32.0,32.0,,0.8181105829717126,,1800,1843200,,,0.9379166666666667,0.8950536180899904,0.8580811677411412,0.43072943190032337,1.8099254369735718,0.05,32.0,32.0,True,0.030303030303030304,0.6461538461538462,0.6461538461538462,0.84,0.525,0.9333333333333333,0.7291666666666667,0.06666666666666667,66.66666666666667,21,4,56,19,,,,,,,256.0,,,,,,,,,,,,,,,,
main,transistor,20260716,freqpatch_lite,149.0,32.0,32.0,213.0,0.11139454200747423,1055.703125,1800,691200,0.08433358400361612,0.995,0.9058333333333333,0.8896712428907537,0.8744505320792803,0.501424976727243,1.42178475856781,0.05,32.0,32.0,True,0.030303030303030304,0.782608695652174,0.782608695652174,0.9310344827586207,0.675,0.9666666666666667,0.8208333333333333,0.03333333333333333,33.333333333333336,27,2,58,13,,,,,,,,,,,,,,,,,,,,,,,
main,transistor,20260716,frequency_only,149.0,32.0,32.0,213.0,0.11139454200747423,1331.734375,1800,691200,0.08433358400361612,0.995,0.8066666666666666,0.8056509291276741,0.7752091816018115,0.22834940248641716,1.969702124595642,0.05,32.0,32.0,True,0.030303030303030304,0.49056603773584906,0.49056603773584906,1.0,0.325,1.0,0.6625,0.0,0.0,13,0,60,27,,,,,,,,,,,,,,,,,,,,,,,
main,transistor,20260716,padim_diag,149.0,32.0,32.0,213.0,0.11139454200747423,1333.578125,1800,691200,0.08433358400361612,0.995,0.93875,0.909856784532425,0.9667305866586396,0.5578196504086164,2.52055025100708,0.05,32.0,32.0,True,0.030303030303030304,0.6984126984126984,0.6984126984126984,0.9565217391304348,0.55,0.9833333333333333,0.7666666666666666,0.016666666666666666,16.666666666666668,22,1,59,18,,,,,,,,,,,,,,,,,,,,,,,
main,transistor,20260716,padim_freq_gate,149.0,32.0,32.0,213.0,0.11139454200747423,1068.46875,1800,691200,0.08433358400361612,0.995,0.9395833333333333,0.9122040067546473,0.9667474984051687,0.5586269522560645,2.52055025100708,0.05,32.0,32.0,True,0.030303030303030304,0.6984126984126984,0.6984126984126984,0.9565217391304348,0.55,0.9833333333333333,0.7666666666666666,0.016666666666666666,16.666666666666668,22,1,59,18,,,,,,,,,,,,,,,,,,,,,,,
main,transistor,20260716,patchcore_lite,149.0,32.0,32.0,213.0,0.11139454200747423,1032.625,1800,691200,0.08433358400361612,0.995,0.90625,0.8892119059314167,0.8744524876645765,0.5013048620404079,1.3935191631317139,0.05,32.0,32.0,True,0.030303030303030304,0.782608695652174,0.782608695652174,0.9310344827586207,0.675,0.9666666666666667,0.8208333333333333,0.03333333333333333,33.333333333333336,27,2,58,13,,,,,,,,,,,,,,,,,,,,,,,
strong_baseline,transistor,20260716,patchcore_wr50_compact,149.0,32.0,32.0,,0.8131981670157984,,1800,1843200,,,0.9291666666666667,0.8834291767466779,0.8634612571540725,0.4313476648335561,1.744692325592041,0.05,32.0,32.0,True,0.030303030303030304,0.625,0.625,0.8333333333333334,0.5,0.9333333333333333,0.7166666666666667,0.06666666666666667,66.66666666666667,20,4,56,20,,,,,,,256.0,,,,,,,,,,,,,,,,
main,wood,20260714,freqpatch_lite,173.0,37.0,37.0,247.0,0.10902783399797045,1544.265625,1800,691200,0.08016254100948572,0.995,0.9859649122807017,0.9958457050898601,0.9358200292614431,0.43842559782599194,1.9514684677124023,0.05,37.0,37.0,True,0.02631578947368421,0.9586776859504132,0.9586776859504132,0.9508196721311475,0.9666666666666667,0.8421052631578947,0.9043859649122807,0.15789473684210525,157.89473684210526,58,3,16,2,,,,,,,,,,,,,,,,,,,,,,,
main,wood,20260714,frequency_only,173.0,37.0,37.0,247.0,0.10902783399797045,1525.453125,1800,691200,0.08016254100948572,0.995,0.9359649122807018,0.9803685885489033,0.7608199277126735,0.15685301903423776,1.234135389328003,0.05,37.0,37.0,True,0.02631578947368421,0.5882352941176471,0.5882352941176471,1.0,0.4166666666666667,1.0,0.7083333333333334,0.0,0.0,25,0,19,35,,,,,,,,,,,,,,,,,,,,,,,
main,wood,20260714,padim_diag,173.0,37.0,37.0,247.0,0.10902783399797045,1544.203125,1800,691200,0.08016254100948572,0.995,0.9096491228070176,0.9595142613808434,0.9062590285860473,0.2302079843005142,3.766955852508545,0.05,37.0,37.0,True,0.02631578947368421,0.9230769230769231,0.9230769230769231,0.9473684210526315,0.9,0.8421052631578947,0.8710526315789473,0.15789473684210525,157.89473684210526,54,3,16,6,,,,,,,,,,,,,,,,,,,,,,,
main,wood,20260714,padim_freq_gate,173.0,37.0,37.0,247.0,0.10902783399797045,1544.203125,1800,691200,0.08016254100948572,0.995,0.9105263157894736,0.9605559280475101,0.906365238242992,0.23132816589495261,3.766955852508545,0.05,37.0,37.0,True,0.02631578947368421,0.9230769230769231,0.9230769230769231,0.9473684210526315,0.9,0.8421052631578947,0.8710526315789473,0.15789473684210525,157.89473684210526,54,3,16,6,,,,,,,,,,,,,,,,,,,,,,,
main,wood,20260714,patchcore_lite,173.0,37.0,37.0,247.0,0.10902783399797045,1544.265625,1800,691200,0.08016254100948572,0.995,0.9859649122807017,0.9958457050898601,0.9357255623304532,0.43647478993879585,1.9514684677124023,0.05,37.0,37.0,True,0.02631578947368421,0.9586776859504132,0.9586776859504132,0.9508196721311475,0.9666666666666667,0.8421052631578947,0.9043859649122807,0.15789473684210525,157.89473684210526,58,3,16,2,,,,,,,,,,,,,,,,,,,,,,,
strong_baseline,wood,20260714,patchcore_wr50_compact,173.0,37.0,37.0,,0.7143849999993108,,1800,1843200,,,0.9657894736842105,0.9891255017670397,0.9376207814317119,0.4279223510934209,1.7485538721084595,0.05,37.0,37.0,True,0.02631578947368421,0.9491525423728814,0.9491525423728814,0.9655172413793104,0.9333333333333333,0.8947368421052632,0.9140350877192982,0.10526315789473684,105.26315789473684,56,2,17,4,,,,,,,256.0,,,,,,,,,,,,,,,,
main,wood,20260715,freqpatch_lite,173.0,37.0,37.0,247.0,0.10983108301297761,1583.296875,1800,691200,0.0797759999986738,0.995,0.987719298245614,0.9963808332783131,0.9351108438418942,0.43922236253585384,1.4618440866470337,0.05,37.0,37.0,True,0.02631578947368421,0.9516129032258065,0.9516129032258065,0.921875,0.9833333333333333,0.7368421052631579,0.8600877192982456,0.2631578947368421,263.1578947368421,59,5,14,1,,,,,,,,,,,,,,,,,,,,,,,
main,wood,20260715,frequency_only,173.0,37.0,37.0,247.0,0.10983108301297761,1544.34375,1800,691200,0.0797759999986738,0.995,0.9333333333333333,0.9796556948214998,0.7605932302446322,0.15673279739138704,2.522244453430176,0.05,37.0,37.0,True,0.02631578947368421,0.2857142857142857,0.2857142857142857,1.0,0.16666666666666666,1.0,0.5833333333333334,0.0,0.0,10,0,19,50,,,,,,,,,,,,,,,,,,,,,,,
main,wood,20260715,padim_diag,173.0,37.0,37.0,247.0,0.10983108301297761,1563.9375,1800,691200,0.0797759999986738,0.995,0.9096491228070175,0.9626828675710712,0.9063615696862871,0.23068546413504376,6.068569183349609,0.05,37.0,37.0,True,0.02631578947368421,0.8648648648648649,0.8648648648648649,0.9411764705882353,0.8,0.8421052631578947,0.8210526315789474,0.15789473684210525,157.89473684210526,48,3,16,12,,,,,,,,,,,,,,,,,,,,,,,
main,wood,20260715,padim_freq_gate,173.0,37.0,37.0,247.0,0.10983108301297761,1583.28125,1800,691200,0.0797759999986738,0.995,0.9105263157894736,0.9629465210550637,0.9067439557407362,0.23344244706974784,6.068569183349609,0.05,37.0,37.0,True,0.02631578947368421,0.8648648648648649,0.8648648648648649,0.9411764705882353,0.8,0.8421052631578947,0.8210526315789474,0.15789473684210525,157.89473684210526,48,3,16,12,,,,,,,,,,,,,,,,,,,,,,,
main,wood,20260715,patchcore_lite,173.0,37.0,37.0,247.0,0.10983108301297761,1583.296875,1800,691200,0.0797759999986738,0.995,0.987719298245614,0.9963808332783131,0.9347963106437456,0.43374098912362863,1.4062271118164062,0.05,37.0,37.0,True,0.02631578947368421,0.9516129032258065,0.9516129032258065,0.921875,0.9833333333333333,0.7368421052631579,0.8600877192982456,0.2631578947368421,263.1578947368421,59,5,14,1,,,,,,,,,,,,,,,,,,,,,,,
strong_baseline,wood,20260715,patchcore_wr50_compact,173.0,37.0,37.0,,0.718271999998251,,1800,1843200,,,0.9605263157894737,0.9873402108715484,0.9367675303728331,0.44115374750679665,1.5540579557418823,0.05,37.0,37.0,True,0.02631578947368421,0.9401709401709402,0.9401709401709402,0.9649122807017544,0.9166666666666666,0.8947368421052632,0.9057017543859649,0.10526315789473684,105.26315789473684,55,2,17,5,,,,,,,256.0,,,,,,,,,,,,,,,,
main,wood,20260716,freqpatch_lite,173.0,37.0,37.0,247.0,0.11007737499312498,1622.546875,1800,691200,0.0801847499969881,0.995,0.9850877192982456,0.9954899613940549,0.9349305599471094,0.4377942214472253,1.8312972784042358,0.05,37.0,37.0,True,0.02631578947368421,0.9666666666666667,0.9666666666666667,0.9666666666666667,0.9666666666666667,0.8947368421052632,0.9307017543859649,0.10526315789473684,105.26315789473684,58,2,17,2,,,,,,,,,,,,,,,,,,,,,,,
main,wood,20260716,frequency_only,173.0,37.0,37.0,247.0,0.11007737499312498,1583.546875,1800,691200,0.0801847499969881,0.995,0.9350877192982456,0.9797672931186777,0.7591739972736191,0.15477537434257085,1.7279565334320068,0.05,37.0,37.0,True,0.02631578947368421,0.44155844155844154,0.44155844155844154,1.0,0.2833333333333333,1.0,0.6416666666666666,0.0,0.0,17,0,19,43,,,,,,,,,,,,,,,,,,,,,,,
main,wood,20260716,padim_diag,173.0,37.0,37.0,247.0,0.11007737499312498,1602.953125,1800,691200,0.0801847499969881,0.995,0.9140350877192982,0.9608286155997889,0.9069032350594016,0.23202307672188932,5.453405380249023,0.05,37.0,37.0,True,0.02631578947368421,0.8928571428571429,0.8928571428571429,0.9615384615384616,0.8333333333333334,0.8947368421052632,0.8640350877192983,0.10526315789473684,105.26315789473684,50,2,17,10,,,,,,,,,,,,,,,,,,,,,,,
main,wood,20260716,padim_freq_gate,173.0,37.0,37.0,247.0,0.11007737499312498,1622.546875,1800,691200,0.0801847499969881,0.995,0.9157894736842105,0.962377664648838,0.9071406274779721,0.2337960289933746,5.453405380249023,0.05,37.0,37.0,True,0.02631578947368421,0.8928571428571429,0.8928571428571429,0.9615384615384616,0.8333333333333334,0.8947368421052632,0.8640350877192983,0.10526315789473684,105.26315789473684,50,2,17,10,,,,,,,,,,,,,,,,,,,,,,,
main,wood,20260716,patchcore_lite,173.0,37.0,37.0,247.0,0.11007737499312498,1622.546875,1800,691200,0.0801847499969881,0.995,0.9850877192982456,0.9954899613940549,0.9347327912924741,0.43466149836334217,1.8312972784042358,0.05,37.0,37.0,True,0.02631578947368421,0.9666666666666667,0.9666666666666667,0.9666666666666667,0.9666666666666667,0.8947368421052632,0.9307017543859649,0.10526315789473684,105.26315789473684,58,2,17,2,,,,,,,,,,,,,,,,,,,,,,,
strong_baseline,wood,20260716,patchcore_wr50_compact,173.0,37.0,37.0,,0.7233771669853013,,1800,1843200,,,0.9657894736842105,0.989097410550424,0.9368775342844472,0.42678718212997363,1.9997282028198242,0.05,37.0,37.0,True,0.02631578947368421,0.9217391304347826,0.9217391304347826,0.9636363636363636,0.8833333333333333,0.8947368421052632,0.8890350877192983,0.10526315789473684,105.26315789473684,53,2,17,7,,,,,,,256.0,,,,,,,,,,,,,,,,
main,zipper,20260714,freqpatch_lite,168.0,36.0,36.0,240.0,0.1572329580085352,1768.0,1800,691200,0.12100737501168624,0.995,0.8679096638655462,0.9358519437943165,0.9600287861493609,0.3642701888513333,1.7743884325027466,0.05,36.0,36.0,True,0.02702702702702703,0.7253886010362695,0.7253886010362695,0.9459459459459459,0.5882352941176471,0.875,0.7316176470588236,0.125,125.0,70,4,28,49,,,,,,,,,,,,,,,,,,,,,,,
main,zipper,20260714,frequency_only,168.0,36.0,36.0,240.0,0.1572329580085352,1604.578125,1800,691200,0.12100737501168624,0.995,0.7857142857142857,0.922202963376274,0.8086409924036528,0.09126554944963296,14.854439735412598,0.05,36.0,36.0,True,0.02702702702702703,0.3586206896551724,0.3586206896551724,1.0,0.2184873949579832,1.0,0.6092436974789917,0.0,0.0,26,0,32,93,,,,,,,,,,,,,,,,,,,,,,,
main,zipper,20260714,padim_diag,168.0,36.0,36.0,240.0,0.1572329580085352,1762.6875,1800,691200,0.12100737501168624,0.995,0.9262079831932774,0.9684654172366929,0.9623835763869976,0.3447618692349611,4.530588150024414,0.05,36.0,36.0,True,0.02702702702702703,0.8558139534883721,0.8558139534883721,0.9583333333333334,0.773109243697479,0.875,0.8240546218487395,0.125,125.0,92,4,28,27,,,,,,,,,,,,,,,,,,,,,,,
main,zipper,20260714,padim_freq_gate,168.0,36.0,36.0,240.0,0.1572329580085352,1767.984375,1800,691200,0.12100737501168624,0.995,0.9262079831932774,0.9690298734654991,0.9624187528799824,0.3448858296440731,4.530588150024414,0.05,36.0,36.0,True,0.02702702702702703,0.8558139534883721,0.8558139534883721,0.9583333333333334,0.773109243697479,0.875,0.8240546218487395,0.125,125.0,92,4,28,27,,,,,,,,,,,,,,,,,,,,,,,
main,zipper,20260714,patchcore_lite,168.0,36.0,36.0,240.0,0.1572329580085352,1768.0,1800,691200,0.12100737501168624,0.995,0.8700105042016808,0.9399130829107096,0.9600442120333987,0.36758960945009794,1.7743884325027466,0.05,36.0,36.0,True,0.02702702702702703,0.7052631578947368,0.7052631578947368,0.9436619718309859,0.5630252100840336,0.875,0.7190126050420168,0.125,125.0,67,4,28,52,,,,,,,,,,,,,,,,,,,,,,,
strong_baseline,zipper,20260714,patchcore_wr50_compact,168.0,36.0,36.0,,1.404935958009446,,1800,1843200,,,0.8647584033613446,0.9537133251140035,0.9026505585323545,0.2575239952530742,1.6715760231018066,0.05,36.0,36.0,True,0.02702702702702703,0.8076923076923077,0.8076923076923077,0.9438202247191011,0.7058823529411765,0.84375,0.7748161764705883,0.15625,156.25,84,5,27,35,,,,,,,256.0,,,,,,,,,,,,,,,,
main,zipper,20260715,freqpatch_lite,168.0,36.0,36.0,240.0,0.15070245901006274,1835.34375,1800,691200,0.11889633399550803,0.995,0.8526785714285714,0.9321985662542596,0.9602673328085298,0.3514026692431325,2.4498634338378906,0.05,36.0,36.0,True,0.02702702702702703,0.3194444444444444,0.3194444444444444,0.92,0.19327731092436976,0.9375,0.5653886554621849,0.0625,62.5,23,2,30,96,,,,,,,,,,,,,,,,,,,,,,,
main,zipper,20260715,frequency_only,168.0,36.0,36.0,240.0,0.15070245901006274,1834.1875,1800,691200,0.11889633399550803,0.995,0.7623424369747899,0.9154439673777778,0.8094257078802568,0.08396031650520529,41.50558090209961,0.05,36.0,36.0,True,0.02702702702702703,0.28776978417266186,0.28776978417266186,1.0,0.16806722689075632,1.0,0.5840336134453782,0.0,0.0,20,0,32,99,,,,,,,,,,,,,,,,,,,,,,,
main,zipper,20260715,padim_diag,168.0,36.0,36.0,240.0,0.15070245901006274,1834.328125,1800,691200,0.11889633399550803,0.995,0.9251575630252101,0.9684918242776374,0.9621553328682326,0.34769109864108116,6.7439093589782715,0.05,36.0,36.0,True,0.02702702702702703,0.7058823529411765,0.7058823529411765,0.9705882352941176,0.5546218487394958,0.9375,0.7460609243697479,0.0625,62.5,66,2,30,53,,,,,,,,,,,,,,,,,,,,,,,
main,zipper,20260715,padim_freq_gate,168.0,36.0,36.0,240.0,0.15070245901006274,1835.796875,1800,691200,0.11889633399550803,0.995,0.9246323529411765,0.969513606838367,0.9621568231436508,0.34665840216211713,6.865457057952881,0.05,36.0,36.0,True,0.02702702702702703,0.7127659574468085,0.7127659574468085,0.9710144927536232,0.5630252100840336,0.9375,0.7502626050420168,0.0625,62.5,67,2,30,52,,,,,,,,,,,,,,,,,,,,,,,
main,zipper,20260715,patchcore_lite,168.0,36.0,36.0,240.0,0.15070245901006274,1835.34375,1800,691200,0.11889633399550803,0.995,0.8511029411764707,0.9309955673134632,0.9602964073481293,0.3544983072222841,2.309898853302002,0.05,36.0,36.0,True,0.02702702702702703,0.35374149659863946,0.35374149659863946,0.9285714285714286,0.2184873949579832,0.9375,0.5779936974789917,0.0625,62.5,26,2,30,93,,,,,,,,,,,,,,,,,,,,,,,
strong_baseline,zipper,20260715,patchcore_wr50_compact,168.0,36.0,36.0,,1.2841172920016106,,1800,1843200,,,0.8655462184873949,0.953034438318909,0.9029429103795339,0.2497739725446423,1.8057068586349487,0.05,36.0,36.0,True,0.02702702702702703,0.6918918918918919,0.6918918918918919,0.9696969696969697,0.5378151260504201,0.9375,0.73765756302521,0.0625,62.5,64,2,30,55,,,,,,,256.0,,,,,,,,,,,,,,,,
main,zipper,20260716,freqpatch_lite,168.0,36.0,36.0,240.0,0.15068037499440834,1950.828125,1800,691200,0.11859479200211354,0.995,0.875,0.9457317065771498,0.9600312632614145,0.3720420410970597,1.847174882888794,0.05,36.0,36.0,True,0.02702702702702703,0.7575757575757576,0.7575757575757576,0.9493670886075949,0.6302521008403361,0.875,0.7526260504201681,0.125,125.0,75,4,28,44,,,,,,,,,,,,,,,,,,,,,,,
main,zipper,20260716,frequency_only,168.0,36.0,36.0,240.0,0.15068037499440834,1835.8125,1800,691200,0.11859479200211354,0.995,0.7914915966386553,0.924085961913288,0.8033835020874929,0.08174867829588103,15.73691177368164,0.05,36.0,36.0,True,0.02702702702702703,0.3586206896551724,0.3586206896551724,1.0,0.2184873949579832,1.0,0.6092436974789917,0.0,0.0,26,0,32,93,,,,,,,,,,,,,,,,,,,,,,,
main,zipper,20260716,padim_diag,168.0,36.0,36.0,240.0,0.15068037499440834,1951.015625,1800,691200,0.11859479200211354,0.995,0.9038865546218489,0.9626581886460983,0.9624777141511438,0.3453491866149084,5.333181381225586,0.05,36.0,36.0,True,0.02702702702702703,0.8636363636363636,0.8636363636363636,0.9405940594059405,0.7983193277310925,0.8125,0.8054096638655462,0.1875,187.5,95,6,26,24,,,,,,,,,,,,,,,,,,,,,,,
main,zipper,20260716,padim_freq_gate,168.0,36.0,36.0,240.0,0.15068037499440834,1951.15625,1800,691200,0.11859479200211354,0.995,0.9030987394957983,0.9632161759884799,0.9625294019929345,0.3454588131898292,5.333181381225586,0.05,36.0,36.0,True,0.02702702702702703,0.8636363636363636,0.8636363636363636,0.9405940594059405,0.7983193277310925,0.8125,0.8054096638655462,0.1875,187.5,95,6,26,24,,,,,,,,,,,,,,,,,,,,,,,
main,zipper,20260716,patchcore_lite,168.0,36.0,36.0,240.0,0.15068037499440834,1950.828125,1800,691200,0.11859479200211354,0.995,0.8776260504201681,0.9504741500301013,0.9600496819788166,0.37553746713668157,1.847174882888794,0.05,36.0,36.0,True,0.02702702702702703,0.7384615384615385,0.7384615384615385,0.9473684210526315,0.6050420168067226,0.875,0.7400210084033614,0.125,125.0,72,4,28,47,,,,,,,,,,,,,,,,,,,,,,,
strong_baseline,zipper,20260716,patchcore_wr50_compact,168.0,36.0,36.0,,1.3555657080141827,,1800,1843200,,,0.8676470588235294,0.9541786656272391,0.9047179530118414,0.2583663631260114,2.038203239440918,0.05,36.0,36.0,True,0.02702702702702703,0.7225130890052356,0.7225130890052356,0.9583333333333334,0.5798319327731093,0.90625,0.7430409663865547,0.09375,93.75,69,3,29,50,,,,,,,256.0,,,,,,,,,,,,,,,,
