experiment,category,seed,method,fit_images,branch_calibration_images,threshold_calibration_images,total_normal_images,fit_and_score_seconds,rss_mb,memory_vectors,memory_bytes,patchcore_scoring_seconds,branch_upper_quantile,image_auroc,image_ap,pixel_auroc,pixel_ap,threshold,threshold_alpha,threshold_calibration_count,threshold_conformal_rank,threshold_is_finite,threshold_min_attainable_alpha,image_f1_conformal,image_f1_normal95,image_precision_conformal,image_recall_conformal,image_specificity_conformal,image_balanced_accuracy_conformal,normal_fpr_conformal,false_alarms_per_1000_normals,test_true_positive,test_false_positive,test_true_negative,test_false_negative,weight,normal_budget,upper_quantile,branch_calibration_fraction,translation_px,brightness,descriptor_channels,condition,translation_dx,translation_dy,border_mode,registration_dx,registration_dy,interior_image_auroc,interior_image_ap,interior_normal_fpr,interior_recall,valid_pixel_fraction,interior_grid_x0,interior_grid_x1,interior_grid_y0,interior_grid_y1,interior_grid_valid_cells,interior_grid_total_cells,interior_equivalent_pixel_x0,interior_equivalent_pixel_x1,interior_equivalent_pixel_y0,interior_equivalent_pixel_y1,normal_budget_requested,normal_budget_achieved,allocation_strategy,priority_target,priority_achieved
threshold_priority,bottle,20260714,freqpatch_lite,12.0,2.0,2.0,,,,256,98304,0.013167625002097338,0.995,0.9936507936507936,0.998080818348845,0.9770928724785924,0.7144643718669006,,0.05,2.0,3.0,False,0.3333333333333333,0.0,0.0,0.0,0.0,1.0,0.5,0.0,0.0,0,0,20,63,,,,,,,,,,,,,,,,,,,,,,,,,,,,,16.0,16.0,proportional,,False
threshold_priority,bottle,20260714,patchcore_lite,12.0,2.0,2.0,,,,256,98304,0.013167625002097338,0.995,0.9944444444444444,0.9983368347338936,0.976812618737664,0.7082472859655637,,0.05,2.0,3.0,False,0.3333333333333333,0.0,0.0,0.0,0.0,1.0,0.5,0.0,0.0,0,0,20,63,,,,,,,,,,,,,,,,,,,,,,,,,,,,,16.0,16.0,proportional,,False
threshold_priority,bottle,20260715,freqpatch_lite,12.0,2.0,2.0,,,,256,98304,0.01401787500071805,0.995,0.9952380952380951,0.9985443882433589,0.9760762024426175,0.7123939549716825,,0.05,2.0,3.0,False,0.3333333333333333,0.0,0.0,0.0,0.0,1.0,0.5,0.0,0.0,0,0,20,63,,,,,,,,,,,,,,,,,,,,,,,,,,,,,16.0,16.0,proportional,,False
threshold_priority,bottle,20260715,patchcore_lite,12.0,2.0,2.0,,,,256,98304,0.01401787500071805,0.995,0.9952380952380951,0.9985443882433589,0.9758878896730291,0.7069446290875882,,0.05,2.0,3.0,False,0.3333333333333333,0.0,0.0,0.0,0.0,1.0,0.5,0.0,0.0,0,0,20,63,,,,,,,,,,,,,,,,,,,,,,,,,,,,,16.0,16.0,proportional,,False
threshold_priority,bottle,20260716,freqpatch_lite,12.0,2.0,2.0,,,,256,98304,0.017776542001229245,0.995,0.992063492063492,0.9974136069235119,0.9788322281192727,0.7210118690816578,,0.05,2.0,3.0,False,0.3333333333333333,0.0,0.0,0.0,0.0,1.0,0.5,0.0,0.0,0,0,20,63,,,,,,,,,,,,,,,,,,,,,,,,,,,,,16.0,16.0,proportional,,False
threshold_priority,bottle,20260716,patchcore_lite,12.0,2.0,2.0,,,,256,98304,0.017776542001229245,0.995,0.9912698412698412,0.9971301602114937,0.9785456248734771,0.7148167850483181,,0.05,2.0,3.0,False,0.3333333333333333,0.0,0.0,0.0,0.0,1.0,0.5,0.0,0.0,0,0,20,63,,,,,,,,,,,,,,,,,,,,,,,,,,,,,16.0,16.0,proportional,,False
threshold_priority,cable,20260714,freqpatch_lite,12.0,2.0,2.0,,,,256,98304,0.030775749997701496,0.995,0.8043478260869567,0.8914103619211577,0.9420166481888067,0.49688100091557164,,0.05,2.0,3.0,False,0.3333333333333333,0.0,0.0,0.0,0.0,1.0,0.5,0.0,0.0,0,0,58,92,,,,,,,,,,,,,,,,,,,,,,,,,,,,,16.0,16.0,proportional,,False
threshold_priority,cable,20260714,patchcore_lite,12.0,2.0,2.0,,,,256,98304,0.030775749997701496,0.995,0.8052848575712146,0.8919863828874435,0.9420204358994804,0.4979854965333587,,0.05,2.0,3.0,False,0.3333333333333333,0.0,0.0,0.0,0.0,1.0,0.5,0.0,0.0,0,0,58,92,,,,,,,,,,,,,,,,,,,,,,,,,,,,,16.0,16.0,proportional,,False
threshold_priority,cable,20260715,freqpatch_lite,12.0,2.0,2.0,,,,256,98304,0.0427819590040599,0.995,0.7974137931034483,0.8800111886158921,0.9460721873014164,0.5360529169156011,,0.05,2.0,3.0,False,0.3333333333333333,0.0,0.0,0.0,0.0,1.0,0.5,0.0,0.0,0,0,58,92,,,,,,,,,,,,,,,,,,,,,,,,,,,,,16.0,16.0,proportional,,False
threshold_priority,cable,20260715,patchcore_lite,12.0,2.0,2.0,,,,256,98304,0.0427819590040599,0.995,0.7962893553223389,0.8791660992933213,0.9460820512230312,0.5383558237136581,,0.05,2.0,3.0,False,0.3333333333333333,0.0,0.0,0.0,0.0,1.0,0.5,0.0,0.0,0,0,58,92,,,,,,,,,,,,,,,,,,,,,,,,,,,,,16.0,16.0,proportional,,False
threshold_priority,cable,20260716,freqpatch_lite,12.0,2.0,2.0,,,,256,98304,0.03000774999964051,0.995,0.7897301349325337,0.8859939439543361,0.9487803321246688,0.5487965275217321,,0.05,2.0,3.0,False,0.3333333333333333,0.0,0.0,0.0,0.0,1.0,0.5,0.0,0.0,0,0,58,92,,,,,,,,,,,,,,,,,,,,,,,,,,,,,16.0,16.0,proportional,,False
threshold_priority,cable,20260716,patchcore_lite,12.0,2.0,2.0,,,,256,98304,0.03000774999964051,0.995,0.7955397301349326,0.8904534526175863,0.9488040367909116,0.5524345120688474,,0.05,2.0,3.0,False,0.3333333333333333,0.0,0.0,0.0,0.0,1.0,0.5,0.0,0.0,0,0,58,92,,,,,,,,,,,,,,,,,,,,,,,,,,,,,16.0,16.0,proportional,,False
threshold_priority,capsule,20260714,freqpatch_lite,12.0,2.0,2.0,,,,256,98304,0.027668750000884756,0.995,0.600319106501795,0.8603594852707437,0.9476783509526977,0.17879095704412798,,0.05,2.0,3.0,False,0.3333333333333333,0.0,0.0,0.0,0.0,1.0,0.5,0.0,0.0,0,0,23,109,,,,,,,,,,,,,,,,,,,,,,,,,,,,,16.0,16.0,proportional,,False
threshold_priority,capsule,20260714,patchcore_lite,12.0,2.0,2.0,,,,256,98304,0.027668750000884756,0.995,0.603111288392501,0.8655095339829609,0.9477426497556023,0.18617246714294813,,0.05,2.0,3.0,False,0.3333333333333333,0.0,0.0,0.0,0.0,1.0,0.5,0.0,0.0,0,0,23,109,,,,,,,,,,,,,,,,,,,,,,,,,,,,,16.0,16.0,proportional,,False
threshold_priority,capsule,20260715,freqpatch_lite,12.0,2.0,2.0,,,,256,98304,0.0328049580057268,0.995,0.6250498603909056,0.8946941322953805,0.9481722946507776,0.22154563919487336,,0.05,2.0,3.0,False,0.3333333333333333,0.0,0.0,0.0,0.0,1.0,0.5,0.0,0.0,0,0,23,109,,,,,,,,,,,,,,,,,,,,,,,,,,,,,16.0,16.0,proportional,,False
threshold_priority,capsule,20260715,patchcore_lite,12.0,2.0,2.0,,,,256,98304,0.0328049580057268,0.995,0.6238532110091743,0.8952419684803433,0.9481819554956858,0.22371934302267105,,0.05,2.0,3.0,False,0.3333333333333333,0.0,0.0,0.0,0.0,1.0,0.5,0.0,0.0,0,0,23,109,,,,,,,,,,,,,,,,,,,,,,,,,,,,,16.0,16.0,proportional,,False
threshold_priority,capsule,20260716,freqpatch_lite,12.0,2.0,2.0,,,,256,98304,0.0716632080002455,0.995,0.6521739130434784,0.8977631918324929,0.9556215374996108,0.24741661133648252,,0.05,2.0,3.0,False,0.3333333333333333,0.0,0.0,0.0,0.0,1.0,0.5,0.0,0.0,0,0,23,109,,,,,,,,,,,,,,,,,,,,,,,,,,,,,16.0,16.0,proportional,,False
threshold_priority,capsule,20260716,patchcore_lite,12.0,2.0,2.0,,,,256,98304,0.0716632080002455,0.995,0.6617471080973275,0.9050868193891055,0.9556390140874241,0.2533779853995987,,0.05,2.0,3.0,False,0.3333333333333333,0.0,0.0,0.0,0.0,1.0,0.5,0.0,0.0,0,0,23,109,,,,,,,,,,,,,,,,,,,,,,,,,,,,,16.0,16.0,proportional,,False
threshold_priority,carpet,20260714,freqpatch_lite,12.0,2.0,2.0,,,,256,98304,0.02224883300368674,0.995,0.8687800963081861,0.9535154436486761,0.9772532084716109,0.5796736659766314,,0.05,2.0,3.0,False,0.3333333333333333,0.0,0.0,0.0,0.0,1.0,0.5,0.0,0.0,0,0,28,89,,,,,,,,,,,,,,,,,,,,,,,,,,,,,16.0,16.0,proportional,,False
threshold_priority,carpet,20260714,patchcore_lite,12.0,2.0,2.0,,,,256,98304,0.02224883300368674,0.995,0.8679775280898876,0.9529178155620706,0.9772313057350154,0.5765603221014297,,0.05,2.0,3.0,False,0.3333333333333333,0.0,0.0,0.0,0.0,1.0,0.5,0.0,0.0,0,0,28,89,,,,,,,,,,,,,,,,,,,,,,,,,,,,,16.0,16.0,proportional,,False
threshold_priority,carpet,20260715,freqpatch_lite,12.0,2.0,2.0,,,,256,98304,0.025157457996101584,0.995,0.8615569823434991,0.9521470942304677,0.9710629204763728,0.5224863488633392,,0.05,2.0,3.0,False,0.3333333333333333,0.0,0.0,0.0,0.0,1.0,0.5,0.0,0.0,0,0,28,89,,,,,,,,,,,,,,,,,,,,,,,,,,,,,16.0,16.0,proportional,,False
threshold_priority,carpet,20260715,patchcore_lite,12.0,2.0,2.0,,,,256,98304,0.025157457996101584,0.995,0.8607544141252007,0.9521873344618559,0.9710375861390173,0.5189919744567323,,0.05,2.0,3.0,False,0.3333333333333333,0.0,0.0,0.0,0.0,1.0,0.5,0.0,0.0,0,0,28,89,,,,,,,,,,,,,,,,,,,,,,,,,,,,,16.0,16.0,proportional,,False
threshold_priority,carpet,20260716,freqpatch_lite,12.0,2.0,2.0,,,,256,98304,0.030861332998028956,0.995,0.8828250401284109,0.9599350517962155,0.9744446604999792,0.5403111399735019,,0.05,2.0,3.0,False,0.3333333333333333,0.0,0.0,0.0,0.0,1.0,0.5,0.0,0.0,0,0,28,89,,,,,,,,,,,,,,,,,,,,,,,,,,,,,16.0,16.0,proportional,,False
threshold_priority,carpet,20260716,patchcore_lite,12.0,2.0,2.0,,,,256,98304,0.030861332998028956,0.995,0.8824237560192616,0.9596469503845186,0.9744229889616768,0.5361538864736338,,0.05,2.0,3.0,False,0.3333333333333333,0.0,0.0,0.0,0.0,1.0,0.5,0.0,0.0,0,0,28,89,,,,,,,,,,,,,,,,,,,,,,,,,,,,,16.0,16.0,proportional,,False
threshold_priority,grid,20260714,freqpatch_lite,12.0,2.0,2.0,,,,256,98304,0.011772290999942925,0.995,0.5162907268170426,0.7330729917673682,0.6994274662509266,0.01480456017950861,,0.05,2.0,3.0,False,0.3333333333333333,0.0,0.0,0.0,0.0,1.0,0.5,0.0,0.0,0,0,21,57,,,,,,,,,,,,,,,,,,,,,,,,,,,,,16.0,16.0,proportional,,False
threshold_priority,grid,20260714,patchcore_lite,12.0,2.0,2.0,,,,256,98304,0.011772290999942925,0.995,0.5162907268170426,0.7330729917673682,0.6994275146467499,0.014804697138661387,,0.05,2.0,3.0,False,0.3333333333333333,0.0,0.0,0.0,0.0,1.0,0.5,0.0,0.0,0,0,21,57,,,,,,,,,,,,,,,,,,,,,,,,,,,,,16.0,16.0,proportional,,False
threshold_priority,grid,20260715,freqpatch_lite,12.0,2.0,2.0,,,,256,98304,0.018629625003086403,0.995,0.4720133667502089,0.6936858712945569,0.6974794245349851,0.016620986713344384,,0.05,2.0,3.0,False,0.3333333333333333,0.0,0.0,0.0,0.0,1.0,0.5,0.0,0.0,0,0,21,57,,,,,,,,,,,,,,,,,,,,,,,,,,,,,16.0,16.0,proportional,,False
threshold_priority,grid,20260715,patchcore_lite,12.0,2.0,2.0,,,,256,98304,0.018629625003086403,0.995,0.4728487886382623,0.6945121113890873,0.6974795136234078,0.016635055359912457,,0.05,2.0,3.0,False,0.3333333333333333,0.0,0.0,0.0,0.0,1.0,0.5,0.0,0.0,0,0,21,57,,,,,,,,,,,,,,,,,,,,,,,,,,,,,16.0,16.0,proportional,,False
threshold_priority,grid,20260716,freqpatch_lite,12.0,2.0,2.0,,,,256,98304,0.017314916003670078,0.995,0.38763575605680867,0.702269302113919,0.7513692864960996,0.024947914681866523,,0.05,2.0,3.0,False,0.3333333333333333,0.0,0.0,0.0,0.0,1.0,0.5,0.0,0.0,0,0,21,57,,,,,,,,,,,,,,,,,,,,,,,,,,,,,16.0,16.0,proportional,,False
threshold_priority,grid,20260716,patchcore_lite,12.0,2.0,2.0,,,,256,98304,0.017314916003670078,0.995,0.38763575605680867,0.702269302113919,0.7513700560010919,0.024953032661269664,,0.05,2.0,3.0,False,0.3333333333333333,0.0,0.0,0.0,0.0,1.0,0.5,0.0,0.0,0,0,21,57,,,,,,,,,,,,,,,,,,,,,,,,,,,,,16.0,16.0,proportional,,False
threshold_priority,hazelnut,20260714,freqpatch_lite,12.0,2.0,2.0,,,,256,98304,0.023652000003494322,0.995,0.8703571428571429,0.913533292772219,0.9590213089802393,0.39248006737857666,,0.05,2.0,3.0,False,0.3333333333333333,0.0,0.0,0.0,0.0,1.0,0.5,0.0,0.0,0,0,40,70,,,,,,,,,,,,,,,,,,,,,,,,,,,,,16.0,16.0,proportional,,False
threshold_priority,hazelnut,20260714,patchcore_lite,12.0,2.0,2.0,,,,256,98304,0.023652000003494322,0.995,0.8685714285714287,0.9106236662261447,0.9590190585702769,0.3920450751592936,,0.05,2.0,3.0,False,0.3333333333333333,0.0,0.0,0.0,0.0,1.0,0.5,0.0,0.0,0,0,40,70,,,,,,,,,,,,,,,,,,,,,,,,,,,,,16.0,16.0,proportional,,False
threshold_priority,hazelnut,20260715,freqpatch_lite,12.0,2.0,2.0,,,,256,98304,0.02135337499930756,0.995,0.9342857142857143,0.9645314613940732,0.9682765164931169,0.43942916754279987,,0.05,2.0,3.0,False,0.3333333333333333,0.0,0.0,0.0,0.0,1.0,0.5,0.0,0.0,0,0,40,70,,,,,,,,,,,,,,,,,,,,,,,,,,,,,16.0,16.0,proportional,,False
threshold_priority,hazelnut,20260715,patchcore_lite,12.0,2.0,2.0,,,,256,98304,0.02135337499930756,0.995,0.9332142857142858,0.9629263929206169,0.9681995762780382,0.43159071902532,,0.05,2.0,3.0,False,0.3333333333333333,0.0,0.0,0.0,0.0,1.0,0.5,0.0,0.0,0,0,40,70,,,,,,,,,,,,,,,,,,,,,,,,,,,,,16.0,16.0,proportional,,False
threshold_priority,hazelnut,20260716,freqpatch_lite,12.0,2.0,2.0,,,,256,98304,0.026862541999435052,0.995,0.9053571428571429,0.9359106413415341,0.9661465721809354,0.400464183186033,,0.05,2.0,3.0,False,0.3333333333333333,0.0,0.0,0.0,0.0,1.0,0.5,0.0,0.0,0,0,40,70,,,,,,,,,,,,,,,,,,,,,,,,,,,,,16.0,16.0,proportional,,False
threshold_priority,hazelnut,20260716,patchcore_lite,12.0,2.0,2.0,,,,256,98304,0.026862541999435052,0.995,0.9053571428571429,0.9359106413415341,0.9661442827829088,0.39989604906746223,,0.05,2.0,3.0,False,0.3333333333333333,0.0,0.0,0.0,0.0,1.0,0.5,0.0,0.0,0,0,40,70,,,,,,,,,,,,,,,,,,,,,,,,,,,,,16.0,16.0,proportional,,False
threshold_priority,leather,20260714,freqpatch_lite,12.0,2.0,2.0,,,,256,98304,0.023133417002100032,0.995,0.9955842391304348,0.998409548847639,0.9920856812511335,0.44896416133442013,,0.05,2.0,3.0,False,0.3333333333333333,0.0,0.0,0.0,0.0,1.0,0.5,0.0,0.0,0,0,32,92,,,,,,,,,,,,,,,,,,,,,,,,,,,,,16.0,16.0,proportional,,False
threshold_priority,leather,20260714,patchcore_lite,12.0,2.0,2.0,,,,256,98304,0.023133417002100032,0.995,0.9972826086956521,0.9990491121129488,0.9917497655183726,0.43184383691186756,,0.05,2.0,3.0,False,0.3333333333333333,0.0,0.0,0.0,0.0,1.0,0.5,0.0,0.0,0,0,32,92,,,,,,,,,,,,,,,,,,,,,,,,,,,,,16.0,16.0,proportional,,False
threshold_priority,leather,20260715,freqpatch_lite,12.0,2.0,2.0,,,,256,98304,0.03639975000260165,0.995,0.9952445652173914,0.9983497416111634,0.9920022353053993,0.44454087572971396,,0.05,2.0,3.0,False,0.3333333333333333,0.0,0.0,0.0,0.0,1.0,0.5,0.0,0.0,0,0,32,92,,,,,,,,,,,,,,,,,,,,,,,,,,,,,16.0,16.0,proportional,,False
threshold_priority,leather,20260715,patchcore_lite,12.0,2.0,2.0,,,,256,98304,0.03639975000260165,0.995,0.9962635869565217,0.9987203268752218,0.9917272877084207,0.43055496029480483,,0.05,2.0,3.0,False,0.3333333333333333,0.0,0.0,0.0,0.0,1.0,0.5,0.0,0.0,0,0,32,92,,,,,,,,,,,,,,,,,,,,,,,,,,,,,16.0,16.0,proportional,,False
threshold_priority,leather,20260716,freqpatch_lite,12.0,2.0,2.0,,,,256,98304,0.031612292004865594,0.995,0.9928668478260869,0.9976469937936815,0.9917592074212476,0.455211279932577,,0.05,2.0,3.0,False,0.3333333333333333,0.0,0.0,0.0,0.0,1.0,0.5,0.0,0.0,0,0,32,92,,,,,,,,,,,,,,,,,,,,,,,,,,,,,16.0,16.0,proportional,,False
threshold_priority,leather,20260716,patchcore_lite,12.0,2.0,2.0,,,,256,98304,0.031612292004865594,0.995,0.9938858695652173,0.997963407984776,0.9913502614782577,0.4342337536331708,,0.05,2.0,3.0,False,0.3333333333333333,0.0,0.0,0.0,0.0,1.0,0.5,0.0,0.0,0,0,32,92,,,,,,,,,,,,,,,,,,,,,,,,,,,,,16.0,16.0,proportional,,False
threshold_priority,metal_nut,20260714,freqpatch_lite,12.0,2.0,2.0,,,,256,98304,0.02317137499630917,0.995,0.6598240469208212,0.9029306192392887,0.9095517202147907,0.5601981877109333,,0.05,2.0,3.0,False,0.3333333333333333,0.0,0.0,0.0,0.0,1.0,0.5,0.0,0.0,0,0,22,93,,,,,,,,,,,,,,,,,,,,,,,,,,,,,16.0,16.0,proportional,,False
threshold_priority,metal_nut,20260714,patchcore_lite,12.0,2.0,2.0,,,,256,98304,0.02317137499630917,0.995,0.6632453567937439,0.9050480019471117,0.9095701533640871,0.5607558457453163,,0.05,2.0,3.0,False,0.3333333333333333,0.0,0.0,0.0,0.0,1.0,0.5,0.0,0.0,0,0,22,93,,,,,,,,,,,,,,,,,,,,,,,,,,,,,16.0,16.0,proportional,,False
threshold_priority,metal_nut,20260715,freqpatch_lite,12.0,2.0,2.0,,,,256,98304,0.025415957999939565,0.995,0.8240469208211144,0.9561351225556005,0.9219859641724375,0.6034830265967209,,0.05,2.0,3.0,False,0.3333333333333333,0.0,0.0,0.0,0.0,1.0,0.5,0.0,0.0,0,0,22,93,,,,,,,,,,,,,,,,,,,,,,,,,,,,,16.0,16.0,proportional,,False
threshold_priority,metal_nut,20260715,patchcore_lite,12.0,2.0,2.0,,,,256,98304,0.025415957999939565,0.995,0.8250244379276638,0.9563271910266691,0.9219936019018262,0.6037155192223909,,0.05,2.0,3.0,False,0.3333333333333333,0.0,0.0,0.0,0.0,1.0,0.5,0.0,0.0,0,0,22,93,,,,,,,,,,,,,,,,,,,,,,,,,,,,,16.0,16.0,proportional,,False
threshold_priority,metal_nut,20260716,freqpatch_lite,12.0,2.0,2.0,,,,256,98304,0.03632283300248673,0.995,0.6378299120234604,0.8842714506523603,0.9171635909171671,0.5506953762386495,,0.05,2.0,3.0,False,0.3333333333333333,0.0,0.0,0.0,0.0,1.0,0.5,0.0,0.0,0,0,22,93,,,,,,,,,,,,,,,,,,,,,,,,,,,,,16.0,16.0,proportional,,False
threshold_priority,metal_nut,20260716,patchcore_lite,12.0,2.0,2.0,,,,256,98304,0.03632283300248673,0.995,0.6358748778103617,0.8835602126689159,0.9171642244973522,0.5507221219916958,,0.05,2.0,3.0,False,0.3333333333333333,0.0,0.0,0.0,0.0,1.0,0.5,0.0,0.0,0,0,22,93,,,,,,,,,,,,,,,,,,,,,,,,,,,,,16.0,16.0,proportional,,False
threshold_priority,pill,20260714,freqpatch_lite,12.0,2.0,2.0,,,,256,98304,0.025045333000889514,0.995,0.7624113475177305,0.9453146424707572,0.9461708974733796,0.4986041692513849,,0.05,2.0,3.0,False,0.3333333333333333,0.0,0.0,0.0,0.0,1.0,0.5,0.0,0.0,0,0,26,141,,,,,,,,,,,,,,,,,,,,,,,,,,,,,16.0,16.0,proportional,,False
threshold_priority,pill,20260714,patchcore_lite,12.0,2.0,2.0,,,,256,98304,0.025045333000889514,0.995,0.7594108019639935,0.9437438101084399,0.9461373558010614,0.4963346301949892,,0.05,2.0,3.0,False,0.3333333333333333,0.0,0.0,0.0,0.0,1.0,0.5,0.0,0.0,0,0,26,141,,,,,,,,,,,,,,,,,,,,,,,,,,,,,16.0,16.0,proportional,,False
threshold_priority,pill,20260715,freqpatch_lite,12.0,2.0,2.0,,,,256,98304,0.027325208000547718,0.995,0.8442444080741953,0.9680258666614246,0.9416562742332635,0.5035514182414974,,0.05,2.0,3.0,False,0.3333333333333333,0.0,0.0,0.0,0.0,1.0,0.5,0.0,0.0,0,0,26,141,,,,,,,,,,,,,,,,,,,,,,,,,,,,,16.0,16.0,proportional,,False
threshold_priority,pill,20260715,patchcore_lite,12.0,2.0,2.0,,,,256,98304,0.027325208000547718,0.995,0.8450627386797599,0.968321551331381,0.9416201590261514,0.5020661048078722,,0.05,2.0,3.0,False,0.3333333333333333,0.0,0.0,0.0,0.0,1.0,0.5,0.0,0.0,0,0,26,141,,,,,,,,,,,,,,,,,,,,,,,,,,,,,16.0,16.0,proportional,,False
threshold_priority,pill,20260716,freqpatch_lite,12.0,2.0,2.0,,,,256,98304,0.04065383299894165,0.995,0.7722313147845062,0.9510760236665377,0.9455167312970425,0.5483407734306521,,0.05,2.0,3.0,False,0.3333333333333333,0.0,0.0,0.0,0.0,1.0,0.5,0.0,0.0,0,0,26,141,,,,,,,,,,,,,,,,,,,,,,,,,,,,,16.0,16.0,proportional,,False
threshold_priority,pill,20260716,patchcore_lite,12.0,2.0,2.0,,,,256,98304,0.04065383299894165,0.995,0.7735951991271142,0.9519311340161615,0.9454220069268967,0.54276314999582,,0.05,2.0,3.0,False,0.3333333333333333,0.0,0.0,0.0,0.0,1.0,0.5,0.0,0.0,0,0,26,141,,,,,,,,,,,,,,,,,,,,,,,,,,,,,16.0,16.0,proportional,,False
threshold_priority,screw,20260714,freqpatch_lite,12.0,2.0,2.0,,,,256,98304,0.025837417000730056,0.995,0.4640295142447223,0.7407720720366648,0.9120490287391607,0.015664685416430266,,0.05,2.0,3.0,False,0.3333333333333333,0.0,0.0,0.0,0.0,1.0,0.5,0.0,0.0,0,0,41,119,,,,,,,,,,,,,,,,,,,,,,,,,,,,,16.0,16.0,proportional,,False
threshold_priority,screw,20260714,patchcore_lite,12.0,2.0,2.0,,,,256,98304,0.025837417000730056,0.995,0.4638245542119287,0.7404013355067588,0.9120490292194173,0.015664685850278606,,0.05,2.0,3.0,False,0.3333333333333333,0.0,0.0,0.0,0.0,1.0,0.5,0.0,0.0,0,0,41,119,,,,,,,,,,,,,,,,,,,,,,,,,,,,,16.0,16.0,proportional,,False
threshold_priority,screw,20260715,freqpatch_lite,12.0,2.0,2.0,,,,256,98304,0.031097416002012324,0.995,0.4275466284074606,0.7246424203987925,0.9066285369843338,0.013872246974753146,,0.05,2.0,3.0,False,0.3333333333333333,0.0,0.0,0.0,0.0,1.0,0.5,0.0,0.0,0,0,41,119,,,,,,,,,,,,,,,,,,,,,,,,,,,,,16.0,16.0,proportional,,False
threshold_priority,screw,20260715,patchcore_lite,12.0,2.0,2.0,,,,256,98304,0.031097416002012324,0.995,0.4275466284074606,0.7246424203987925,0.9066285733060793,0.013872273616843744,,0.05,2.0,3.0,False,0.3333333333333333,0.0,0.0,0.0,0.0,1.0,0.5,0.0,0.0,0,0,41,119,,,,,,,,,,,,,,,,,,,,,,,,,,,,,16.0,16.0,proportional,,False
threshold_priority,screw,20260716,freqpatch_lite,12.0,2.0,2.0,,,,256,98304,0.035038624999288004,0.995,0.4047960647673704,0.7089748190921992,0.8733633624005788,0.010661227738122609,,0.05,2.0,3.0,False,0.3333333333333333,0.0,0.0,0.0,0.0,1.0,0.5,0.0,0.0,0,0,41,119,,,,,,,,,,,,,,,,,,,,,,,,,,,,,16.0,16.0,proportional,,False
threshold_priority,screw,20260716,patchcore_lite,12.0,2.0,2.0,,,,256,98304,0.035038624999288004,0.995,0.402951424472228,0.7074300442384566,0.8733628477370062,0.010661050559937798,,0.05,2.0,3.0,False,0.3333333333333333,0.0,0.0,0.0,0.0,1.0,0.5,0.0,0.0,0,0,41,119,,,,,,,,,,,,,,,,,,,,,,,,,,,,,16.0,16.0,proportional,,False
threshold_priority,tile,20260714,freqpatch_lite,12.0,2.0,2.0,,,,256,98304,0.020997583997086622,0.995,0.9231601731601731,0.9714094917505829,0.9093413280718722,0.40456405214720415,,0.05,2.0,3.0,False,0.3333333333333333,0.0,0.0,0.0,0.0,1.0,0.5,0.0,0.0,0,0,33,84,,,,,,,,,,,,,,,,,,,,,,,,,,,,,16.0,16.0,proportional,,False
threshold_priority,tile,20260714,patchcore_lite,12.0,2.0,2.0,,,,256,98304,0.020997583997086622,0.995,0.9238816738816739,0.9716575901763309,0.9093423979485381,0.40418956799843153,,0.05,2.0,3.0,False,0.3333333333333333,0.0,0.0,0.0,0.0,1.0,0.5,0.0,0.0,0,0,33,84,,,,,,,,,,,,,,,,,,,,,,,,,,,,,16.0,16.0,proportional,,False
threshold_priority,tile,20260715,freqpatch_lite,12.0,2.0,2.0,,,,256,98304,0.02123333299823571,0.995,0.9332611832611833,0.975489547268203,0.9084569814911231,0.4129121610335897,,0.05,2.0,3.0,False,0.3333333333333333,0.0,0.0,0.0,0.0,1.0,0.5,0.0,0.0,0,0,33,84,,,,,,,,,,,,,,,,,,,,,,,,,,,,,16.0,16.0,proportional,,False
threshold_priority,tile,20260715,patchcore_lite,12.0,2.0,2.0,,,,256,98304,0.02123333299823571,0.995,0.9314574314574315,0.9748776300033507,0.9084758616930348,0.4131937514802141,,0.05,2.0,3.0,False,0.3333333333333333,0.0,0.0,0.0,0.0,1.0,0.5,0.0,0.0,0,0,33,84,,,,,,,,,,,,,,,,,,,,,,,,,,,,,16.0,16.0,proportional,,False
threshold_priority,tile,20260716,freqpatch_lite,12.0,2.0,2.0,,,,256,98304,0.03297287500026869,0.995,0.9361471861471861,0.9760845147250234,0.9113568812730874,0.41183357205607635,,0.05,2.0,3.0,False,0.3333333333333333,0.0,0.0,0.0,0.0,1.0,0.5,0.0,0.0,0,0,33,84,,,,,,,,,,,,,,,,,,,,,,,,,,,,,16.0,16.0,proportional,,False
threshold_priority,tile,20260716,patchcore_lite,12.0,2.0,2.0,,,,256,98304,0.03297287500026869,0.995,0.9347041847041847,0.9754052705943923,0.9113546168340048,0.4115910675026225,,0.05,2.0,3.0,False,0.3333333333333333,0.0,0.0,0.0,0.0,1.0,0.5,0.0,0.0,0,0,33,84,,,,,,,,,,,,,,,,,,,,,,,,,,,,,16.0,16.0,proportional,,False
threshold_priority,toothbrush,20260714,freqpatch_lite,12.0,2.0,2.0,,,,256,98304,0.009115291002672166,0.995,0.7833333333333333,0.9160679411431669,0.9609055915040239,0.37490265022131897,,0.05,2.0,3.0,False,0.3333333333333333,0.0,0.0,0.0,0.0,1.0,0.5,0.0,0.0,0,0,12,30,,,,,,,,,,,,,,,,,,,,,,,,,,,,,16.0,16.0,proportional,,False
threshold_priority,toothbrush,20260714,patchcore_lite,12.0,2.0,2.0,,,,256,98304,0.009115291002672166,0.995,0.7833333333333333,0.9160679411431669,0.9609630236492812,0.38417822693402176,,0.05,2.0,3.0,False,0.3333333333333333,0.0,0.0,0.0,0.0,1.0,0.5,0.0,0.0,0,0,12,30,,,,,,,,,,,,,,,,,,,,,,,,,,,,,16.0,16.0,proportional,,False
threshold_priority,toothbrush,20260715,freqpatch_lite,12.0,2.0,2.0,,,,256,98304,0.009242083004210144,0.995,0.7444444444444446,0.9060131967118051,0.9677067982192852,0.4199254634561854,,0.05,2.0,3.0,False,0.3333333333333333,0.0,0.0,0.0,0.0,1.0,0.5,0.0,0.0,0,0,12,30,,,,,,,,,,,,,,,,,,,,,,,,,,,,,16.0,16.0,proportional,,False
threshold_priority,toothbrush,20260715,patchcore_lite,12.0,2.0,2.0,,,,256,98304,0.009242083004210144,0.995,0.7416666666666667,0.9043562766338326,0.9677814988985425,0.43021461361405106,,0.05,2.0,3.0,False,0.3333333333333333,0.0,0.0,0.0,0.0,1.0,0.5,0.0,0.0,0,0,12,30,,,,,,,,,,,,,,,,,,,,,,,,,,,,,16.0,16.0,proportional,,False
threshold_priority,toothbrush,20260716,freqpatch_lite,12.0,2.0,2.0,,,,256,98304,0.010150917005375959,0.995,0.8166666666666668,0.9257682091930628,0.957169576379032,0.34511420747658844,,0.05,2.0,3.0,False,0.3333333333333333,0.0,0.0,0.0,0.0,1.0,0.5,0.0,0.0,0,0,12,30,,,,,,,,,,,,,,,,,,,,,,,,,,,,,16.0,16.0,proportional,,False
threshold_priority,toothbrush,20260716,patchcore_lite,12.0,2.0,2.0,,,,256,98304,0.010150917005375959,0.995,0.8166666666666668,0.9257682091930628,0.9572095895541732,0.3511098887227409,,0.05,2.0,3.0,False,0.3333333333333333,0.0,0.0,0.0,0.0,1.0,0.5,0.0,0.0,0,0,12,30,,,,,,,,,,,,,,,,,,,,,,,,,,,,,16.0,16.0,proportional,,False
threshold_priority,transistor,20260714,freqpatch_lite,12.0,2.0,2.0,,,,256,98304,0.015844666995690204,0.995,0.7375,0.7416616901115758,0.7788066375126296,0.3684666544364489,,0.05,2.0,3.0,False,0.3333333333333333,0.0,0.0,0.0,0.0,1.0,0.5,0.0,0.0,0,0,60,40,,,,,,,,,,,,,,,,,,,,,,,,,,,,,16.0,16.0,proportional,,False
threshold_priority,transistor,20260714,patchcore_lite,12.0,2.0,2.0,,,,256,98304,0.015844666995690204,0.995,0.7379166666666668,0.7437191762111617,0.7787958675490912,0.367568258684555,,0.05,2.0,3.0,False,0.3333333333333333,0.0,0.0,0.0,0.0,1.0,0.5,0.0,0.0,0,0,60,40,,,,,,,,,,,,,,,,,,,,,,,,,,,,,16.0,16.0,proportional,,False
threshold_priority,transistor,20260715,freqpatch_lite,12.0,2.0,2.0,,,,256,98304,0.022318499999528285,0.995,0.7720833333333333,0.7540531148783906,0.7690560414525156,0.35885629989144685,,0.05,2.0,3.0,False,0.3333333333333333,0.0,0.0,0.0,0.0,1.0,0.5,0.0,0.0,0,0,60,40,,,,,,,,,,,,,,,,,,,,,,,,,,,,,16.0,16.0,proportional,,False
threshold_priority,transistor,20260715,patchcore_lite,12.0,2.0,2.0,,,,256,98304,0.022318499999528285,0.995,0.7729166666666667,0.7513143059135609,0.7690314023167886,0.35867109188852514,,0.05,2.0,3.0,False,0.3333333333333333,0.0,0.0,0.0,0.0,1.0,0.5,0.0,0.0,0,0,60,40,,,,,,,,,,,,,,,,,,,,,,,,,,,,,16.0,16.0,proportional,,False
threshold_priority,transistor,20260716,freqpatch_lite,12.0,2.0,2.0,,,,256,98304,0.0222723750048317,0.995,0.7570833333333334,0.7594823054233345,0.800905926958126,0.3937108408439718,,0.05,2.0,3.0,False,0.3333333333333333,0.0,0.0,0.0,0.0,1.0,0.5,0.0,0.0,0,0,60,40,,,,,,,,,,,,,,,,,,,,,,,,,,,,,16.0,16.0,proportional,,False
threshold_priority,transistor,20260716,patchcore_lite,12.0,2.0,2.0,,,,256,98304,0.0222723750048317,0.995,0.75875,0.7639992995251622,0.8008939170655365,0.39280110396727147,,0.05,2.0,3.0,False,0.3333333333333333,0.0,0.0,0.0,0.0,1.0,0.5,0.0,0.0,0,0,60,40,,,,,,,,,,,,,,,,,,,,,,,,,,,,,16.0,16.0,proportional,,False
threshold_priority,wood,20260714,freqpatch_lite,12.0,2.0,2.0,,,,256,98304,0.01527183299913304,0.995,0.9833333333333333,0.9949674403096374,0.9130115732331436,0.3985386572718901,,0.05,2.0,3.0,False,0.3333333333333333,0.0,0.0,0.0,0.0,1.0,0.5,0.0,0.0,0,0,19,60,,,,,,,,,,,,,,,,,,,,,,,,,,,,,16.0,16.0,proportional,,False
threshold_priority,wood,20260714,patchcore_lite,12.0,2.0,2.0,,,,256,98304,0.01527183299913304,0.995,0.9824561403508772,0.9946587983343288,0.9130060248622229,0.3983158139599903,,0.05,2.0,3.0,False,0.3333333333333333,0.0,0.0,0.0,0.0,1.0,0.5,0.0,0.0,0,0,19,60,,,,,,,,,,,,,,,,,,,,,,,,,,,,,16.0,16.0,proportional,,False
threshold_priority,wood,20260715,freqpatch_lite,12.0,2.0,2.0,,,,256,98304,0.01451058300153818,0.995,0.9850877192982456,0.9954593958564932,0.9220556119445141,0.42251188371782683,,0.05,2.0,3.0,False,0.3333333333333333,0.0,0.0,0.0,0.0,1.0,0.5,0.0,0.0,0,0,19,60,,,,,,,,,,,,,,,,,,,,,,,,,,,,,16.0,16.0,proportional,,False
threshold_priority,wood,20260715,patchcore_lite,12.0,2.0,2.0,,,,256,98304,0.01451058300153818,0.995,0.9850877192982456,0.9954593958564932,0.9218039963850491,0.4185771534046865,,0.05,2.0,3.0,False,0.3333333333333333,0.0,0.0,0.0,0.0,1.0,0.5,0.0,0.0,0,0,19,60,,,,,,,,,,,,,,,,,,,,,,,,,,,,,16.0,16.0,proportional,,False
threshold_priority,wood,20260716,freqpatch_lite,12.0,2.0,2.0,,,,256,98304,0.01387208300002385,0.995,0.9868421052631579,0.9960193262689261,0.9300808608090518,0.4240991311710666,,0.05,2.0,3.0,False,0.3333333333333333,0.0,0.0,0.0,0.0,1.0,0.5,0.0,0.0,0,0,19,60,,,,,,,,,,,,,,,,,,,,,,,,,,,,,16.0,16.0,proportional,,False
threshold_priority,wood,20260716,patchcore_lite,12.0,2.0,2.0,,,,256,98304,0.01387208300002385,0.995,0.9868421052631579,0.9960193262689261,0.9300575922570369,0.42341845233957953,,0.05,2.0,3.0,False,0.3333333333333333,0.0,0.0,0.0,0.0,1.0,0.5,0.0,0.0,0,0,19,60,,,,,,,,,,,,,,,,,,,,,,,,,,,,,16.0,16.0,proportional,,False
threshold_priority,zipper,20260714,freqpatch_lite,12.0,2.0,2.0,,,,256,98304,0.026270750000549015,0.995,0.6512605042016807,0.8495414369566312,0.9049918642241603,0.14408368536112562,,0.05,2.0,3.0,False,0.3333333333333333,0.0,0.0,0.0,0.0,1.0,0.5,0.0,0.0,0,0,32,119,,,,,,,,,,,,,,,,,,,,,,,,,,,,,16.0,16.0,proportional,,False
threshold_priority,zipper,20260714,patchcore_lite,12.0,2.0,2.0,,,,256,98304,0.026270750000549015,0.995,0.649422268907563,0.8463305906011586,0.9049957141193735,0.14416116047530206,,0.05,2.0,3.0,False,0.3333333333333333,0.0,0.0,0.0,0.0,1.0,0.5,0.0,0.0,0,0,32,119,,,,,,,,,,,,,,,,,,,,,,,,,,,,,16.0,16.0,proportional,,False
threshold_priority,zipper,20260715,freqpatch_lite,12.0,2.0,2.0,,,,256,98304,0.037665165997168515,0.995,0.6163340336134453,0.8347538619128816,0.9108499343468248,0.15072072481822282,,0.05,2.0,3.0,False,0.3333333333333333,0.0,0.0,0.0,0.0,1.0,0.5,0.0,0.0,0,0,32,119,,,,,,,,,,,,,,,,,,,,,,,,,,,,,16.0,16.0,proportional,,False
threshold_priority,zipper,20260715,patchcore_lite,12.0,2.0,2.0,,,,256,98304,0.037665165997168515,0.995,0.615546218487395,0.8343765604917299,0.9108497832141855,0.15068503623660523,,0.05,2.0,3.0,False,0.3333333333333333,0.0,0.0,0.0,0.0,1.0,0.5,0.0,0.0,0,0,32,119,,,,,,,,,,,,,,,,,,,,,,,,,,,,,16.0,16.0,proportional,,False
threshold_priority,zipper,20260716,freqpatch_lite,12.0,2.0,2.0,,,,256,98304,0.033289166996837594,0.995,0.5751050420168067,0.8270964956714906,0.9109299351934581,0.15808126767215017,,0.05,2.0,3.0,False,0.3333333333333333,0.0,0.0,0.0,0.0,1.0,0.5,0.0,0.0,0,0,32,119,,,,,,,,,,,,,,,,,,,,,,,,,,,,,16.0,16.0,proportional,,False
threshold_priority,zipper,20260716,patchcore_lite,12.0,2.0,2.0,,,,256,98304,0.033289166996837594,0.995,0.5716911764705882,0.825456191889859,0.910925828169332,0.15765296570224208,,0.05,2.0,3.0,False,0.3333333333333333,0.0,0.0,0.0,0.0,1.0,0.5,0.0,0.0,0,0,32,119,,,,,,,,,,,,,,,,,,,,,,,,,,,,,16.0,16.0,proportional,,False
threshold_priority,bottle,20260714,freqpatch_lite,12.0,2.0,2.0,,,,256,98304,0.01636254200275289,0.995,0.9936507936507936,0.998080818348845,0.9770928724785924,0.7144643718669006,,0.05,2.0,3.0,False,0.3333333333333333,0.0,0.0,0.0,0.0,1.0,0.5,0.0,0.0,0,0,20,63,,,,,,,,,,,,,,,,,,,,,,,,,,,,,16.0,16.0,threshold_prioritized,19.0,False
threshold_priority,bottle,20260714,patchcore_lite,12.0,2.0,2.0,,,,256,98304,0.01636254200275289,0.995,0.9944444444444444,0.9983368347338936,0.976812618737664,0.7082472859655637,,0.05,2.0,3.0,False,0.3333333333333333,0.0,0.0,0.0,0.0,1.0,0.5,0.0,0.0,0,0,20,63,,,,,,,,,,,,,,,,,,,,,,,,,,,,,16.0,16.0,threshold_prioritized,19.0,False
threshold_priority,bottle,20260715,freqpatch_lite,12.0,2.0,2.0,,,,256,98304,0.022804332998930477,0.995,0.9952380952380951,0.9985443882433589,0.9760762024426175,0.7123939549716825,,0.05,2.0,3.0,False,0.3333333333333333,0.0,0.0,0.0,0.0,1.0,0.5,0.0,0.0,0,0,20,63,,,,,,,,,,,,,,,,,,,,,,,,,,,,,16.0,16.0,threshold_prioritized,19.0,False
threshold_priority,bottle,20260715,patchcore_lite,12.0,2.0,2.0,,,,256,98304,0.022804332998930477,0.995,0.9952380952380951,0.9985443882433589,0.9758878896730291,0.7069446290875882,,0.05,2.0,3.0,False,0.3333333333333333,0.0,0.0,0.0,0.0,1.0,0.5,0.0,0.0,0,0,20,63,,,,,,,,,,,,,,,,,,,,,,,,,,,,,16.0,16.0,threshold_prioritized,19.0,False
threshold_priority,bottle,20260716,freqpatch_lite,12.0,2.0,2.0,,,,256,98304,0.019586417001846712,0.995,0.992063492063492,0.9974136069235119,0.9788322281192727,0.7210118690816578,,0.05,2.0,3.0,False,0.3333333333333333,0.0,0.0,0.0,0.0,1.0,0.5,0.0,0.0,0,0,20,63,,,,,,,,,,,,,,,,,,,,,,,,,,,,,16.0,16.0,threshold_prioritized,19.0,False
threshold_priority,bottle,20260716,patchcore_lite,12.0,2.0,2.0,,,,256,98304,0.019586417001846712,0.995,0.9912698412698412,0.9971301602114937,0.9785456248734771,0.7148167850483181,,0.05,2.0,3.0,False,0.3333333333333333,0.0,0.0,0.0,0.0,1.0,0.5,0.0,0.0,0,0,20,63,,,,,,,,,,,,,,,,,,,,,,,,,,,,,16.0,16.0,threshold_prioritized,19.0,False
threshold_priority,cable,20260714,freqpatch_lite,12.0,2.0,2.0,,,,256,98304,0.04086095800448675,0.995,0.8043478260869567,0.8914103619211577,0.9420166481888067,0.49688100091557164,,0.05,2.0,3.0,False,0.3333333333333333,0.0,0.0,0.0,0.0,1.0,0.5,0.0,0.0,0,0,58,92,,,,,,,,,,,,,,,,,,,,,,,,,,,,,16.0,16.0,threshold_prioritized,19.0,False
threshold_priority,cable,20260714,patchcore_lite,12.0,2.0,2.0,,,,256,98304,0.04086095800448675,0.995,0.8052848575712146,0.8919863828874435,0.9420204358994804,0.4979854965333587,,0.05,2.0,3.0,False,0.3333333333333333,0.0,0.0,0.0,0.0,1.0,0.5,0.0,0.0,0,0,58,92,,,,,,,,,,,,,,,,,,,,,,,,,,,,,16.0,16.0,threshold_prioritized,19.0,False
threshold_priority,cable,20260715,freqpatch_lite,12.0,2.0,2.0,,,,256,98304,0.033379415996023454,0.995,0.7974137931034483,0.8800111886158921,0.9460721873014164,0.5360529169156011,,0.05,2.0,3.0,False,0.3333333333333333,0.0,0.0,0.0,0.0,1.0,0.5,0.0,0.0,0,0,58,92,,,,,,,,,,,,,,,,,,,,,,,,,,,,,16.0,16.0,threshold_prioritized,19.0,False
threshold_priority,cable,20260715,patchcore_lite,12.0,2.0,2.0,,,,256,98304,0.033379415996023454,0.995,0.7962893553223389,0.8791660992933213,0.9460820512230312,0.5383558237136581,,0.05,2.0,3.0,False,0.3333333333333333,0.0,0.0,0.0,0.0,1.0,0.5,0.0,0.0,0,0,58,92,,,,,,,,,,,,,,,,,,,,,,,,,,,,,16.0,16.0,threshold_prioritized,19.0,False
threshold_priority,cable,20260716,freqpatch_lite,12.0,2.0,2.0,,,,256,98304,0.026983250005287118,0.995,0.7897301349325337,0.8859939439543361,0.9487803321246688,0.5487965275217321,,0.05,2.0,3.0,False,0.3333333333333333,0.0,0.0,0.0,0.0,1.0,0.5,0.0,0.0,0,0,58,92,,,,,,,,,,,,,,,,,,,,,,,,,,,,,16.0,16.0,threshold_prioritized,19.0,False
threshold_priority,cable,20260716,patchcore_lite,12.0,2.0,2.0,,,,256,98304,0.026983250005287118,0.995,0.7955397301349326,0.8904534526175863,0.9488040367909116,0.5524345120688474,,0.05,2.0,3.0,False,0.3333333333333333,0.0,0.0,0.0,0.0,1.0,0.5,0.0,0.0,0,0,58,92,,,,,,,,,,,,,,,,,,,,,,,,,,,,,16.0,16.0,threshold_prioritized,19.0,False
threshold_priority,capsule,20260714,freqpatch_lite,12.0,2.0,2.0,,,,256,98304,0.03004954200150678,0.995,0.600319106501795,0.8603594852707437,0.9476783509526977,0.17879095704412798,,0.05,2.0,3.0,False,0.3333333333333333,0.0,0.0,0.0,0.0,1.0,0.5,0.0,0.0,0,0,23,109,,,,,,,,,,,,,,,,,,,,,,,,,,,,,16.0,16.0,threshold_prioritized,19.0,False
threshold_priority,capsule,20260714,patchcore_lite,12.0,2.0,2.0,,,,256,98304,0.03004954200150678,0.995,0.603111288392501,0.8655095339829609,0.9477426497556023,0.18617246714294813,,0.05,2.0,3.0,False,0.3333333333333333,0.0,0.0,0.0,0.0,1.0,0.5,0.0,0.0,0,0,23,109,,,,,,,,,,,,,,,,,,,,,,,,,,,,,16.0,16.0,threshold_prioritized,19.0,False
threshold_priority,capsule,20260715,freqpatch_lite,12.0,2.0,2.0,,,,256,98304,0.0339063339997665,0.995,0.6250498603909056,0.8946941322953805,0.9481722946507776,0.22154563919487336,,0.05,2.0,3.0,False,0.3333333333333333,0.0,0.0,0.0,0.0,1.0,0.5,0.0,0.0,0,0,23,109,,,,,,,,,,,,,,,,,,,,,,,,,,,,,16.0,16.0,threshold_prioritized,19.0,False
threshold_priority,capsule,20260715,patchcore_lite,12.0,2.0,2.0,,,,256,98304,0.0339063339997665,0.995,0.6238532110091743,0.8952419684803433,0.9481819554956858,0.22371934302267105,,0.05,2.0,3.0,False,0.3333333333333333,0.0,0.0,0.0,0.0,1.0,0.5,0.0,0.0,0,0,23,109,,,,,,,,,,,,,,,,,,,,,,,,,,,,,16.0,16.0,threshold_prioritized,19.0,False
threshold_priority,capsule,20260716,freqpatch_lite,12.0,2.0,2.0,,,,256,98304,0.050594833002833184,0.995,0.6521739130434784,0.8977631918324929,0.9556215374996108,0.24741661133648252,,0.05,2.0,3.0,False,0.3333333333333333,0.0,0.0,0.0,0.0,1.0,0.5,0.0,0.0,0,0,23,109,,,,,,,,,,,,,,,,,,,,,,,,,,,,,16.0,16.0,threshold_prioritized,19.0,False
threshold_priority,capsule,20260716,patchcore_lite,12.0,2.0,2.0,,,,256,98304,0.050594833002833184,0.995,0.6617471080973275,0.9050868193891055,0.9556390140874241,0.2533779853995987,,0.05,2.0,3.0,False,0.3333333333333333,0.0,0.0,0.0,0.0,1.0,0.5,0.0,0.0,0,0,23,109,,,,,,,,,,,,,,,,,,,,,,,,,,,,,16.0,16.0,threshold_prioritized,19.0,False
threshold_priority,carpet,20260714,freqpatch_lite,12.0,2.0,2.0,,,,256,98304,0.027676166995661333,0.995,0.8687800963081861,0.9535154436486761,0.9772532084716109,0.5796736659766314,,0.05,2.0,3.0,False,0.3333333333333333,0.0,0.0,0.0,0.0,1.0,0.5,0.0,0.0,0,0,28,89,,,,,,,,,,,,,,,,,,,,,,,,,,,,,16.0,16.0,threshold_prioritized,19.0,False
threshold_priority,carpet,20260714,patchcore_lite,12.0,2.0,2.0,,,,256,98304,0.027676166995661333,0.995,0.8679775280898876,0.9529178155620706,0.9772313057350154,0.5765603221014297,,0.05,2.0,3.0,False,0.3333333333333333,0.0,0.0,0.0,0.0,1.0,0.5,0.0,0.0,0,0,28,89,,,,,,,,,,,,,,,,,,,,,,,,,,,,,16.0,16.0,threshold_prioritized,19.0,False
threshold_priority,carpet,20260715,freqpatch_lite,12.0,2.0,2.0,,,,256,98304,0.025316999999631662,0.995,0.8615569823434991,0.9521470942304677,0.9710629204763728,0.5224863488633392,,0.05,2.0,3.0,False,0.3333333333333333,0.0,0.0,0.0,0.0,1.0,0.5,0.0,0.0,0,0,28,89,,,,,,,,,,,,,,,,,,,,,,,,,,,,,16.0,16.0,threshold_prioritized,19.0,False
threshold_priority,carpet,20260715,patchcore_lite,12.0,2.0,2.0,,,,256,98304,0.025316999999631662,0.995,0.8607544141252007,0.9521873344618559,0.9710375861390173,0.5189919744567323,,0.05,2.0,3.0,False,0.3333333333333333,0.0,0.0,0.0,0.0,1.0,0.5,0.0,0.0,0,0,28,89,,,,,,,,,,,,,,,,,,,,,,,,,,,,,16.0,16.0,threshold_prioritized,19.0,False
threshold_priority,carpet,20260716,freqpatch_lite,12.0,2.0,2.0,,,,256,98304,0.027432292001321912,0.995,0.8828250401284109,0.9599350517962155,0.9744446604999792,0.5403111399735019,,0.05,2.0,3.0,False,0.3333333333333333,0.0,0.0,0.0,0.0,1.0,0.5,0.0,0.0,0,0,28,89,,,,,,,,,,,,,,,,,,,,,,,,,,,,,16.0,16.0,threshold_prioritized,19.0,False
threshold_priority,carpet,20260716,patchcore_lite,12.0,2.0,2.0,,,,256,98304,0.027432292001321912,0.995,0.8824237560192616,0.9596469503845186,0.9744229889616768,0.5361538864736338,,0.05,2.0,3.0,False,0.3333333333333333,0.0,0.0,0.0,0.0,1.0,0.5,0.0,0.0,0,0,28,89,,,,,,,,,,,,,,,,,,,,,,,,,,,,,16.0,16.0,threshold_prioritized,19.0,False
threshold_priority,grid,20260714,freqpatch_lite,12.0,2.0,2.0,,,,256,98304,0.01301183299801778,0.995,0.5162907268170426,0.7330729917673682,0.6994274662509266,0.01480456017950861,,0.05,2.0,3.0,False,0.3333333333333333,0.0,0.0,0.0,0.0,1.0,0.5,0.0,0.0,0,0,21,57,,,,,,,,,,,,,,,,,,,,,,,,,,,,,16.0,16.0,threshold_prioritized,19.0,False
threshold_priority,grid,20260714,patchcore_lite,12.0,2.0,2.0,,,,256,98304,0.01301183299801778,0.995,0.5162907268170426,0.7330729917673682,0.6994275146467499,0.014804697138661387,,0.05,2.0,3.0,False,0.3333333333333333,0.0,0.0,0.0,0.0,1.0,0.5,0.0,0.0,0,0,21,57,,,,,,,,,,,,,,,,,,,,,,,,,,,,,16.0,16.0,threshold_prioritized,19.0,False
threshold_priority,grid,20260715,freqpatch_lite,12.0,2.0,2.0,,,,256,98304,0.020063333999132738,0.995,0.4720133667502089,0.6936858712945569,0.6974794245349851,0.016620986713344384,,0.05,2.0,3.0,False,0.3333333333333333,0.0,0.0,0.0,0.0,1.0,0.5,0.0,0.0,0,0,21,57,,,,,,,,,,,,,,,,,,,,,,,,,,,,,16.0,16.0,threshold_prioritized,19.0,False
threshold_priority,grid,20260715,patchcore_lite,12.0,2.0,2.0,,,,256,98304,0.020063333999132738,0.995,0.4728487886382623,0.6945121113890873,0.6974795136234078,0.016635055359912457,,0.05,2.0,3.0,False,0.3333333333333333,0.0,0.0,0.0,0.0,1.0,0.5,0.0,0.0,0,0,21,57,,,,,,,,,,,,,,,,,,,,,,,,,,,,,16.0,16.0,threshold_prioritized,19.0,False
threshold_priority,grid,20260716,freqpatch_lite,12.0,2.0,2.0,,,,256,98304,0.01865837500372436,0.995,0.38763575605680867,0.702269302113919,0.7513692864960996,0.024947914681866523,,0.05,2.0,3.0,False,0.3333333333333333,0.0,0.0,0.0,0.0,1.0,0.5,0.0,0.0,0,0,21,57,,,,,,,,,,,,,,,,,,,,,,,,,,,,,16.0,16.0,threshold_prioritized,19.0,False
threshold_priority,grid,20260716,patchcore_lite,12.0,2.0,2.0,,,,256,98304,0.01865837500372436,0.995,0.38763575605680867,0.702269302113919,0.7513700560010919,0.024953032661269664,,0.05,2.0,3.0,False,0.3333333333333333,0.0,0.0,0.0,0.0,1.0,0.5,0.0,0.0,0,0,21,57,,,,,,,,,,,,,,,,,,,,,,,,,,,,,16.0,16.0,threshold_prioritized,19.0,False
threshold_priority,hazelnut,20260714,freqpatch_lite,12.0,2.0,2.0,,,,256,98304,0.029453583003487438,0.995,0.8703571428571429,0.913533292772219,0.9590213089802393,0.39248006737857666,,0.05,2.0,3.0,False,0.3333333333333333,0.0,0.0,0.0,0.0,1.0,0.5,0.0,0.0,0,0,40,70,,,,,,,,,,,,,,,,,,,,,,,,,,,,,16.0,16.0,threshold_prioritized,19.0,False
threshold_priority,hazelnut,20260714,patchcore_lite,12.0,2.0,2.0,,,,256,98304,0.029453583003487438,0.995,0.8685714285714287,0.9106236662261447,0.9590190585702769,0.3920450751592936,,0.05,2.0,3.0,False,0.3333333333333333,0.0,0.0,0.0,0.0,1.0,0.5,0.0,0.0,0,0,40,70,,,,,,,,,,,,,,,,,,,,,,,,,,,,,16.0,16.0,threshold_prioritized,19.0,False
threshold_priority,hazelnut,20260715,freqpatch_lite,12.0,2.0,2.0,,,,256,98304,0.020142417000897694,0.995,0.9342857142857143,0.9645314613940732,0.9682765164931169,0.43942916754279987,,0.05,2.0,3.0,False,0.3333333333333333,0.0,0.0,0.0,0.0,1.0,0.5,0.0,0.0,0,0,40,70,,,,,,,,,,,,,,,,,,,,,,,,,,,,,16.0,16.0,threshold_prioritized,19.0,False
threshold_priority,hazelnut,20260715,patchcore_lite,12.0,2.0,2.0,,,,256,98304,0.020142417000897694,0.995,0.9332142857142858,0.9629263929206169,0.9681995762780382,0.43159071902532,,0.05,2.0,3.0,False,0.3333333333333333,0.0,0.0,0.0,0.0,1.0,0.5,0.0,0.0,0,0,40,70,,,,,,,,,,,,,,,,,,,,,,,,,,,,,16.0,16.0,threshold_prioritized,19.0,False
threshold_priority,hazelnut,20260716,freqpatch_lite,12.0,2.0,2.0,,,,256,98304,0.01937704200099688,0.995,0.9053571428571429,0.9359106413415341,0.9661465721809354,0.400464183186033,,0.05,2.0,3.0,False,0.3333333333333333,0.0,0.0,0.0,0.0,1.0,0.5,0.0,0.0,0,0,40,70,,,,,,,,,,,,,,,,,,,,,,,,,,,,,16.0,16.0,threshold_prioritized,19.0,False
threshold_priority,hazelnut,20260716,patchcore_lite,12.0,2.0,2.0,,,,256,98304,0.01937704200099688,0.995,0.9053571428571429,0.9359106413415341,0.9661442827829088,0.39989604906746223,,0.05,2.0,3.0,False,0.3333333333333333,0.0,0.0,0.0,0.0,1.0,0.5,0.0,0.0,0,0,40,70,,,,,,,,,,,,,,,,,,,,,,,,,,,,,16.0,16.0,threshold_prioritized,19.0,False
threshold_priority,leather,20260714,freqpatch_lite,12.0,2.0,2.0,,,,256,98304,0.0351240419986425,0.995,0.9955842391304348,0.998409548847639,0.9920856812511335,0.44896416133442013,,0.05,2.0,3.0,False,0.3333333333333333,0.0,0.0,0.0,0.0,1.0,0.5,0.0,0.0,0,0,32,92,,,,,,,,,,,,,,,,,,,,,,,,,,,,,16.0,16.0,threshold_prioritized,19.0,False
threshold_priority,leather,20260714,patchcore_lite,12.0,2.0,2.0,,,,256,98304,0.0351240419986425,0.995,0.9972826086956521,0.9990491121129488,0.9917497655183726,0.43184383691186756,,0.05,2.0,3.0,False,0.3333333333333333,0.0,0.0,0.0,0.0,1.0,0.5,0.0,0.0,0,0,32,92,,,,,,,,,,,,,,,,,,,,,,,,,,,,,16.0,16.0,threshold_prioritized,19.0,False
threshold_priority,leather,20260715,freqpatch_lite,12.0,2.0,2.0,,,,256,98304,0.02758695800002897,0.995,0.9952445652173914,0.9983497416111634,0.9920022353053993,0.44454087572971396,,0.05,2.0,3.0,False,0.3333333333333333,0.0,0.0,0.0,0.0,1.0,0.5,0.0,0.0,0,0,32,92,,,,,,,,,,,,,,,,,,,,,,,,,,,,,16.0,16.0,threshold_prioritized,19.0,False
threshold_priority,leather,20260715,patchcore_lite,12.0,2.0,2.0,,,,256,98304,0.02758695800002897,0.995,0.9962635869565217,0.9987203268752218,0.9917272877084207,0.43055496029480483,,0.05,2.0,3.0,False,0.3333333333333333,0.0,0.0,0.0,0.0,1.0,0.5,0.0,0.0,0,0,32,92,,,,,,,,,,,,,,,,,,,,,,,,,,,,,16.0,16.0,threshold_prioritized,19.0,False
threshold_priority,leather,20260716,freqpatch_lite,12.0,2.0,2.0,,,,256,98304,0.02331837500241818,0.995,0.9928668478260869,0.9976469937936815,0.9917592074212476,0.455211279932577,,0.05,2.0,3.0,False,0.3333333333333333,0.0,0.0,0.0,0.0,1.0,0.5,0.0,0.0,0,0,32,92,,,,,,,,,,,,,,,,,,,,,,,,,,,,,16.0,16.0,threshold_prioritized,19.0,False
threshold_priority,leather,20260716,patchcore_lite,12.0,2.0,2.0,,,,256,98304,0.02331837500241818,0.995,0.9938858695652173,0.997963407984776,0.9913502614782577,0.4342337536331708,,0.05,2.0,3.0,False,0.3333333333333333,0.0,0.0,0.0,0.0,1.0,0.5,0.0,0.0,0,0,32,92,,,,,,,,,,,,,,,,,,,,,,,,,,,,,16.0,16.0,threshold_prioritized,19.0,False
threshold_priority,metal_nut,20260714,freqpatch_lite,12.0,2.0,2.0,,,,256,98304,0.02528629200241994,0.995,0.6598240469208212,0.9029306192392887,0.9095517202147907,0.5601981877109333,,0.05,2.0,3.0,False,0.3333333333333333,0.0,0.0,0.0,0.0,1.0,0.5,0.0,0.0,0,0,22,93,,,,,,,,,,,,,,,,,,,,,,,,,,,,,16.0,16.0,threshold_prioritized,19.0,False
threshold_priority,metal_nut,20260714,patchcore_lite,12.0,2.0,2.0,,,,256,98304,0.02528629200241994,0.995,0.6632453567937439,0.9050480019471117,0.9095701533640871,0.5607558457453163,,0.05,2.0,3.0,False,0.3333333333333333,0.0,0.0,0.0,0.0,1.0,0.5,0.0,0.0,0,0,22,93,,,,,,,,,,,,,,,,,,,,,,,,,,,,,16.0,16.0,threshold_prioritized,19.0,False
threshold_priority,metal_nut,20260715,freqpatch_lite,12.0,2.0,2.0,,,,256,98304,0.03574020799715072,0.995,0.8240469208211144,0.9561351225556005,0.9219859641724375,0.6034830265967209,,0.05,2.0,3.0,False,0.3333333333333333,0.0,0.0,0.0,0.0,1.0,0.5,0.0,0.0,0,0,22,93,,,,,,,,,,,,,,,,,,,,,,,,,,,,,16.0,16.0,threshold_prioritized,19.0,False
threshold_priority,metal_nut,20260715,patchcore_lite,12.0,2.0,2.0,,,,256,98304,0.03574020799715072,0.995,0.8250244379276638,0.9563271910266691,0.9219936019018262,0.6037155192223909,,0.05,2.0,3.0,False,0.3333333333333333,0.0,0.0,0.0,0.0,1.0,0.5,0.0,0.0,0,0,22,93,,,,,,,,,,,,,,,,,,,,,,,,,,,,,16.0,16.0,threshold_prioritized,19.0,False
threshold_priority,metal_nut,20260716,freqpatch_lite,12.0,2.0,2.0,,,,256,98304,0.025282791997597087,0.995,0.6378299120234604,0.8842714506523603,0.9171635909171671,0.5506953762386495,,0.05,2.0,3.0,False,0.3333333333333333,0.0,0.0,0.0,0.0,1.0,0.5,0.0,0.0,0,0,22,93,,,,,,,,,,,,,,,,,,,,,,,,,,,,,16.0,16.0,threshold_prioritized,19.0,False
threshold_priority,metal_nut,20260716,patchcore_lite,12.0,2.0,2.0,,,,256,98304,0.025282791997597087,0.995,0.6358748778103617,0.8835602126689159,0.9171642244973522,0.5507221219916958,,0.05,2.0,3.0,False,0.3333333333333333,0.0,0.0,0.0,0.0,1.0,0.5,0.0,0.0,0,0,22,93,,,,,,,,,,,,,,,,,,,,,,,,,,,,,16.0,16.0,threshold_prioritized,19.0,False
threshold_priority,pill,20260714,freqpatch_lite,12.0,2.0,2.0,,,,256,98304,0.03457495800103061,0.995,0.7624113475177305,0.9453146424707572,0.9461708974733796,0.4986041692513849,,0.05,2.0,3.0,False,0.3333333333333333,0.0,0.0,0.0,0.0,1.0,0.5,0.0,0.0,0,0,26,141,,,,,,,,,,,,,,,,,,,,,,,,,,,,,16.0,16.0,threshold_prioritized,19.0,False
threshold_priority,pill,20260714,patchcore_lite,12.0,2.0,2.0,,,,256,98304,0.03457495800103061,0.995,0.7594108019639935,0.9437438101084399,0.9461373558010614,0.4963346301949892,,0.05,2.0,3.0,False,0.3333333333333333,0.0,0.0,0.0,0.0,1.0,0.5,0.0,0.0,0,0,26,141,,,,,,,,,,,,,,,,,,,,,,,,,,,,,16.0,16.0,threshold_prioritized,19.0,False
threshold_priority,pill,20260715,freqpatch_lite,12.0,2.0,2.0,,,,256,98304,0.031802166995476,0.995,0.8442444080741953,0.9680258666614246,0.9416562742332635,0.5035514182414974,,0.05,2.0,3.0,False,0.3333333333333333,0.0,0.0,0.0,0.0,1.0,0.5,0.0,0.0,0,0,26,141,,,,,,,,,,,,,,,,,,,,,,,,,,,,,16.0,16.0,threshold_prioritized,19.0,False
threshold_priority,pill,20260715,patchcore_lite,12.0,2.0,2.0,,,,256,98304,0.031802166995476,0.995,0.8450627386797599,0.968321551331381,0.9416201590261514,0.5020661048078722,,0.05,2.0,3.0,False,0.3333333333333333,0.0,0.0,0.0,0.0,1.0,0.5,0.0,0.0,0,0,26,141,,,,,,,,,,,,,,,,,,,,,,,,,,,,,16.0,16.0,threshold_prioritized,19.0,False
threshold_priority,pill,20260716,freqpatch_lite,12.0,2.0,2.0,,,,256,98304,0.03734779099613661,0.995,0.7722313147845062,0.9510760236665377,0.9455167312970425,0.5483407734306521,,0.05,2.0,3.0,False,0.3333333333333333,0.0,0.0,0.0,0.0,1.0,0.5,0.0,0.0,0,0,26,141,,,,,,,,,,,,,,,,,,,,,,,,,,,,,16.0,16.0,threshold_prioritized,19.0,False
threshold_priority,pill,20260716,patchcore_lite,12.0,2.0,2.0,,,,256,98304,0.03734779099613661,0.995,0.7735951991271142,0.9519311340161615,0.9454220069268967,0.54276314999582,,0.05,2.0,3.0,False,0.3333333333333333,0.0,0.0,0.0,0.0,1.0,0.5,0.0,0.0,0,0,26,141,,,,,,,,,,,,,,,,,,,,,,,,,,,,,16.0,16.0,threshold_prioritized,19.0,False
threshold_priority,screw,20260714,freqpatch_lite,12.0,2.0,2.0,,,,256,98304,0.03470075000223005,0.995,0.4640295142447223,0.7407720720366648,0.9120490287391607,0.015664685416430266,,0.05,2.0,3.0,False,0.3333333333333333,0.0,0.0,0.0,0.0,1.0,0.5,0.0,0.0,0,0,41,119,,,,,,,,,,,,,,,,,,,,,,,,,,,,,16.0,16.0,threshold_prioritized,19.0,False
threshold_priority,screw,20260714,patchcore_lite,12.0,2.0,2.0,,,,256,98304,0.03470075000223005,0.995,0.4638245542119287,0.7404013355067588,0.9120490292194173,0.015664685850278606,,0.05,2.0,3.0,False,0.3333333333333333,0.0,0.0,0.0,0.0,1.0,0.5,0.0,0.0,0,0,41,119,,,,,,,,,,,,,,,,,,,,,,,,,,,,,16.0,16.0,threshold_prioritized,19.0,False
threshold_priority,screw,20260715,freqpatch_lite,12.0,2.0,2.0,,,,256,98304,0.027833750005811453,0.995,0.4275466284074606,0.7246424203987925,0.9066285369843338,0.013872246974753146,,0.05,2.0,3.0,False,0.3333333333333333,0.0,0.0,0.0,0.0,1.0,0.5,0.0,0.0,0,0,41,119,,,,,,,,,,,,,,,,,,,,,,,,,,,,,16.0,16.0,threshold_prioritized,19.0,False
threshold_priority,screw,20260715,patchcore_lite,12.0,2.0,2.0,,,,256,98304,0.027833750005811453,0.995,0.4275466284074606,0.7246424203987925,0.9066285733060793,0.013872273616843744,,0.05,2.0,3.0,False,0.3333333333333333,0.0,0.0,0.0,0.0,1.0,0.5,0.0,0.0,0,0,41,119,,,,,,,,,,,,,,,,,,,,,,,,,,,,,16.0,16.0,threshold_prioritized,19.0,False
threshold_priority,screw,20260716,freqpatch_lite,12.0,2.0,2.0,,,,256,98304,0.0445138329960173,0.995,0.4047960647673704,0.7089748190921992,0.8733633624005788,0.010661227738122609,,0.05,2.0,3.0,False,0.3333333333333333,0.0,0.0,0.0,0.0,1.0,0.5,0.0,0.0,0,0,41,119,,,,,,,,,,,,,,,,,,,,,,,,,,,,,16.0,16.0,threshold_prioritized,19.0,False
threshold_priority,screw,20260716,patchcore_lite,12.0,2.0,2.0,,,,256,98304,0.0445138329960173,0.995,0.402951424472228,0.7074300442384566,0.8733628477370062,0.010661050559937798,,0.05,2.0,3.0,False,0.3333333333333333,0.0,0.0,0.0,0.0,1.0,0.5,0.0,0.0,0,0,41,119,,,,,,,,,,,,,,,,,,,,,,,,,,,,,16.0,16.0,threshold_prioritized,19.0,False
threshold_priority,tile,20260714,freqpatch_lite,12.0,2.0,2.0,,,,256,98304,0.027518916998815257,0.995,0.9231601731601731,0.9714094917505829,0.9093413280718722,0.40456405214720415,,0.05,2.0,3.0,False,0.3333333333333333,0.0,0.0,0.0,0.0,1.0,0.5,0.0,0.0,0,0,33,84,,,,,,,,,,,,,,,,,,,,,,,,,,,,,16.0,16.0,threshold_prioritized,19.0,False
threshold_priority,tile,20260714,patchcore_lite,12.0,2.0,2.0,,,,256,98304,0.027518916998815257,0.995,0.9238816738816739,0.9716575901763309,0.9093423979485381,0.40418956799843153,,0.05,2.0,3.0,False,0.3333333333333333,0.0,0.0,0.0,0.0,1.0,0.5,0.0,0.0,0,0,33,84,,,,,,,,,,,,,,,,,,,,,,,,,,,,,16.0,16.0,threshold_prioritized,19.0,False
threshold_priority,tile,20260715,freqpatch_lite,12.0,2.0,2.0,,,,256,98304,0.02025912499811966,0.995,0.9332611832611833,0.975489547268203,0.9084569814911231,0.4129121610335897,,0.05,2.0,3.0,False,0.3333333333333333,0.0,0.0,0.0,0.0,1.0,0.5,0.0,0.0,0,0,33,84,,,,,,,,,,,,,,,,,,,,,,,,,,,,,16.0,16.0,threshold_prioritized,19.0,False
threshold_priority,tile,20260715,patchcore_lite,12.0,2.0,2.0,,,,256,98304,0.02025912499811966,0.995,0.9314574314574315,0.9748776300033507,0.9084758616930348,0.4131937514802141,,0.05,2.0,3.0,False,0.3333333333333333,0.0,0.0,0.0,0.0,1.0,0.5,0.0,0.0,0,0,33,84,,,,,,,,,,,,,,,,,,,,,,,,,,,,,16.0,16.0,threshold_prioritized,19.0,False
threshold_priority,tile,20260716,freqpatch_lite,12.0,2.0,2.0,,,,256,98304,0.02603399999497924,0.995,0.9361471861471861,0.9760845147250234,0.9113568812730874,0.41183357205607635,,0.05,2.0,3.0,False,0.3333333333333333,0.0,0.0,0.0,0.0,1.0,0.5,0.0,0.0,0,0,33,84,,,,,,,,,,,,,,,,,,,,,,,,,,,,,16.0,16.0,threshold_prioritized,19.0,False
threshold_priority,tile,20260716,patchcore_lite,12.0,2.0,2.0,,,,256,98304,0.02603399999497924,0.995,0.9347041847041847,0.9754052705943923,0.9113546168340048,0.4115910675026225,,0.05,2.0,3.0,False,0.3333333333333333,0.0,0.0,0.0,0.0,1.0,0.5,0.0,0.0,0,0,33,84,,,,,,,,,,,,,,,,,,,,,,,,,,,,,16.0,16.0,threshold_prioritized,19.0,False
threshold_priority,toothbrush,20260714,freqpatch_lite,12.0,2.0,2.0,,,,256,98304,0.011208458003238775,0.995,0.7833333333333333,0.9160679411431669,0.9609055915040239,0.37490265022131897,,0.05,2.0,3.0,False,0.3333333333333333,0.0,0.0,0.0,0.0,1.0,0.5,0.0,0.0,0,0,12,30,,,,,,,,,,,,,,,,,,,,,,,,,,,,,16.0,16.0,threshold_prioritized,19.0,False
threshold_priority,toothbrush,20260714,patchcore_lite,12.0,2.0,2.0,,,,256,98304,0.011208458003238775,0.995,0.7833333333333333,0.9160679411431669,0.9609630236492812,0.38417822693402176,,0.05,2.0,3.0,False,0.3333333333333333,0.0,0.0,0.0,0.0,1.0,0.5,0.0,0.0,0,0,12,30,,,,,,,,,,,,,,,,,,,,,,,,,,,,,16.0,16.0,threshold_prioritized,19.0,False
threshold_priority,toothbrush,20260715,freqpatch_lite,12.0,2.0,2.0,,,,256,98304,0.009536541998386383,0.995,0.7444444444444446,0.9060131967118051,0.9677067982192852,0.4199254634561854,,0.05,2.0,3.0,False,0.3333333333333333,0.0,0.0,0.0,0.0,1.0,0.5,0.0,0.0,0,0,12,30,,,,,,,,,,,,,,,,,,,,,,,,,,,,,16.0,16.0,threshold_prioritized,19.0,False
threshold_priority,toothbrush,20260715,patchcore_lite,12.0,2.0,2.0,,,,256,98304,0.009536541998386383,0.995,0.7416666666666667,0.9043562766338326,0.9677814988985425,0.43021461361405106,,0.05,2.0,3.0,False,0.3333333333333333,0.0,0.0,0.0,0.0,1.0,0.5,0.0,0.0,0,0,12,30,,,,,,,,,,,,,,,,,,,,,,,,,,,,,16.0,16.0,threshold_prioritized,19.0,False
threshold_priority,toothbrush,20260716,freqpatch_lite,12.0,2.0,2.0,,,,256,98304,0.009321915997134056,0.995,0.8166666666666668,0.9257682091930628,0.957169576379032,0.34511420747658844,,0.05,2.0,3.0,False,0.3333333333333333,0.0,0.0,0.0,0.0,1.0,0.5,0.0,0.0,0,0,12,30,,,,,,,,,,,,,,,,,,,,,,,,,,,,,16.0,16.0,threshold_prioritized,19.0,False
threshold_priority,toothbrush,20260716,patchcore_lite,12.0,2.0,2.0,,,,256,98304,0.009321915997134056,0.995,0.8166666666666668,0.9257682091930628,0.9572095895541732,0.3511098887227409,,0.05,2.0,3.0,False,0.3333333333333333,0.0,0.0,0.0,0.0,1.0,0.5,0.0,0.0,0,0,12,30,,,,,,,,,,,,,,,,,,,,,,,,,,,,,16.0,16.0,threshold_prioritized,19.0,False
threshold_priority,transistor,20260714,freqpatch_lite,12.0,2.0,2.0,,,,256,98304,0.02462304199434584,0.995,0.7375,0.7416616901115758,0.7788066375126296,0.3684666544364489,,0.05,2.0,3.0,False,0.3333333333333333,0.0,0.0,0.0,0.0,1.0,0.5,0.0,0.0,0,0,60,40,,,,,,,,,,,,,,,,,,,,,,,,,,,,,16.0,16.0,threshold_prioritized,19.0,False
threshold_priority,transistor,20260714,patchcore_lite,12.0,2.0,2.0,,,,256,98304,0.02462304199434584,0.995,0.7379166666666668,0.7437191762111617,0.7787958675490912,0.367568258684555,,0.05,2.0,3.0,False,0.3333333333333333,0.0,0.0,0.0,0.0,1.0,0.5,0.0,0.0,0,0,60,40,,,,,,,,,,,,,,,,,,,,,,,,,,,,,16.0,16.0,threshold_prioritized,19.0,False
threshold_priority,transistor,20260715,freqpatch_lite,12.0,2.0,2.0,,,,256,98304,0.02970120900135953,0.995,0.7720833333333333,0.7540531148783906,0.7690560414525156,0.35885629989144685,,0.05,2.0,3.0,False,0.3333333333333333,0.0,0.0,0.0,0.0,1.0,0.5,0.0,0.0,0,0,60,40,,,,,,,,,,,,,,,,,,,,,,,,,,,,,16.0,16.0,threshold_prioritized,19.0,False
threshold_priority,transistor,20260715,patchcore_lite,12.0,2.0,2.0,,,,256,98304,0.02970120900135953,0.995,0.7729166666666667,0.7513143059135609,0.7690314023167886,0.35867109188852514,,0.05,2.0,3.0,False,0.3333333333333333,0.0,0.0,0.0,0.0,1.0,0.5,0.0,0.0,0,0,60,40,,,,,,,,,,,,,,,,,,,,,,,,,,,,,16.0,16.0,threshold_prioritized,19.0,False
threshold_priority,transistor,20260716,freqpatch_lite,12.0,2.0,2.0,,,,256,98304,0.028671708998444956,0.995,0.7570833333333334,0.7594823054233345,0.800905926958126,0.3937108408439718,,0.05,2.0,3.0,False,0.3333333333333333,0.0,0.0,0.0,0.0,1.0,0.5,0.0,0.0,0,0,60,40,,,,,,,,,,,,,,,,,,,,,,,,,,,,,16.0,16.0,threshold_prioritized,19.0,False
threshold_priority,transistor,20260716,patchcore_lite,12.0,2.0,2.0,,,,256,98304,0.028671708998444956,0.995,0.75875,0.7639992995251622,0.8008939170655365,0.39280110396727147,,0.05,2.0,3.0,False,0.3333333333333333,0.0,0.0,0.0,0.0,1.0,0.5,0.0,0.0,0,0,60,40,,,,,,,,,,,,,,,,,,,,,,,,,,,,,16.0,16.0,threshold_prioritized,19.0,False
threshold_priority,wood,20260714,freqpatch_lite,12.0,2.0,2.0,,,,256,98304,0.029495167000277434,0.995,0.9833333333333333,0.9949674403096374,0.9130115732331436,0.3985386572718901,,0.05,2.0,3.0,False,0.3333333333333333,0.0,0.0,0.0,0.0,1.0,0.5,0.0,0.0,0,0,19,60,,,,,,,,,,,,,,,,,,,,,,,,,,,,,16.0,16.0,threshold_prioritized,19.0,False
threshold_priority,wood,20260714,patchcore_lite,12.0,2.0,2.0,,,,256,98304,0.029495167000277434,0.995,0.9824561403508772,0.9946587983343288,0.9130060248622229,0.3983158139599903,,0.05,2.0,3.0,False,0.3333333333333333,0.0,0.0,0.0,0.0,1.0,0.5,0.0,0.0,0,0,19,60,,,,,,,,,,,,,,,,,,,,,,,,,,,,,16.0,16.0,threshold_prioritized,19.0,False
threshold_priority,wood,20260715,freqpatch_lite,12.0,2.0,2.0,,,,256,98304,0.014813750000030268,0.995,0.9850877192982456,0.9954593958564932,0.9220556119445141,0.42251188371782683,,0.05,2.0,3.0,False,0.3333333333333333,0.0,0.0,0.0,0.0,1.0,0.5,0.0,0.0,0,0,19,60,,,,,,,,,,,,,,,,,,,,,,,,,,,,,16.0,16.0,threshold_prioritized,19.0,False
threshold_priority,wood,20260715,patchcore_lite,12.0,2.0,2.0,,,,256,98304,0.014813750000030268,0.995,0.9850877192982456,0.9954593958564932,0.9218039963850491,0.4185771534046865,,0.05,2.0,3.0,False,0.3333333333333333,0.0,0.0,0.0,0.0,1.0,0.5,0.0,0.0,0,0,19,60,,,,,,,,,,,,,,,,,,,,,,,,,,,,,16.0,16.0,threshold_prioritized,19.0,False
threshold_priority,wood,20260716,freqpatch_lite,12.0,2.0,2.0,,,,256,98304,0.013827750000928063,0.995,0.9868421052631579,0.9960193262689261,0.9300808608090518,0.4240991311710666,,0.05,2.0,3.0,False,0.3333333333333333,0.0,0.0,0.0,0.0,1.0,0.5,0.0,0.0,0,0,19,60,,,,,,,,,,,,,,,,,,,,,,,,,,,,,16.0,16.0,threshold_prioritized,19.0,False
threshold_priority,wood,20260716,patchcore_lite,12.0,2.0,2.0,,,,256,98304,0.013827750000928063,0.995,0.9868421052631579,0.9960193262689261,0.9300575922570369,0.42341845233957953,,0.05,2.0,3.0,False,0.3333333333333333,0.0,0.0,0.0,0.0,1.0,0.5,0.0,0.0,0,0,19,60,,,,,,,,,,,,,,,,,,,,,,,,,,,,,16.0,16.0,threshold_prioritized,19.0,False
threshold_priority,zipper,20260714,freqpatch_lite,12.0,2.0,2.0,,,,256,98304,0.04238370799430413,0.995,0.6512605042016807,0.8495414369566312,0.9049918642241603,0.14408368536112562,,0.05,2.0,3.0,False,0.3333333333333333,0.0,0.0,0.0,0.0,1.0,0.5,0.0,0.0,0,0,32,119,,,,,,,,,,,,,,,,,,,,,,,,,,,,,16.0,16.0,threshold_prioritized,19.0,False
threshold_priority,zipper,20260714,patchcore_lite,12.0,2.0,2.0,,,,256,98304,0.04238370799430413,0.995,0.649422268907563,0.8463305906011586,0.9049957141193735,0.14416116047530206,,0.05,2.0,3.0,False,0.3333333333333333,0.0,0.0,0.0,0.0,1.0,0.5,0.0,0.0,0,0,32,119,,,,,,,,,,,,,,,,,,,,,,,,,,,,,16.0,16.0,threshold_prioritized,19.0,False
threshold_priority,zipper,20260715,freqpatch_lite,12.0,2.0,2.0,,,,256,98304,0.03214720799587667,0.995,0.6163340336134453,0.8347538619128816,0.9108499343468248,0.15072072481822282,,0.05,2.0,3.0,False,0.3333333333333333,0.0,0.0,0.0,0.0,1.0,0.5,0.0,0.0,0,0,32,119,,,,,,,,,,,,,,,,,,,,,,,,,,,,,16.0,16.0,threshold_prioritized,19.0,False
threshold_priority,zipper,20260715,patchcore_lite,12.0,2.0,2.0,,,,256,98304,0.03214720799587667,0.995,0.615546218487395,0.8343765604917299,0.9108497832141855,0.15068503623660523,,0.05,2.0,3.0,False,0.3333333333333333,0.0,0.0,0.0,0.0,1.0,0.5,0.0,0.0,0,0,32,119,,,,,,,,,,,,,,,,,,,,,,,,,,,,,16.0,16.0,threshold_prioritized,19.0,False
threshold_priority,zipper,20260716,freqpatch_lite,12.0,2.0,2.0,,,,256,98304,0.023698167002294213,0.995,0.5751050420168067,0.8270964956714906,0.9109299351934581,0.15808126767215017,,0.05,2.0,3.0,False,0.3333333333333333,0.0,0.0,0.0,0.0,1.0,0.5,0.0,0.0,0,0,32,119,,,,,,,,,,,,,,,,,,,,,,,,,,,,,16.0,16.0,threshold_prioritized,19.0,False
threshold_priority,zipper,20260716,patchcore_lite,12.0,2.0,2.0,,,,256,98304,0.023698167002294213,0.995,0.5716911764705882,0.825456191889859,0.910925828169332,0.15765296570224208,,0.05,2.0,3.0,False,0.3333333333333333,0.0,0.0,0.0,0.0,1.0,0.5,0.0,0.0,0,0,32,119,,,,,,,,,,,,,,,,,,,,,,,,,,,,,16.0,16.0,threshold_prioritized,19.0,False
threshold_priority,bottle,20260714,freqpatch_lite,22.0,5.0,5.0,,,,345,132480,0.015543875000730623,0.995,0.9944444444444445,0.9982347877410014,0.9814145238695884,0.7346049753214122,,0.05,5.0,6.0,False,0.16666666666666666,0.0,0.0,0.0,0.0,1.0,0.5,0.0,0.0,0,0,20,63,,,,,,,,,,,,,,,,,,,,,,,,,,,,,32.0,32.0,proportional,,False
threshold_priority,bottle,20260714,patchcore_lite,22.0,5.0,5.0,,,,345,132480,0.015543875000730623,0.995,0.9944444444444445,0.9982347877410014,0.9808843634273696,0.7250345005390068,,0.05,5.0,6.0,False,0.16666666666666666,0.0,0.0,0.0,0.0,1.0,0.5,0.0,0.0,0,0,20,63,,,,,,,,,,,,,,,,,,,,,,,,,,,,,32.0,32.0,proportional,,False
threshold_priority,bottle,20260715,freqpatch_lite,22.0,5.0,5.0,,,,345,132480,0.025926250003976747,0.995,0.9904761904761905,0.9969439377038426,0.9813855090039003,0.7248431375397165,,0.05,5.0,6.0,False,0.16666666666666666,0.0,0.0,0.0,0.0,1.0,0.5,0.0,0.0,0,0,20,63,,,,,,,,,,,,,,,,,,,,,,,,,,,,,32.0,32.0,proportional,,False
threshold_priority,bottle,20260715,patchcore_lite,22.0,5.0,5.0,,,,345,132480,0.025926250003976747,0.995,0.9912698412698412,0.9972224116665271,0.981185719482389,0.7192878074641059,,0.05,5.0,6.0,False,0.16666666666666666,0.0,0.0,0.0,0.0,1.0,0.5,0.0,0.0,0,0,20,63,,,,,,,,,,,,,,,,,,,,,,,,,,,,,32.0,32.0,proportional,,False
threshold_priority,bottle,20260716,freqpatch_lite,22.0,5.0,5.0,,,,345,132480,0.026884875005634967,0.995,0.980952380952381,0.9948124767656363,0.9775986030597461,0.7122626299970534,,0.05,5.0,6.0,False,0.16666666666666666,0.0,0.0,0.0,0.0,1.0,0.5,0.0,0.0,0,0,20,63,,,,,,,,,,,,,,,,,,,,,,,,,,,,,32.0,32.0,proportional,,False
threshold_priority,bottle,20260716,patchcore_lite,22.0,5.0,5.0,,,,345,132480,0.026884875005634967,0.995,0.980952380952381,0.9948124767656363,0.977533150352126,0.7112979026541714,,0.05,5.0,6.0,False,0.16666666666666666,0.0,0.0,0.0,0.0,1.0,0.5,0.0,0.0,0,0,20,63,,,,,,,,,,,,,,,,,,,,,,,,,,,,,32.0,32.0,proportional,,False
threshold_priority,cable,20260714,freqpatch_lite,22.0,5.0,5.0,,,,345,132480,0.053111917004571296,0.995,0.8802473763118441,0.9352571813152497,0.9541455235869205,0.5690798218279722,,0.05,5.0,6.0,False,0.16666666666666666,0.0,0.0,0.0,0.0,1.0,0.5,0.0,0.0,0,0,58,92,,,,,,,,,,,,,,,,,,,,,,,,,,,,,32.0,32.0,proportional,,False
threshold_priority,cable,20260714,patchcore_lite,22.0,5.0,5.0,,,,345,132480,0.053111917004571296,0.995,0.8800599700149925,0.9351186233111468,0.9541527692719859,0.5711971168307595,,0.05,5.0,6.0,False,0.16666666666666666,0.0,0.0,0.0,0.0,1.0,0.5,0.0,0.0,0,0,58,92,,,,,,,,,,,,,,,,,,,,,,,,,,,,,32.0,32.0,proportional,,False
threshold_priority,cable,20260715,freqpatch_lite,22.0,5.0,5.0,,,,345,132480,0.04016145800414961,0.995,0.8309595202398801,0.8989832241015883,0.9493636271291537,0.5550568725280991,,0.05,5.0,6.0,False,0.16666666666666666,0.0,0.0,0.0,0.0,1.0,0.5,0.0,0.0,0,0,58,92,,,,,,,,,,,,,,,,,,,,,,,,,,,,,32.0,32.0,proportional,,False
threshold_priority,cable,20260715,patchcore_lite,22.0,5.0,5.0,,,,345,132480,0.04016145800414961,0.995,0.8309595202398801,0.8989832241015883,0.9493649749794884,0.5554779220518885,,0.05,5.0,6.0,False,0.16666666666666666,0.0,0.0,0.0,0.0,1.0,0.5,0.0,0.0,0,0,58,92,,,,,,,,,,,,,,,,,,,,,,,,,,,,,32.0,32.0,proportional,,False
threshold_priority,cable,20260716,freqpatch_lite,22.0,5.0,5.0,,,,345,132480,0.041600584001571406,0.995,0.8536356821589207,0.9172215791265768,0.9555137609548658,0.5691627852116005,,0.05,5.0,6.0,False,0.16666666666666666,0.0,0.0,0.0,0.0,1.0,0.5,0.0,0.0,0,0,58,92,,,,,,,,,,,,,,,,,,,,,,,,,,,,,32.0,32.0,proportional,,False
threshold_priority,cable,20260716,patchcore_lite,22.0,5.0,5.0,,,,345,132480,0.041600584001571406,0.995,0.8534482758620692,0.9169494478107059,0.955519687934178,0.5709994603110233,,0.05,5.0,6.0,False,0.16666666666666666,0.0,0.0,0.0,0.0,1.0,0.5,0.0,0.0,0,0,58,92,,,,,,,,,,,,,,,,,,,,,,,,,,,,,32.0,32.0,proportional,,False
threshold_priority,capsule,20260714,freqpatch_lite,22.0,5.0,5.0,,,,345,132480,0.043106999997689854,0.995,0.7307538891104907,0.9178019989794881,0.9578296121346692,0.29460280290915714,,0.05,5.0,6.0,False,0.16666666666666666,0.0,0.0,0.0,0.0,1.0,0.5,0.0,0.0,0,0,23,109,,,,,,,,,,,,,,,,,,,,,,,,,,,,,32.0,32.0,proportional,,False
threshold_priority,capsule,20260714,patchcore_lite,22.0,5.0,5.0,,,,345,132480,0.043106999997689854,0.995,0.7403270841643398,0.9228437621227479,0.9578163390786527,0.2997922308735341,,0.05,5.0,6.0,False,0.16666666666666666,0.0,0.0,0.0,0.0,1.0,0.5,0.0,0.0,0,0,23,109,,,,,,,,,,,,,,,,,,,,,,,,,,,,,32.0,32.0,proportional,,False
threshold_priority,capsule,20260715,freqpatch_lite,22.0,5.0,5.0,,,,345,132480,0.07760241600044537,0.995,0.7291583566015158,0.9251990893741104,0.9562829394186588,0.2698574735448958,,0.05,5.0,6.0,False,0.16666666666666666,0.0,0.0,0.0,0.0,1.0,0.5,0.0,0.0,0,0,23,109,,,,,,,,,,,,,,,,,,,,,,,,,,,,,32.0,32.0,proportional,,False
threshold_priority,capsule,20260715,patchcore_lite,22.0,5.0,5.0,,,,345,132480,0.07760241600044537,0.995,0.7335460710011967,0.9275512086878103,0.9562971151755761,0.2720635915374792,,0.05,5.0,6.0,False,0.16666666666666666,0.0,0.0,0.0,0.0,1.0,0.5,0.0,0.0,0,0,23,109,,,,,,,,,,,,,,,,,,,,,,,,,,,,,32.0,32.0,proportional,,False
threshold_priority,capsule,20260716,freqpatch_lite,22.0,5.0,5.0,,,,345,132480,0.06849220799631439,0.995,0.6553649780614279,0.9179927335684519,0.9548039690027601,0.21167259620387696,,0.05,5.0,6.0,False,0.16666666666666666,0.0,0.0,0.0,0.0,1.0,0.5,0.0,0.0,0,0,23,109,,,,,,,,,,,,,,,,,,,,,,,,,,,,,32.0,32.0,proportional,,False
threshold_priority,capsule,20260716,patchcore_lite,22.0,5.0,5.0,,,,345,132480,0.06849220799631439,0.995,0.6465895492620662,0.915054960767399,0.9547913665259544,0.20978279819435447,,0.05,5.0,6.0,False,0.16666666666666666,0.0,0.0,0.0,0.0,1.0,0.5,0.0,0.0,0,0,23,109,,,,,,,,,,,,,,,,,,,,,,,,,,,,,32.0,32.0,proportional,,False
threshold_priority,carpet,20260714,freqpatch_lite,22.0,5.0,5.0,,,,345,132480,0.05849799999850802,0.995,0.8868378812199038,0.9613807492436324,0.9802302529998737,0.5924130678225641,,0.05,5.0,6.0,False,0.16666666666666666,0.0,0.0,0.0,0.0,1.0,0.5,0.0,0.0,0,0,28,89,,,,,,,,,,,,,,,,,,,,,,,,,,,,,32.0,32.0,proportional,,False
threshold_priority,carpet,20260714,patchcore_lite,22.0,5.0,5.0,,,,345,132480,0.05849799999850802,0.995,0.8856340288924559,0.9609959118045692,0.9801877310571482,0.5871728207294633,,0.05,5.0,6.0,False,0.16666666666666666,0.0,0.0,0.0,0.0,1.0,0.5,0.0,0.0,0,0,28,89,,,,,,,,,,,,,,,,,,,,,,,,,,,,,32.0,32.0,proportional,,False
threshold_priority,carpet,20260715,freqpatch_lite,22.0,5.0,5.0,,,,345,132480,0.040254625004308764,0.995,0.8515248796147672,0.9447310515978743,0.9740693804024241,0.5501070462177964,,0.05,5.0,6.0,False,0.16666666666666666,0.0,0.0,0.0,0.0,1.0,0.5,0.0,0.0,0,0,28,89,,,,,,,,,,,,,,,,,,,,,,,,,,,,,32.0,32.0,proportional,,False
threshold_priority,carpet,20260715,patchcore_lite,22.0,5.0,5.0,,,,345,132480,0.040254625004308764,0.995,0.8491171749598715,0.9432533806302181,0.9740385365212907,0.5442382524701259,,0.05,5.0,6.0,False,0.16666666666666666,0.0,0.0,0.0,0.0,1.0,0.5,0.0,0.0,0,0,28,89,,,,,,,,,,,,,,,,,,,,,,,,,,,,,32.0,32.0,proportional,,False
threshold_priority,carpet,20260716,freqpatch_lite,22.0,5.0,5.0,,,,345,132480,0.03813174999959301,0.995,0.8551364365971107,0.9499888434293643,0.9752913109972917,0.527694793601714,,0.05,5.0,6.0,False,0.16666666666666666,0.0,0.0,0.0,0.0,1.0,0.5,0.0,0.0,0,0,28,89,,,,,,,,,,,,,,,,,,,,,,,,,,,,,32.0,32.0,proportional,,False
threshold_priority,carpet,20260716,patchcore_lite,22.0,5.0,5.0,,,,345,132480,0.03813174999959301,0.995,0.8527287319422151,0.9488354660710665,0.9752594617093109,0.5225581992810171,,0.05,5.0,6.0,False,0.16666666666666666,0.0,0.0,0.0,0.0,1.0,0.5,0.0,0.0,0,0,28,89,,,,,,,,,,,,,,,,,,,,,,,,,,,,,32.0,32.0,proportional,,False
threshold_priority,grid,20260714,freqpatch_lite,22.0,5.0,5.0,,,,345,132480,0.018643208997673355,0.995,0.6106934001670844,0.771514723865305,0.747092154915671,0.01611222971254162,,0.05,5.0,6.0,False,0.16666666666666666,0.0,0.0,0.0,0.0,1.0,0.5,0.0,0.0,0,0,21,57,,,,,,,,,,,,,,,,,,,,,,,,,,,,,32.0,32.0,proportional,,False
threshold_priority,grid,20260714,patchcore_lite,22.0,5.0,5.0,,,,345,132480,0.018643208997673355,0.995,0.6106934001670844,0.771514723865305,0.7470923342615435,0.016112431966915648,,0.05,5.0,6.0,False,0.16666666666666666,0.0,0.0,0.0,0.0,1.0,0.5,0.0,0.0,0,0,21,57,,,,,,,,,,,,,,,,,,,,,,,,,,,,,32.0,32.0,proportional,,False
threshold_priority,grid,20260715,freqpatch_lite,22.0,5.0,5.0,,,,345,132480,0.02327583299484104,0.995,0.5246449456975772,0.7609901427122606,0.7756674721800111,0.023102269417331275,,0.05,5.0,6.0,False,0.16666666666666666,0.0,0.0,0.0,0.0,1.0,0.5,0.0,0.0,0,0,21,57,,,,,,,,,,,,,,,,,,,,,,,,,,,,,32.0,32.0,proportional,,False
threshold_priority,grid,20260715,patchcore_lite,22.0,5.0,5.0,,,,345,132480,0.02327583299484104,0.995,0.529657477025898,0.7652111153626989,0.7756682436571428,0.023112165688646283,,0.05,5.0,6.0,False,0.16666666666666666,0.0,0.0,0.0,0.0,1.0,0.5,0.0,0.0,0,0,21,57,,,,,,,,,,,,,,,,,,,,,,,,,,,,,32.0,32.0,proportional,,False
threshold_priority,grid,20260716,freqpatch_lite,22.0,5.0,5.0,,,,345,132480,0.034848666000470985,0.995,0.40434419381787806,0.7342756842046521,0.7705415642136458,0.022835300592032357,,0.05,5.0,6.0,False,0.16666666666666666,0.0,0.0,0.0,0.0,1.0,0.5,0.0,0.0,0,0,21,57,,,,,,,,,,,,,,,,,,,,,,,,,,,,,32.0,32.0,proportional,,False
threshold_priority,grid,20260716,patchcore_lite,22.0,5.0,5.0,,,,345,132480,0.034848666000470985,0.995,0.40434419381787806,0.7342756842046521,0.770539487726797,0.022827879816673332,,0.05,5.0,6.0,False,0.16666666666666666,0.0,0.0,0.0,0.0,1.0,0.5,0.0,0.0,0,0,21,57,,,,,,,,,,,,,,,,,,,,,,,,,,,,,32.0,32.0,proportional,,False
threshold_priority,hazelnut,20260714,freqpatch_lite,22.0,5.0,5.0,,,,345,132480,0.043302209000103176,0.995,0.9339285714285714,0.96252094327708,0.9712351475353631,0.4649473102569245,,0.05,5.0,6.0,False,0.16666666666666666,0.0,0.0,0.0,0.0,1.0,0.5,0.0,0.0,0,0,40,70,,,,,,,,,,,,,,,,,,,,,,,,,,,,,32.0,32.0,proportional,,False
threshold_priority,hazelnut,20260714,patchcore_lite,22.0,5.0,5.0,,,,345,132480,0.043302209000103176,0.995,0.9317857142857143,0.9606642626895819,0.9711934295280148,0.4601851367158387,,0.05,5.0,6.0,False,0.16666666666666666,0.0,0.0,0.0,0.0,1.0,0.5,0.0,0.0,0,0,40,70,,,,,,,,,,,,,,,,,,,,,,,,,,,,,32.0,32.0,proportional,,False
threshold_priority,hazelnut,20260715,freqpatch_lite,22.0,5.0,5.0,,,,345,132480,0.03408991699689068,0.995,0.9396428571428571,0.9648786670778418,0.974494503550655,0.5076699153898859,,0.05,5.0,6.0,False,0.16666666666666666,0.0,0.0,0.0,0.0,1.0,0.5,0.0,0.0,0,0,40,70,,,,,,,,,,,,,,,,,,,,,,,,,,,,,32.0,32.0,proportional,,False
threshold_priority,hazelnut,20260715,patchcore_lite,22.0,5.0,5.0,,,,345,132480,0.03408991699689068,0.995,0.9342857142857143,0.9600235344809646,0.9743738732329527,0.49803471513299663,,0.05,5.0,6.0,False,0.16666666666666666,0.0,0.0,0.0,0.0,1.0,0.5,0.0,0.0,0,0,40,70,,,,,,,,,,,,,,,,,,,,,,,,,,,,,32.0,32.0,proportional,,False
threshold_priority,hazelnut,20260716,freqpatch_lite,22.0,5.0,5.0,,,,345,132480,0.024602500001492444,0.995,0.9025,0.9376423352888523,0.9638247971749205,0.38773748230250676,,0.05,5.0,6.0,False,0.16666666666666666,0.0,0.0,0.0,0.0,1.0,0.5,0.0,0.0,0,0,40,70,,,,,,,,,,,,,,,,,,,,,,,,,,,,,32.0,32.0,proportional,,False
threshold_priority,hazelnut,20260716,patchcore_lite,22.0,5.0,5.0,,,,345,132480,0.024602500001492444,0.995,0.9007142857142857,0.935175632132494,0.9638216953317746,0.3865782909786201,,0.05,5.0,6.0,False,0.16666666666666666,0.0,0.0,0.0,0.0,1.0,0.5,0.0,0.0,0,0,40,70,,,,,,,,,,,,,,,,,,,,,,,,,,,,,32.0,32.0,proportional,,False
threshold_priority,leather,20260714,freqpatch_lite,22.0,5.0,5.0,,,,345,132480,0.03785533300106181,0.995,0.9938858695652173,0.997897651558517,0.9920392757207835,0.4538616281502182,,0.05,5.0,6.0,False,0.16666666666666666,0.0,0.0,0.0,0.0,1.0,0.5,0.0,0.0,0,0,32,92,,,,,,,,,,,,,,,,,,,,,,,,,,,,,32.0,32.0,proportional,,False
threshold_priority,leather,20260714,patchcore_lite,22.0,5.0,5.0,,,,345,132480,0.03785533300106181,0.995,0.9952445652173914,0.9983940813685178,0.991577877104872,0.4312775998212605,,0.05,5.0,6.0,False,0.16666666666666666,0.0,0.0,0.0,0.0,1.0,0.5,0.0,0.0,0,0,32,92,,,,,,,,,,,,,,,,,,,,,,,,,,,,,32.0,32.0,proportional,,False
threshold_priority,leather,20260715,freqpatch_lite,22.0,5.0,5.0,,,,345,132480,0.056462166998244356,0.995,0.9942255434782609,0.9978729665725442,0.9921808177424032,0.4544491056093231,,0.05,5.0,6.0,False,0.16666666666666666,0.0,0.0,0.0,0.0,1.0,0.5,0.0,0.0,0,0,32,92,,,,,,,,,,,,,,,,,,,,,,,,,,,,,32.0,32.0,proportional,,False
threshold_priority,leather,20260715,patchcore_lite,22.0,5.0,5.0,,,,345,132480,0.056462166998244356,0.995,0.9952445652173914,0.9983153784549695,0.991854116558705,0.4372456311278525,,0.05,5.0,6.0,False,0.16666666666666666,0.0,0.0,0.0,0.0,1.0,0.5,0.0,0.0,0,0,32,92,,,,,,,,,,,,,,,,,,,,,,,,,,,,,32.0,32.0,proportional,,False
threshold_priority,leather,20260716,freqpatch_lite,22.0,5.0,5.0,,,,345,132480,0.033784665996790864,0.995,0.9857336956521738,0.9950070524781027,0.9914623111596703,0.43701773225833546,,0.05,5.0,6.0,False,0.16666666666666666,0.0,0.0,0.0,0.0,1.0,0.5,0.0,0.0,0,0,32,92,,,,,,,,,,,,,,,,,,,,,,,,,,,,,32.0,32.0,proportional,,False
threshold_priority,leather,20260716,patchcore_lite,22.0,5.0,5.0,,,,345,132480,0.033784665996790864,0.995,0.9877717391304348,0.9961215269224294,0.9910838040095237,0.4187027261081463,,0.05,5.0,6.0,False,0.16666666666666666,0.0,0.0,0.0,0.0,1.0,0.5,0.0,0.0,0,0,32,92,,,,,,,,,,,,,,,,,,,,,,,,,,,,,32.0,32.0,proportional,,False
threshold_priority,metal_nut,20260714,freqpatch_lite,22.0,5.0,5.0,,,,345,132480,0.03397870899789268,0.995,0.749266862170088,0.9161688124783387,0.9226885961369365,0.5847403936991769,,0.05,5.0,6.0,False,0.16666666666666666,0.0,0.0,0.0,0.0,1.0,0.5,0.0,0.0,0,0,22,93,,,,,,,,,,,,,,,,,,,,,,,,,,,,,32.0,32.0,proportional,,False
threshold_priority,metal_nut,20260714,patchcore_lite,22.0,5.0,5.0,,,,345,132480,0.03397870899789268,0.995,0.749266862170088,0.9161688124783387,0.9226896121758545,0.5847023630314978,,0.05,5.0,6.0,False,0.16666666666666666,0.0,0.0,0.0,0.0,1.0,0.5,0.0,0.0,0,0,22,93,,,,,,,,,,,,,,,,,,,,,,,,,,,,,32.0,32.0,proportional,,False
threshold_priority,metal_nut,20260715,freqpatch_lite,22.0,5.0,5.0,,,,345,132480,0.033176707998791244,0.995,0.7849462365591398,0.9437501775764144,0.9305473656146951,0.6161411717985615,,0.05,5.0,6.0,False,0.16666666666666666,0.0,0.0,0.0,0.0,1.0,0.5,0.0,0.0,0,0,22,93,,,,,,,,,,,,,,,,,,,,,,,,,,,,,32.0,32.0,proportional,,False
threshold_priority,metal_nut,20260715,patchcore_lite,22.0,5.0,5.0,,,,345,132480,0.033176707998791244,0.995,0.7844574780058651,0.9436420327241094,0.9305477497620029,0.6161553220812966,,0.05,5.0,6.0,False,0.16666666666666666,0.0,0.0,0.0,0.0,1.0,0.5,0.0,0.0,0,0,22,93,,,,,,,,,,,,,,,,,,,,,,,,,,,,,32.0,32.0,proportional,,False
threshold_priority,metal_nut,20260716,freqpatch_lite,22.0,5.0,5.0,,,,345,132480,0.03624024999589892,0.995,0.8719452590420332,0.968855181602456,0.9301506915123474,0.6231433158595926,,0.05,5.0,6.0,False,0.16666666666666666,0.0,0.0,0.0,0.0,1.0,0.5,0.0,0.0,0,0,22,93,,,,,,,,,,,,,,,,,,,,,,,,,,,,,32.0,32.0,proportional,,False
threshold_priority,metal_nut,20260716,patchcore_lite,22.0,5.0,5.0,,,,345,132480,0.03624024999589892,0.995,0.8719452590420332,0.968855181602456,0.9301514457550997,0.6231916553752181,,0.05,5.0,6.0,False,0.16666666666666666,0.0,0.0,0.0,0.0,1.0,0.5,0.0,0.0,0,0,22,93,,,,,,,,,,,,,,,,,,,,,,,,,,,,,32.0,32.0,proportional,,False
threshold_priority,pill,20260714,freqpatch_lite,22.0,5.0,5.0,,,,345,132480,0.037389790995803196,0.995,0.7853246044735406,0.9552092516718729,0.9418672555459933,0.5154532958015049,,0.05,5.0,6.0,False,0.16666666666666666,0.0,0.0,0.0,0.0,1.0,0.5,0.0,0.0,0,0,26,141,,,,,,,,,,,,,,,,,,,,,,,,,,,,,32.0,32.0,proportional,,False
threshold_priority,pill,20260714,patchcore_lite,22.0,5.0,5.0,,,,345,132480,0.037389790995803196,0.995,0.7853246044735406,0.9553700166757786,0.9418676753139956,0.5159446320953988,,0.05,5.0,6.0,False,0.16666666666666666,0.0,0.0,0.0,0.0,1.0,0.5,0.0,0.0,0,0,26,141,,,,,,,,,,,,,,,,,,,,,,,,,,,,,32.0,32.0,proportional,,False
threshold_priority,pill,20260715,freqpatch_lite,22.0,5.0,5.0,,,,345,132480,0.04681791599432472,0.995,0.7836879432624114,0.9543210460963651,0.939415685865783,0.5187601748555943,,0.05,5.0,6.0,False,0.16666666666666666,0.0,0.0,0.0,0.0,1.0,0.5,0.0,0.0,0,0,26,141,,,,,,,,,,,,,,,,,,,,,,,,,,,,,32.0,32.0,proportional,,False
threshold_priority,pill,20260715,patchcore_lite,22.0,5.0,5.0,,,,345,132480,0.04681791599432472,0.995,0.7834151663938898,0.9541738868639833,0.939340692334568,0.5151420075062303,,0.05,5.0,6.0,False,0.16666666666666666,0.0,0.0,0.0,0.0,1.0,0.5,0.0,0.0,0,0,26,141,,,,,,,,,,,,,,,,,,,,,,,,,,,,,32.0,32.0,proportional,,False
threshold_priority,pill,20260716,freqpatch_lite,22.0,5.0,5.0,,,,345,132480,0.048487667001609225,0.995,0.8066012002182216,0.9567063184451684,0.9423757313847152,0.4667150858591458,,0.05,5.0,6.0,False,0.16666666666666666,0.0,0.0,0.0,0.0,1.0,0.5,0.0,0.0,0,0,26,141,,,,,,,,,,,,,,,,,,,,,,,,,,,,,32.0,32.0,proportional,,False
threshold_priority,pill,20260716,patchcore_lite,22.0,5.0,5.0,,,,345,132480,0.048487667001609225,0.995,0.8071467539552647,0.957345245401339,0.9423359405704098,0.463966526183349,,0.05,5.0,6.0,False,0.16666666666666666,0.0,0.0,0.0,0.0,1.0,0.5,0.0,0.0,0,0,26,141,,,,,,,,,,,,,,,,,,,,,,,,,,,,,32.0,32.0,proportional,,False
threshold_priority,screw,20260714,freqpatch_lite,22.0,5.0,5.0,,,,345,132480,0.036978333999286406,0.995,0.4328755892600943,0.7005805043649269,0.9092698838145783,0.015570856239867854,,0.05,5.0,6.0,False,0.16666666666666666,0.0,0.0,0.0,0.0,1.0,0.5,0.0,0.0,0,0,41,119,,,,,,,,,,,,,,,,,,,,,,,,,,,,,32.0,32.0,proportional,,False
threshold_priority,screw,20260714,patchcore_lite,22.0,5.0,5.0,,,,345,132480,0.036978333999286406,0.995,0.4322607091617135,0.6997189528477684,0.9092700154641438,0.015571101254818047,,0.05,5.0,6.0,False,0.16666666666666666,0.0,0.0,0.0,0.0,1.0,0.5,0.0,0.0,0,0,41,119,,,,,,,,,,,,,,,,,,,,,,,,,,,,,32.0,32.0,proportional,,False
threshold_priority,screw,20260715,freqpatch_lite,22.0,5.0,5.0,,,,345,132480,0.03509100000519538,0.995,0.4757122361139578,0.7464815746036967,0.9030680695248201,0.014202618013771835,,0.05,5.0,6.0,False,0.16666666666666666,0.0,0.0,0.0,0.0,1.0,0.5,0.0,0.0,0,0,41,119,,,,,,,,,,,,,,,,,,,,,,,,,,,,,32.0,32.0,proportional,,False
threshold_priority,screw,20260715,patchcore_lite,22.0,5.0,5.0,,,,345,132480,0.03509100000519538,0.995,0.4757122361139578,0.7464815746036967,0.9030680841975951,0.014202624251428878,,0.05,5.0,6.0,False,0.16666666666666666,0.0,0.0,0.0,0.0,1.0,0.5,0.0,0.0,0,0,41,119,,,,,,,,,,,,,,,,,,,,,,,,,,,,,32.0,32.0,proportional,,False
threshold_priority,screw,20260716,freqpatch_lite,22.0,5.0,5.0,,,,345,132480,0.04687241699866718,0.995,0.4835007173601148,0.7466753050159458,0.9012839362875356,0.013667106994224826,,0.05,5.0,6.0,False,0.16666666666666666,0.0,0.0,0.0,0.0,1.0,0.5,0.0,0.0,0,0,41,119,,,,,,,,,,,,,,,,,,,,,,,,,,,,,32.0,32.0,proportional,,False
threshold_priority,screw,20260716,patchcore_lite,22.0,5.0,5.0,,,,345,132480,0.04687241699866718,0.995,0.483910637425702,0.7472650145839836,0.9012841357000623,0.013667378200416937,,0.05,5.0,6.0,False,0.16666666666666666,0.0,0.0,0.0,0.0,1.0,0.5,0.0,0.0,0,0,41,119,,,,,,,,,,,,,,,,,,,,,,,,,,,,,32.0,32.0,proportional,,False
threshold_priority,tile,20260714,freqpatch_lite,22.0,5.0,5.0,,,,345,132480,0.03435766699840315,0.995,0.9177489177489176,0.9700746748640104,0.9119132004643702,0.4180162424534554,,0.05,5.0,6.0,False,0.16666666666666666,0.0,0.0,0.0,0.0,1.0,0.5,0.0,0.0,0,0,33,84,,,,,,,,,,,,,,,,,,,,,,,,,,,,,32.0,32.0,proportional,,False
threshold_priority,tile,20260714,patchcore_lite,22.0,5.0,5.0,,,,345,132480,0.03435766699840315,0.995,0.9155844155844156,0.9691813040795414,0.9119160262941935,0.41795975863563417,,0.05,5.0,6.0,False,0.16666666666666666,0.0,0.0,0.0,0.0,1.0,0.5,0.0,0.0,0,0,33,84,,,,,,,,,,,,,,,,,,,,,,,,,,,,,32.0,32.0,proportional,,False
threshold_priority,tile,20260715,freqpatch_lite,22.0,5.0,5.0,,,,345,132480,0.02842008299921872,0.995,0.933982683982684,0.9759540163738032,0.9156703117596934,0.425726114247451,,0.05,5.0,6.0,False,0.16666666666666666,0.0,0.0,0.0,0.0,1.0,0.5,0.0,0.0,0,0,33,84,,,,,,,,,,,,,,,,,,,,,,,,,,,,,32.0,32.0,proportional,,False
threshold_priority,tile,20260715,patchcore_lite,22.0,5.0,5.0,,,,345,132480,0.02842008299921872,0.995,0.9336219336219336,0.9757736411934281,0.9156881173879229,0.4261009849708365,,0.05,5.0,6.0,False,0.16666666666666666,0.0,0.0,0.0,0.0,1.0,0.5,0.0,0.0,0,0,33,84,,,,,,,,,,,,,,,,,,,,,,,,,,,,,32.0,32.0,proportional,,False
threshold_priority,tile,20260716,freqpatch_lite,22.0,5.0,5.0,,,,345,132480,0.04140866600209847,0.995,0.9206349206349206,0.9725627055132817,0.91168059680421,0.4119361079832177,,0.05,5.0,6.0,False,0.16666666666666666,0.0,0.0,0.0,0.0,1.0,0.5,0.0,0.0,0,0,33,84,,,,,,,,,,,,,,,,,,,,,,,,,,,,,32.0,32.0,proportional,,False
threshold_priority,tile,20260716,patchcore_lite,22.0,5.0,5.0,,,,345,132480,0.04140866600209847,0.995,0.9195526695526696,0.9720774213095101,0.9116880331859913,0.41218850951801345,,0.05,5.0,6.0,False,0.16666666666666666,0.0,0.0,0.0,0.0,1.0,0.5,0.0,0.0,0,0,33,84,,,,,,,,,,,,,,,,,,,,,,,,,,,,,32.0,32.0,proportional,,False
threshold_priority,toothbrush,20260714,freqpatch_lite,22.0,5.0,5.0,,,,345,132480,0.013903374994697515,0.995,0.8194444444444445,0.9392540832885798,0.9803417462768291,0.46633534274817384,,0.05,5.0,6.0,False,0.16666666666666666,0.0,0.0,0.0,0.0,1.0,0.5,0.0,0.0,0,0,12,30,,,,,,,,,,,,,,,,,,,,,,,,,,,,,32.0,32.0,proportional,,False
threshold_priority,toothbrush,20260714,patchcore_lite,22.0,5.0,5.0,,,,345,132480,0.013903374994697515,0.995,0.8194444444444445,0.9392540832885798,0.9805287369237436,0.48334407975906735,,0.05,5.0,6.0,False,0.16666666666666666,0.0,0.0,0.0,0.0,1.0,0.5,0.0,0.0,0,0,12,30,,,,,,,,,,,,,,,,,,,,,,,,,,,,,32.0,32.0,proportional,,False
threshold_priority,toothbrush,20260715,freqpatch_lite,22.0,5.0,5.0,,,,345,132480,0.013831625001330394,0.995,0.7833333333333333,0.9248544361291728,0.9728687607459553,0.4369501476347114,,0.05,5.0,6.0,False,0.16666666666666666,0.0,0.0,0.0,0.0,1.0,0.5,0.0,0.0,0,0,12,30,,,,,,,,,,,,,,,,,,,,,,,,,,,,,32.0,32.0,proportional,,False
threshold_priority,toothbrush,20260715,patchcore_lite,22.0,5.0,5.0,,,,345,132480,0.013831625001330394,0.995,0.7833333333333333,0.9248544361291728,0.972990243547446,0.44910541571593254,,0.05,5.0,6.0,False,0.16666666666666666,0.0,0.0,0.0,0.0,1.0,0.5,0.0,0.0,0,0,12,30,,,,,,,,,,,,,,,,,,,,,,,,,,,,,32.0,32.0,proportional,,False
threshold_priority,toothbrush,20260716,freqpatch_lite,22.0,5.0,5.0,,,,345,132480,0.013874125004804228,0.995,0.7861111111111111,0.9190720370549139,0.9744913266612822,0.3782921332487264,,0.05,5.0,6.0,False,0.16666666666666666,0.0,0.0,0.0,0.0,1.0,0.5,0.0,0.0,0,0,12,30,,,,,,,,,,,,,,,,,,,,,,,,,,,,,32.0,32.0,proportional,,False
threshold_priority,toothbrush,20260716,patchcore_lite,22.0,5.0,5.0,,,,345,132480,0.013874125004804228,0.995,0.7861111111111111,0.9190720370549139,0.9745560212261235,0.3844512391520852,,0.05,5.0,6.0,False,0.16666666666666666,0.0,0.0,0.0,0.0,1.0,0.5,0.0,0.0,0,0,12,30,,,,,,,,,,,,,,,,,,,,,,,,,,,,,32.0,32.0,proportional,,False
threshold_priority,transistor,20260714,freqpatch_lite,22.0,5.0,5.0,,,,345,132480,0.02313887500349665,0.995,0.7904166666666667,0.8040289336925485,0.8055665262746462,0.41643046464659583,,0.05,5.0,6.0,False,0.16666666666666666,0.0,0.0,0.0,0.0,1.0,0.5,0.0,0.0,0,0,60,40,,,,,,,,,,,,,,,,,,,,,,,,,,,,,32.0,32.0,proportional,,False
threshold_priority,transistor,20260714,patchcore_lite,22.0,5.0,5.0,,,,345,132480,0.02313887500349665,0.995,0.7920833333333334,0.8036752373769249,0.8055721816034076,0.41674912285509763,,0.05,5.0,6.0,False,0.16666666666666666,0.0,0.0,0.0,0.0,1.0,0.5,0.0,0.0,0,0,60,40,,,,,,,,,,,,,,,,,,,,,,,,,,,,,32.0,32.0,proportional,,False
threshold_priority,transistor,20260715,freqpatch_lite,22.0,5.0,5.0,,,,345,132480,0.028916958995978348,0.995,0.7899999999999999,0.788753835080125,0.8078374459643223,0.4020623937139771,,0.05,5.0,6.0,False,0.16666666666666666,0.0,0.0,0.0,0.0,1.0,0.5,0.0,0.0,0,0,60,40,,,,,,,,,,,,,,,,,,,,,,,,,,,,,32.0,32.0,proportional,,False
threshold_priority,transistor,20260715,patchcore_lite,22.0,5.0,5.0,,,,345,132480,0.028916958995978348,0.995,0.7866666666666665,0.7861674047140573,0.8078086882963541,0.40232865897146936,,0.05,5.0,6.0,False,0.16666666666666666,0.0,0.0,0.0,0.0,1.0,0.5,0.0,0.0,0,0,60,40,,,,,,,,,,,,,,,,,,,,,,,,,,,,,32.0,32.0,proportional,,False
threshold_priority,transistor,20260716,freqpatch_lite,22.0,5.0,5.0,,,,345,132480,0.029326208001293708,0.995,0.72125,0.7298735411472996,0.801740203290269,0.3653785733405801,,0.05,5.0,6.0,False,0.16666666666666666,0.0,0.0,0.0,0.0,1.0,0.5,0.0,0.0,0,0,60,40,,,,,,,,,,,,,,,,,,,,,,,,,,,,,32.0,32.0,proportional,,False
threshold_priority,transistor,20260716,patchcore_lite,22.0,5.0,5.0,,,,345,132480,0.029326208001293708,0.995,0.7162499999999999,0.7263908674442758,0.8017270464028884,0.36433148189968106,,0.05,5.0,6.0,False,0.16666666666666666,0.0,0.0,0.0,0.0,1.0,0.5,0.0,0.0,0,0,60,40,,,,,,,,,,,,,,,,,,,,,,,,,,,,,32.0,32.0,proportional,,False
threshold_priority,wood,20260714,freqpatch_lite,22.0,5.0,5.0,,,,345,132480,0.024283500002638903,0.995,0.9815789473684211,0.9945679875625814,0.925487261184836,0.412978586165743,,0.05,5.0,6.0,False,0.16666666666666666,0.0,0.0,0.0,0.0,1.0,0.5,0.0,0.0,0,0,19,60,,,,,,,,,,,,,,,,,,,,,,,,,,,,,32.0,32.0,proportional,,False
threshold_priority,wood,20260714,patchcore_lite,22.0,5.0,5.0,,,,345,132480,0.024283500002638903,0.995,0.9815789473684211,0.9945679875625814,0.9254312075582269,0.4114238309216989,,0.05,5.0,6.0,False,0.16666666666666666,0.0,0.0,0.0,0.0,1.0,0.5,0.0,0.0,0,0,19,60,,,,,,,,,,,,,,,,,,,,,,,,,,,,,32.0,32.0,proportional,,False
threshold_priority,wood,20260715,freqpatch_lite,22.0,5.0,5.0,,,,345,132480,0.019085833999270108,0.995,0.9894736842105263,0.9969372120432872,0.923757495818258,0.41377062571985435,,0.05,5.0,6.0,False,0.16666666666666666,0.0,0.0,0.0,0.0,1.0,0.5,0.0,0.0,0,0,19,60,,,,,,,,,,,,,,,,,,,,,,,,,,,,,32.0,32.0,proportional,,False
threshold_priority,wood,20260715,patchcore_lite,22.0,5.0,5.0,,,,345,132480,0.019085833999270108,0.995,0.9894736842105263,0.9969372120432872,0.9236008819695605,0.410866975130503,,0.05,5.0,6.0,False,0.16666666666666666,0.0,0.0,0.0,0.0,1.0,0.5,0.0,0.0,0,0,19,60,,,,,,,,,,,,,,,,,,,,,,,,,,,,,32.0,32.0,proportional,,False
threshold_priority,wood,20260716,freqpatch_lite,22.0,5.0,5.0,,,,345,132480,0.01789479100261815,0.995,0.9824561403508771,0.9946174398341466,0.91871249122718,0.4085852005861433,,0.05,5.0,6.0,False,0.16666666666666666,0.0,0.0,0.0,0.0,1.0,0.5,0.0,0.0,0,0,19,60,,,,,,,,,,,,,,,,,,,,,,,,,,,,,32.0,32.0,proportional,,False
threshold_priority,wood,20260716,patchcore_lite,22.0,5.0,5.0,,,,345,132480,0.01789479100261815,0.995,0.9824561403508771,0.9946174398341466,0.9186338582557196,0.40726885943039554,,0.05,5.0,6.0,False,0.16666666666666666,0.0,0.0,0.0,0.0,1.0,0.5,0.0,0.0,0,0,19,60,,,,,,,,,,,,,,,,,,,,,,,,,,,,,32.0,32.0,proportional,,False
threshold_priority,zipper,20260714,freqpatch_lite,22.0,5.0,5.0,,,,345,132480,0.041456165999989025,0.995,0.6951155462184875,0.8711017640453795,0.9183126417742112,0.1789233972142091,,0.05,5.0,6.0,False,0.16666666666666666,0.0,0.0,0.0,0.0,1.0,0.5,0.0,0.0,0,0,32,119,,,,,,,,,,,,,,,,,,,,,,,,,,,,,32.0,32.0,proportional,,False
threshold_priority,zipper,20260714,patchcore_lite,22.0,5.0,5.0,,,,345,132480,0.041456165999989025,0.995,0.6948529411764707,0.8676035547258094,0.9183187336950966,0.17878733765168375,,0.05,5.0,6.0,False,0.16666666666666666,0.0,0.0,0.0,0.0,1.0,0.5,0.0,0.0,0,0,32,119,,,,,,,,,,,,,,,,,,,,,,,,,,,,,32.0,32.0,proportional,,False
threshold_priority,zipper,20260715,freqpatch_lite,22.0,5.0,5.0,,,,345,132480,0.04581299999699695,0.995,0.6717436974789917,0.8669863859572038,0.9153304475191091,0.1941061708675806,,0.05,5.0,6.0,False,0.16666666666666666,0.0,0.0,0.0,0.0,1.0,0.5,0.0,0.0,0,0,32,119,,,,,,,,,,,,,,,,,,,,,,,,,,,,,32.0,32.0,proportional,,False
threshold_priority,zipper,20260715,patchcore_lite,22.0,5.0,5.0,,,,345,132480,0.04581299999699695,0.995,0.6699054621848739,0.8663403263696239,0.9153328864954557,0.1946966630412234,,0.05,5.0,6.0,False,0.16666666666666666,0.0,0.0,0.0,0.0,1.0,0.5,0.0,0.0,0,0,32,119,,,,,,,,,,,,,,,,,,,,,,,,,,,,,32.0,32.0,proportional,,False
threshold_priority,zipper,20260716,freqpatch_lite,22.0,5.0,5.0,,,,345,132480,0.036348832996736746,0.995,0.6641281512605041,0.853249908002025,0.9120862115253114,0.16007499169268408,,0.05,5.0,6.0,False,0.16666666666666666,0.0,0.0,0.0,0.0,1.0,0.5,0.0,0.0,0,0,32,119,,,,,,,,,,,,,,,,,,,,,,,,,,,,,32.0,32.0,proportional,,False
threshold_priority,zipper,20260716,patchcore_lite,22.0,5.0,5.0,,,,345,132480,0.036348832996736746,0.995,0.6651785714285714,0.8588369633950221,0.9120876161741879,0.16000122282372375,,0.05,5.0,6.0,False,0.16666666666666666,0.0,0.0,0.0,0.0,1.0,0.5,0.0,0.0,0,0,32,119,,,,,,,,,,,,,,,,,,,,,,,,,,,,,32.0,32.0,proportional,,False
threshold_priority,bottle,20260714,freqpatch_lite,8.0,5.0,19.0,,,,256,98304,0.012690333998762071,0.995,0.9920634920634921,0.997763920382968,0.9746919459717043,0.7062917754269827,1.2805688381195068,0.05,19.0,19.0,True,0.05,0.976,0.976,0.9838709677419355,0.9682539682539683,0.95,0.959126984126984,0.05,50.0,61,1,19,2,,,,,,,,,,,,,,,,,,,,,,,,,,,,,32.0,32.0,threshold_prioritized,19.0,True
threshold_priority,bottle,20260714,patchcore_lite,8.0,5.0,19.0,,,,256,98304,0.012690333998762071,0.995,0.9920634920634921,0.997763920382968,0.9743815001368408,0.6999243016001092,1.2731900215148926,0.05,19.0,19.0,True,0.05,0.976,0.976,0.9838709677419355,0.9682539682539683,0.95,0.959126984126984,0.05,50.0,61,1,19,2,,,,,,,,,,,,,,,,,,,,,,,,,,,,,32.0,32.0,threshold_prioritized,19.0,True
threshold_priority,bottle,20260715,freqpatch_lite,8.0,5.0,19.0,,,,256,98304,0.017724958997860085,0.995,0.9976190476190476,0.9992440151090305,0.9766061319405542,0.7191169575998675,1.1658765077590942,0.05,19.0,19.0,True,0.05,0.9841269841269841,0.9841269841269841,0.9841269841269841,0.9841269841269841,0.95,0.967063492063492,0.05,50.0,62,1,19,1,,,,,,,,,,,,,,,,,,,,,,,,,,,,,32.0,32.0,threshold_prioritized,19.0,True
threshold_priority,bottle,20260715,patchcore_lite,8.0,5.0,19.0,,,,256,98304,0.017724958997860085,0.995,0.9976190476190476,0.9992440151090305,0.9764779711757083,0.7153554104095268,1.1658765077590942,0.05,19.0,19.0,True,0.05,0.9841269841269841,0.9841269841269841,0.9841269841269841,0.9841269841269841,0.95,0.967063492063492,0.05,50.0,62,1,19,1,,,,,,,,,,,,,,,,,,,,,,,,,,,,,32.0,32.0,threshold_prioritized,19.0,True
threshold_priority,bottle,20260716,freqpatch_lite,8.0,5.0,19.0,,,,256,98304,0.027013833001547027,0.995,0.9833333333333333,0.9953195454159005,0.979222845488272,0.7232208109412781,1.9759109020233154,0.05,19.0,19.0,True,0.05,0.9586776859504132,0.9586776859504132,1.0,0.9206349206349206,1.0,0.9603174603174602,0.0,0.0,58,0,20,5,,,,,,,,,,,,,,,,,,,,,,,,,,,,,32.0,32.0,threshold_prioritized,19.0,True
threshold_priority,bottle,20260716,patchcore_lite,8.0,5.0,19.0,,,,256,98304,0.027013833001547027,0.995,0.9833333333333333,0.9953195454159005,0.9790488230800357,0.7188356923973487,1.9759109020233154,0.05,19.0,19.0,True,0.05,0.9586776859504132,0.9586776859504132,1.0,0.9206349206349206,1.0,0.9603174603174602,0.0,0.0,58,0,20,5,,,,,,,,,,,,,,,,,,,,,,,,,,,,,32.0,32.0,threshold_prioritized,19.0,True
threshold_priority,cable,20260714,freqpatch_lite,8.0,5.0,19.0,,,,256,98304,0.043548875000851694,0.995,0.7664917541229386,0.8611983007030372,0.9401365082986387,0.49707561065992617,1.3461700677871704,0.05,19.0,19.0,True,0.05,0.6086956521739131,0.6086956521739131,0.9130434782608695,0.45652173913043476,0.9310344827586207,0.6937781109445277,0.06896551724137931,68.9655172413793,42,4,54,50,,,,,,,,,,,,,,,,,,,,,,,,,,,,,32.0,32.0,threshold_prioritized,19.0,True
threshold_priority,cable,20260714,patchcore_lite,8.0,5.0,19.0,,,,256,98304,0.043548875000851694,0.995,0.7663043478260869,0.8611303937592927,0.9401418740805605,0.49917648887442984,1.3461700677871704,0.05,19.0,19.0,True,0.05,0.6086956521739131,0.6086956521739131,0.9130434782608695,0.45652173913043476,0.9310344827586207,0.6937781109445277,0.06896551724137931,68.9655172413793,42,4,54,50,,,,,,,,,,,,,,,,,,,,,,,,,,,,,32.0,32.0,threshold_prioritized,19.0,True
threshold_priority,cable,20260715,freqpatch_lite,8.0,5.0,19.0,,,,256,98304,0.037456874997587875,0.995,0.77380059970015,0.8717813570821185,0.943076510407956,0.5034718415708853,1.1929746866226196,0.05,19.0,19.0,True,0.05,0.6428571428571429,0.6428571428571429,0.9375,0.4891304347826087,0.9482758620689655,0.7187031484257871,0.05172413793103448,51.724137931034484,45,3,55,47,,,,,,,,,,,,,,,,,,,,,,,,,,,,,32.0,32.0,threshold_prioritized,19.0,True
threshold_priority,cable,20260715,patchcore_lite,8.0,5.0,19.0,,,,256,98304,0.037456874997587875,0.995,0.77380059970015,0.8717813570821185,0.943078577551763,0.5040991907957589,1.1929746866226196,0.05,19.0,19.0,True,0.05,0.6428571428571429,0.6428571428571429,0.9375,0.4891304347826087,0.9482758620689655,0.7187031484257871,0.05172413793103448,51.724137931034484,45,3,55,47,,,,,,,,,,,,,,,,,,,,,,,,,,,,,32.0,32.0,threshold_prioritized,19.0,True
threshold_priority,cable,20260716,freqpatch_lite,8.0,5.0,19.0,,,,256,98304,0.029852291001589037,0.995,0.8120314842578711,0.9006561501837504,0.9504651121344247,0.5673204454336153,1.2359449863433838,0.05,19.0,19.0,True,0.05,0.6666666666666666,0.6666666666666666,1.0,0.5,1.0,0.75,0.0,0.0,46,0,58,46,,,,,,,,,,,,,,,,,,,,,,,,,,,,,32.0,32.0,threshold_prioritized,19.0,True
threshold_priority,cable,20260716,patchcore_lite,8.0,5.0,19.0,,,,256,98304,0.029852291001589037,0.995,0.8124062968515742,0.9007964231501104,0.9504678594767874,0.5684051809358885,1.2359449863433838,0.05,19.0,19.0,True,0.05,0.6666666666666666,0.6666666666666666,1.0,0.5,1.0,0.75,0.0,0.0,46,0,58,46,,,,,,,,,,,,,,,,,,,,,,,,,,,,,32.0,32.0,threshold_prioritized,19.0,True
threshold_priority,capsule,20260714,freqpatch_lite,8.0,5.0,19.0,,,,256,98304,0.03820799999812152,0.995,0.6059034702832071,0.8507786458725283,0.9450298064823603,0.15770259481886775,2.282712697982788,0.05,19.0,19.0,True,0.05,0.08695652173913043,0.08695652173913043,0.8333333333333334,0.045871559633027525,0.9565217391304348,0.5011966493817311,0.043478260869565216,43.47826086956522,5,1,22,104,,,,,,,,,,,,,,,,,,,,,,,,,,,,,32.0,32.0,threshold_prioritized,19.0,True
threshold_priority,capsule,20260714,patchcore_lite,8.0,5.0,19.0,,,,256,98304,0.03820799999812152,0.995,0.6086956521739131,0.8560066579174002,0.9450847071618002,0.16310261453863412,1.9309929609298706,0.05,19.0,19.0,True,0.05,0.11965811965811966,0.11965811965811966,0.875,0.06422018348623854,0.9565217391304348,0.5103709613083367,0.043478260869565216,43.47826086956522,7,1,22,102,,,,,,,,,,,,,,,,,,,,,,,,,,,,,32.0,32.0,threshold_prioritized,19.0,True
threshold_priority,capsule,20260715,freqpatch_lite,8.0,5.0,19.0,,,,256,98304,0.047014167001179885,0.995,0.6513761467889909,0.8775487710913805,0.9522081636533346,0.19505616603303746,2.157620668411255,0.05,19.0,19.0,True,0.05,0.19672131147540983,0.19672131147540983,0.9230769230769231,0.11009174311926606,0.9565217391304348,0.5333067411248504,0.043478260869565216,43.47826086956522,12,1,22,97,,,,,,,,,,,,,,,,,,,,,,,,,,,,,32.0,32.0,threshold_prioritized,19.0,True
threshold_priority,capsule,20260715,patchcore_lite,8.0,5.0,19.0,,,,256,98304,0.047014167001179885,0.995,0.6585560430793778,0.8815913648249754,0.9522861229078268,0.2010274967999628,1.8415380716323853,0.05,19.0,19.0,True,0.05,0.21138211382113822,0.21138211382113822,0.9285714285714286,0.11926605504587157,0.9565217391304348,0.5378938970881532,0.043478260869565216,43.47826086956522,13,1,22,96,,,,,,,,,,,,,,,,,,,,,,,,,,,,,32.0,32.0,threshold_prioritized,19.0,True
threshold_priority,capsule,20260716,freqpatch_lite,8.0,5.0,19.0,,,,256,98304,0.030828165996354073,0.995,0.6800957319505386,0.918872834718378,0.9580368544063546,0.2866354306876493,1.3876169919967651,0.05,19.0,19.0,True,0.05,0.33587786259541985,0.33587786259541985,1.0,0.2018348623853211,1.0,0.6009174311926606,0.0,0.0,22,0,23,87,,,,,,,,,,,,,,,,,,,,,,,,,,,,,32.0,32.0,threshold_prioritized,19.0,True
threshold_priority,capsule,20260716,patchcore_lite,8.0,5.0,19.0,,,,256,98304,0.030828165996354073,0.995,0.6844834463502194,0.9209118908405811,0.9580259958983046,0.2866719848233322,1.3218770027160645,0.05,19.0,19.0,True,0.05,0.3851851851851852,0.3851851851851852,1.0,0.23853211009174313,1.0,0.6192660550458715,0.0,0.0,26,0,23,83,,,,,,,,,,,,,,,,,,,,,,,,,,,,,32.0,32.0,threshold_prioritized,19.0,True
threshold_priority,carpet,20260714,freqpatch_lite,8.0,5.0,19.0,,,,256,98304,0.03404150000278605,0.995,0.869983948635634,0.9590236348212913,0.9781626529639876,0.592129310935878,1.3357267379760742,0.05,19.0,19.0,True,0.05,0.8850574712643678,0.8850574712643678,0.9058823529411765,0.8651685393258427,0.7142857142857143,0.7897271268057785,0.2857142857142857,285.7142857142857,77,8,20,12,,,,,,,,,,,,,,,,,,,,,,,,,,,,,32.0,32.0,threshold_prioritized,19.0,True
threshold_priority,carpet,20260714,patchcore_lite,8.0,5.0,19.0,,,,256,98304,0.03404150000278605,0.995,0.8703852327447833,0.959535599906951,0.9781495181904698,0.590096846125364,1.3357267379760742,0.05,19.0,19.0,True,0.05,0.8850574712643678,0.8850574712643678,0.9058823529411765,0.8651685393258427,0.7142857142857143,0.7897271268057785,0.2857142857142857,285.7142857142857,77,8,20,12,,,,,,,,,,,,,,,,,,,,,,,,,,,,,32.0,32.0,threshold_prioritized,19.0,True
threshold_priority,carpet,20260715,freqpatch_lite,8.0,5.0,19.0,,,,256,98304,0.04559062500629807,0.995,0.8756019261637239,0.9592512140473166,0.9708587937234654,0.5066293589139963,1.9437546730041504,0.05,19.0,19.0,True,0.05,0.7050359712230215,0.7050359712230215,0.98,0.550561797752809,0.9642857142857143,0.7574237560192616,0.03571428571428571,35.714285714285715,49,1,27,40,,,,,,,,,,,,,,,,,,,,,,,,,,,,,32.0,32.0,threshold_prioritized,19.0,True
threshold_priority,carpet,20260715,patchcore_lite,8.0,5.0,19.0,,,,256,98304,0.04559062500629807,0.995,0.8756019261637239,0.9592512140473166,0.9708515162204385,0.5045167645090608,1.9437546730041504,0.05,19.0,19.0,True,0.05,0.7050359712230215,0.7050359712230215,0.98,0.550561797752809,0.9642857142857143,0.7574237560192616,0.03571428571428571,35.714285714285715,49,1,27,40,,,,,,,,,,,,,,,,,,,,,,,,,,,,,32.0,32.0,threshold_prioritized,19.0,True
threshold_priority,carpet,20260716,freqpatch_lite,8.0,5.0,19.0,,,,256,98304,0.047254292003344744,0.995,0.8575441412520064,0.9517386909292748,0.9739860656113444,0.5458355809839975,1.5965344905853271,0.05,19.0,19.0,True,0.05,0.7785234899328859,0.7785234899328859,0.9666666666666667,0.651685393258427,0.9285714285714286,0.7901284109149278,0.07142857142857142,71.42857142857143,58,2,26,31,,,,,,,,,,,,,,,,,,,,,,,,,,,,,32.0,32.0,threshold_prioritized,19.0,True
threshold_priority,carpet,20260716,patchcore_lite,8.0,5.0,19.0,,,,256,98304,0.047254292003344744,0.995,0.8559390048154092,0.9512033508647023,0.9739640686525727,0.542800648009059,1.5965344905853271,0.05,19.0,19.0,True,0.05,0.7785234899328859,0.7785234899328859,0.9666666666666667,0.651685393258427,0.9285714285714286,0.7901284109149278,0.07142857142857142,71.42857142857143,58,2,26,31,,,,,,,,,,,,,,,,,,,,,,,,,,,,,32.0,32.0,threshold_prioritized,19.0,True
threshold_priority,grid,20260714,freqpatch_lite,8.0,5.0,19.0,,,,256,98304,0.01765566699759802,0.995,0.5413533834586466,0.7590398884712033,0.6783504729927329,0.011534071233923186,1.4670836925506592,0.05,19.0,19.0,True,0.05,0.2153846153846154,0.2153846153846154,0.875,0.12280701754385964,0.9523809523809523,0.537593984962406,0.047619047619047616,47.61904761904761,7,1,20,50,,,,,,,,,,,,,,,,,,,,,,,,,,,,,32.0,32.0,threshold_prioritized,19.0,True
threshold_priority,grid,20260714,patchcore_lite,8.0,5.0,19.0,,,,256,98304,0.01765566699759802,0.995,0.5413533834586466,0.7590398884712033,0.6783465801133195,0.011532480586984493,1.4670836925506592,0.05,19.0,19.0,True,0.05,0.2153846153846154,0.2153846153846154,0.875,0.12280701754385964,0.9523809523809523,0.537593984962406,0.047619047619047616,47.61904761904761,7,1,20,50,,,,,,,,,,,,,,,,,,,,,,,,,,,,,32.0,32.0,threshold_prioritized,19.0,True
threshold_priority,grid,20260715,freqpatch_lite,8.0,5.0,19.0,,,,256,98304,0.0276856670025154,0.995,0.4486215538847118,0.6994126647000423,0.6936228030068828,0.016329535124356327,1.5713061094284058,0.05,19.0,19.0,True,0.05,0.03389830508474576,0.03389830508474576,0.5,0.017543859649122806,0.9523809523809523,0.4849624060150376,0.047619047619047616,47.61904761904761,1,1,20,56,,,,,,,,,,,,,,,,,,,,,,,,,,,,,32.0,32.0,threshold_prioritized,19.0,True
threshold_priority,grid,20260715,patchcore_lite,8.0,5.0,19.0,,,,256,98304,0.0276856670025154,0.995,0.4486215538847118,0.6994126647000423,0.6936228850003561,0.016329705147728687,1.5713061094284058,0.05,19.0,19.0,True,0.05,0.03389830508474576,0.03389830508474576,0.5,0.017543859649122806,0.9523809523809523,0.4849624060150376,0.047619047619047616,47.61904761904761,1,1,20,56,,,,,,,,,,,,,,,,,,,,,,,,,,,,,32.0,32.0,threshold_prioritized,19.0,True
threshold_priority,grid,20260716,freqpatch_lite,8.0,5.0,19.0,,,,256,98304,0.025672750001831446,0.995,0.4018379281537176,0.6679959929514554,0.7030046366720721,0.017415191088624132,2.167205333709717,0.05,19.0,19.0,True,0.05,0.0,0.0,0.0,0.0,1.0,0.5,0.0,0.0,0,0,21,57,,,,,,,,,,,,,,,,,,,,,,,,,,,,,32.0,32.0,threshold_prioritized,19.0,True
threshold_priority,grid,20260716,patchcore_lite,8.0,5.0,19.0,,,,256,98304,0.025672750001831446,0.995,0.40434419381787806,0.6686419948953165,0.7029950161536478,0.017401563799865925,2.167205333709717,0.05,19.0,19.0,True,0.05,0.0,0.0,0.0,0.0,1.0,0.5,0.0,0.0,0,0,21,57,,,,,,,,,,,,,,,,,,,,,,,,,,,,,32.0,32.0,threshold_prioritized,19.0,True
threshold_priority,hazelnut,20260714,freqpatch_lite,8.0,5.0,19.0,,,,256,98304,0.035882499993022066,0.995,0.9082142857142858,0.9393263348543379,0.9616654761725643,0.3908266966686632,1.1302051544189453,0.05,19.0,19.0,True,0.05,0.8527131782945736,0.8527131782945736,0.9322033898305084,0.7857142857142857,0.9,0.8428571428571429,0.1,100.0,55,4,36,15,,,,,,,,,,,,,,,,,,,,,,,,,,,,,32.0,32.0,threshold_prioritized,19.0,True
threshold_priority,hazelnut,20260714,patchcore_lite,8.0,5.0,19.0,,,,256,98304,0.035882499993022066,0.995,0.9046428571428572,0.9353026742037704,0.961598581982221,0.3835214628560575,1.1302051544189453,0.05,19.0,19.0,True,0.05,0.84375,0.84375,0.9310344827586207,0.7714285714285715,0.9,0.8357142857142857,0.1,100.0,54,4,36,16,,,,,,,,,,,,,,,,,,,,,,,,,,,,,32.0,32.0,threshold_prioritized,19.0,True
threshold_priority,hazelnut,20260715,freqpatch_lite,8.0,5.0,19.0,,,,256,98304,0.024301416000525933,0.995,0.9360714285714286,0.965064315468165,0.9660230588897722,0.46057681025318664,1.260666847229004,0.05,19.0,19.0,True,0.05,0.7899159663865546,0.7899159663865546,0.9591836734693877,0.6714285714285714,0.95,0.8107142857142857,0.05,50.0,47,2,38,23,,,,,,,,,,,,,,,,,,,,,,,,,,,,,32.0,32.0,threshold_prioritized,19.0,True
threshold_priority,hazelnut,20260715,patchcore_lite,8.0,5.0,19.0,,,,256,98304,0.024301416000525933,0.995,0.9346428571428572,0.9631535414465007,0.9658878489760538,0.45070491884979663,1.260666847229004,0.05,19.0,19.0,True,0.05,0.7586206896551724,0.7586206896551724,0.9565217391304348,0.6285714285714286,0.95,0.7892857142857143,0.05,50.0,44,2,38,26,,,,,,,,,,,,,,,,,,,,,,,,,,,,,32.0,32.0,threshold_prioritized,19.0,True
threshold_priority,hazelnut,20260716,freqpatch_lite,8.0,5.0,19.0,,,,256,98304,0.026723083996330388,0.995,0.9249999999999999,0.9431037028585121,0.9666329494035477,0.3927076613338388,1.1624336242675781,0.05,19.0,19.0,True,0.05,0.6095238095238096,0.6095238095238096,0.9142857142857143,0.45714285714285713,0.925,0.6910714285714286,0.075,75.0,32,3,37,38,,,,,,,,,,,,,,,,,,,,,,,,,,,,,32.0,32.0,threshold_prioritized,19.0,True
threshold_priority,hazelnut,20260716,patchcore_lite,8.0,5.0,19.0,,,,256,98304,0.026723083996330388,0.995,0.9239285714285714,0.9414724452272545,0.9666065285858225,0.38884688207665974,1.1624336242675781,0.05,19.0,19.0,True,0.05,0.5825242718446602,0.5825242718446602,0.9090909090909091,0.42857142857142855,0.925,0.6767857142857143,0.075,75.0,30,3,37,40,,,,,,,,,,,,,,,,,,,,,,,,,,,,,32.0,32.0,threshold_prioritized,19.0,True
threshold_priority,leather,20260714,freqpatch_lite,8.0,5.0,19.0,,,,256,98304,0.040363583000726067,0.995,0.9874320652173914,0.9957546776876358,0.9917742591628316,0.45073418325594933,1.5126978158950806,0.05,19.0,19.0,True,0.05,0.9430051813471503,0.9430051813471503,0.900990099009901,0.9891304347826086,0.6875,0.8383152173913043,0.3125,312.5,91,10,22,1,,,,,,,,,,,,,,,,,,,,,,,,,,,,,32.0,32.0,threshold_prioritized,19.0,True
threshold_priority,leather,20260714,patchcore_lite,8.0,5.0,19.0,,,,256,98304,0.040363583000726067,0.995,0.9887907608695652,0.9963300281474556,0.9914998506232695,0.43616569325430565,1.5126978158950806,0.05,19.0,19.0,True,0.05,0.9479166666666666,0.9479166666666666,0.91,0.9891304347826086,0.71875,0.8539402173913043,0.28125,281.25,91,9,23,1,,,,,,,,,,,,,,,,,,,,,,,,,,,,,32.0,32.0,threshold_prioritized,19.0,True
threshold_priority,leather,20260715,freqpatch_lite,8.0,5.0,19.0,,,,256,98304,0.03594475000136299,0.995,0.9932065217391304,0.9976843606419372,0.9919622379770032,0.4512791997125874,2.2101707458496094,0.05,19.0,19.0,True,0.05,0.9425287356321839,0.9425287356321839,1.0,0.8913043478260869,1.0,0.9456521739130435,0.0,0.0,82,0,32,10,,,,,,,,,,,,,,,,,,,,,,,,,,,,,32.0,32.0,threshold_prioritized,19.0,True
threshold_priority,leather,20260715,patchcore_lite,8.0,5.0,19.0,,,,256,98304,0.03594475000136299,0.995,0.9928668478260869,0.997671815187746,0.991739500031938,0.4385555730551275,2.2101707458496094,0.05,19.0,19.0,True,0.05,0.9239766081871345,0.9239766081871345,1.0,0.8586956521739131,1.0,0.9293478260869565,0.0,0.0,79,0,32,13,,,,,,,,,,,,,,,,,,,,,,,,,,,,,32.0,32.0,threshold_prioritized,19.0,True
threshold_priority,leather,20260716,freqpatch_lite,8.0,5.0,19.0,,,,256,98304,0.024446290997730102,0.995,0.991508152173913,0.9970645596267143,0.991381521408228,0.4438564815893927,1.777529239654541,0.05,19.0,19.0,True,0.05,0.9732620320855615,0.9732620320855615,0.9578947368421052,0.9891304347826086,0.875,0.9320652173913043,0.125,125.0,91,4,28,1,,,,,,,,,,,,,,,,,,,,,,,,,,,,,32.0,32.0,threshold_prioritized,19.0,True
threshold_priority,leather,20260716,patchcore_lite,8.0,5.0,19.0,,,,256,98304,0.024446290997730102,0.995,0.9925271739130435,0.9975399033107432,0.9911765906520176,0.43230273925517376,1.777529239654541,0.05,19.0,19.0,True,0.05,0.9837837837837838,0.9837837837837838,0.978494623655914,0.9891304347826086,0.9375,0.9633152173913043,0.0625,62.5,91,2,30,1,,,,,,,,,,,,,,,,,,,,,,,,,,,,,32.0,32.0,threshold_prioritized,19.0,True
threshold_priority,metal_nut,20260714,freqpatch_lite,8.0,5.0,19.0,,,,256,98304,0.03623770800186321,0.995,0.6177908113391984,0.8744454900286481,0.900162215971211,0.4915095068144338,1.3132387399673462,0.05,19.0,19.0,True,0.05,0.5531914893617021,0.5531914893617021,0.8125,0.41935483870967744,0.5909090909090909,0.5051319648093842,0.4090909090909091,409.0909090909091,39,9,13,54,,,,,,,,,,,,,,,,,,,,,,,,,,,,,32.0,32.0,threshold_prioritized,19.0,True
threshold_priority,metal_nut,20260714,patchcore_lite,8.0,5.0,19.0,,,,256,98304,0.03623770800186321,0.995,0.6168132942326491,0.8741772557680951,0.9001632700484937,0.4915220042137641,1.3132387399673462,0.05,19.0,19.0,True,0.05,0.5531914893617021,0.5531914893617021,0.8125,0.41935483870967744,0.5909090909090909,0.5051319648093842,0.4090909090909091,409.0909090909091,39,9,13,54,,,,,,,,,,,,,,,,,,,,,,,,,,,,,32.0,32.0,threshold_prioritized,19.0,True
threshold_priority,metal_nut,20260715,freqpatch_lite,8.0,5.0,19.0,,,,256,98304,0.03866204200312495,0.995,0.4213098729227761,0.7635398945445524,0.9083354088660266,0.49062162998512,1.3570127487182617,0.05,19.0,19.0,True,0.05,0.16822429906542055,0.16822429906542055,0.6428571428571429,0.0967741935483871,0.7727272727272727,0.4347507331378299,0.22727272727272727,227.27272727272725,9,5,17,84,,,,,,,,,,,,,,,,,,,,,,,,,,,,,32.0,32.0,threshold_prioritized,19.0,True
threshold_priority,metal_nut,20260715,patchcore_lite,8.0,5.0,19.0,,,,256,98304,0.03866204200312495,0.995,0.4213098729227761,0.7635398945445524,0.9083353451046893,0.49059951262564344,1.3570127487182617,0.05,19.0,19.0,True,0.05,0.16822429906542055,0.16822429906542055,0.6428571428571429,0.0967741935483871,0.7727272727272727,0.4347507331378299,0.22727272727272727,227.27272727272725,9,5,17,84,,,,,,,,,,,,,,,,,,,,,,,,,,,,,32.0,32.0,threshold_prioritized,19.0,True
threshold_priority,metal_nut,20260716,freqpatch_lite,8.0,5.0,19.0,,,,256,98304,0.04208854199532652,0.995,0.6920821114369501,0.8851004745229227,0.9226520465174033,0.5549439043785224,1.4585891962051392,0.05,19.0,19.0,True,0.05,0.12121212121212122,0.12121212121212122,1.0,0.06451612903225806,1.0,0.532258064516129,0.0,0.0,6,0,22,87,,,,,,,,,,,,,,,,,,,,,,,,,,,,,32.0,32.0,threshold_prioritized,19.0,True
threshold_priority,metal_nut,20260716,patchcore_lite,8.0,5.0,19.0,,,,256,98304,0.04208854199532652,0.995,0.6920821114369501,0.8851004745229227,0.9226520465174033,0.5549439043785224,1.4585891962051392,0.05,19.0,19.0,True,0.05,0.12121212121212122,0.12121212121212122,1.0,0.06451612903225806,1.0,0.532258064516129,0.0,0.0,6,0,22,87,,,,,,,,,,,,,,,,,,,,,,,,,,,,,32.0,32.0,threshold_prioritized,19.0,True
threshold_priority,pill,20260714,freqpatch_lite,8.0,5.0,19.0,,,,256,98304,0.033412167002097704,0.995,0.806873977086743,0.9610280528781635,0.9370912724205711,0.4805254695673895,1.4067668914794922,0.05,19.0,19.0,True,0.05,0.36046511627906974,0.36046511627906974,1.0,0.2198581560283688,1.0,0.6099290780141844,0.0,0.0,31,0,26,110,,,,,,,,,,,,,,,,,,,,,,,,,,,,,32.0,32.0,threshold_prioritized,19.0,True
threshold_priority,pill,20260714,patchcore_lite,8.0,5.0,19.0,,,,256,98304,0.033412167002097704,0.995,0.806873977086743,0.9611230634552161,0.9370804669708075,0.48003653897925413,1.3779536485671997,0.05,19.0,19.0,True,0.05,0.38857142857142857,0.38857142857142857,1.0,0.24113475177304963,1.0,0.6205673758865248,0.0,0.0,34,0,26,107,,,,,,,,,,,,,,,,,,,,,,,,,,,,,32.0,32.0,threshold_prioritized,19.0,True
threshold_priority,pill,20260715,freqpatch_lite,8.0,5.0,19.0,,,,256,98304,0.05071308400511043,0.995,0.7392253136933988,0.9462888345891087,0.9432257649315627,0.5316525697941249,2.0393567085266113,0.05,19.0,19.0,True,0.05,0.22641509433962265,0.22641509433962265,1.0,0.1276595744680851,1.0,0.5638297872340425,0.0,0.0,18,0,26,123,,,,,,,,,,,,,,,,,,,,,,,,,,,,,32.0,32.0,threshold_prioritized,19.0,True
threshold_priority,pill,20260715,patchcore_lite,8.0,5.0,19.0,,,,256,98304,0.05071308400511043,0.995,0.7400436442989634,0.9469736891082812,0.943155588175558,0.5286963704992783,1.9198803901672363,0.05,19.0,19.0,True,0.05,0.26993865030674846,0.26993865030674846,1.0,0.15602836879432624,1.0,0.5780141843971631,0.0,0.0,22,0,26,119,,,,,,,,,,,,,,,,,,,,,,,,,,,,,32.0,32.0,threshold_prioritized,19.0,True
threshold_priority,pill,20260716,freqpatch_lite,8.0,5.0,19.0,,,,256,98304,0.04369145799864782,0.995,0.7872340425531915,0.9571936523101416,0.9425912490561082,0.48568846529505544,1.2340610027313232,0.05,19.0,19.0,True,0.05,0.7312775330396476,0.7312775330396476,0.9651162790697675,0.5886524822695035,0.8846153846153846,0.7366339334424441,0.11538461538461539,115.38461538461539,83,3,23,58,,,,,,,,,,,,,,,,,,,,,,,,,,,,,32.0,32.0,threshold_prioritized,19.0,True
threshold_priority,pill,20260716,patchcore_lite,8.0,5.0,19.0,,,,256,98304,0.04369145799864782,0.995,0.7850518276050191,0.9566005522312686,0.9425594527547326,0.48402791793577216,1.2340610027313232,0.05,19.0,19.0,True,0.05,0.7288888888888889,0.7288888888888889,0.9761904761904762,0.5815602836879432,0.9230769230769231,0.7523186033824332,0.07692307692307693,76.92307692307693,82,2,24,59,,,,,,,,,,,,,,,,,,,,,,,,,,,,,32.0,32.0,threshold_prioritized,19.0,True
threshold_priority,screw,20260714,freqpatch_lite,8.0,5.0,19.0,,,,256,98304,0.03823804100102279,0.995,0.4484525517524083,0.6914013291656149,0.8795856088556877,0.010506101644829098,1.4367424249649048,0.05,19.0,19.0,True,0.05,0.0,0.0,0.0,0.0,1.0,0.5,0.0,0.0,0,0,41,119,,,,,,,,,,,,,,,,,,,,,,,,,,,,,32.0,32.0,threshold_prioritized,19.0,True
threshold_priority,screw,20260714,patchcore_lite,8.0,5.0,19.0,,,,256,98304,0.03823804100102279,0.995,0.448042631686821,0.6910862335533334,0.8795857094039594,0.010506380912918287,1.4367424249649048,0.05,19.0,19.0,True,0.05,0.0,0.0,0.0,0.0,1.0,0.5,0.0,0.0,0,0,41,119,,,,,,,,,,,,,,,,,,,,,,,,,,,,,32.0,32.0,threshold_prioritized,19.0,True
threshold_priority,screw,20260715,freqpatch_lite,8.0,5.0,19.0,,,,256,98304,0.034149541999795474,0.995,0.43205574912891986,0.6908031569254799,0.8994943149115299,0.012290781212539079,1.3793160915374756,0.05,19.0,19.0,True,0.05,0.0,0.0,0.0,0.0,1.0,0.5,0.0,0.0,0,0,41,119,,,,,,,,,,,,,,,,,,,,,,,,,,,,,32.0,32.0,threshold_prioritized,19.0,True
threshold_priority,screw,20260715,patchcore_lite,8.0,5.0,19.0,,,,256,98304,0.034149541999795474,0.995,0.43185078909612623,0.6906738744432562,0.8994943198481935,0.012290782167712266,1.3793160915374756,0.05,19.0,19.0,True,0.05,0.0,0.0,0.0,0.0,1.0,0.5,0.0,0.0,0,0,41,119,,,,,,,,,,,,,,,,,,,,,,,,,,,,,32.0,32.0,threshold_prioritized,19.0,True
threshold_priority,screw,20260716,freqpatch_lite,8.0,5.0,19.0,,,,256,98304,0.05017599999700906,0.995,0.49026439844230374,0.740216737211684,0.9159562119524409,0.015443237416128606,1.4818702936172485,0.05,19.0,19.0,True,0.05,0.07874015748031496,0.07874015748031496,0.625,0.04201680672268908,0.926829268292683,0.484423037507686,0.07317073170731707,73.17073170731707,5,3,38,114,,,,,,,,,,,,,,,,,,,,,,,,,,,,,32.0,32.0,threshold_prioritized,19.0,True
threshold_priority,screw,20260716,patchcore_lite,8.0,5.0,19.0,,,,256,98304,0.05017599999700906,0.995,0.48985447837671653,0.7400314025804912,0.9159548634199292,0.015441777775138273,1.4818702936172485,0.05,19.0,19.0,True,0.05,0.07874015748031496,0.07874015748031496,0.625,0.04201680672268908,0.926829268292683,0.484423037507686,0.07317073170731707,73.17073170731707,5,3,38,114,,,,,,,,,,,,,,,,,,,,,,,,,,,,,32.0,32.0,threshold_prioritized,19.0,True
threshold_priority,tile,20260714,freqpatch_lite,8.0,5.0,19.0,,,,256,98304,0.03152783300174633,0.995,0.9065656565656566,0.9651089846665417,0.9093276626642575,0.3985800833099825,1.5633502006530762,0.05,19.0,19.0,True,0.05,0.7272727272727273,0.7272727272727273,1.0,0.5714285714285714,1.0,0.7857142857142857,0.0,0.0,48,0,33,36,,,,,,,,,,,,,,,,,,,,,,,,,,,,,32.0,32.0,threshold_prioritized,19.0,True
threshold_priority,tile,20260714,patchcore_lite,8.0,5.0,19.0,,,,256,98304,0.03152783300174633,0.995,0.9054834054834054,0.9646300478719319,0.9093338093828431,0.3984794197359864,1.5633502006530762,0.05,19.0,19.0,True,0.05,0.7272727272727273,0.7272727272727273,1.0,0.5714285714285714,1.0,0.7857142857142857,0.0,0.0,48,0,33,36,,,,,,,,,,,,,,,,,,,,,,,,,,,,,32.0,32.0,threshold_prioritized,19.0,True
threshold_priority,tile,20260715,freqpatch_lite,8.0,5.0,19.0,,,,256,98304,0.0287634580017766,0.995,0.9321789321789321,0.9752623954405197,0.9105951354301527,0.410429242847473,1.5775812864303589,0.05,19.0,19.0,True,0.05,0.8333333333333334,0.8333333333333334,1.0,0.7142857142857143,1.0,0.8571428571428572,0.0,0.0,60,0,33,24,,,,,,,,,,,,,,,,,,,,,,,,,,,,,32.0,32.0,threshold_prioritized,19.0,True
threshold_priority,tile,20260715,patchcore_lite,8.0,5.0,19.0,,,,256,98304,0.0287634580017766,0.995,0.9314574314574314,0.9749002199532543,0.910599424900205,0.410410422686627,1.5775812864303589,0.05,19.0,19.0,True,0.05,0.8333333333333334,0.8333333333333334,1.0,0.7142857142857143,1.0,0.8571428571428572,0.0,0.0,60,0,33,24,,,,,,,,,,,,,,,,,,,,,,,,,,,,,32.0,32.0,threshold_prioritized,19.0,True
threshold_priority,tile,20260716,freqpatch_lite,8.0,5.0,19.0,,,,256,98304,0.031241500000760425,0.995,0.9253246753246752,0.971534884887745,0.9123346035994058,0.4087810814037094,1.1466283798217773,0.05,19.0,19.0,True,0.05,0.8888888888888888,0.8888888888888888,0.9230769230769231,0.8571428571428571,0.8181818181818182,0.8376623376623377,0.18181818181818182,181.8181818181818,72,6,27,12,,,,,,,,,,,,,,,,,,,,,,,,,,,,,32.0,32.0,threshold_prioritized,19.0,True
threshold_priority,tile,20260716,patchcore_lite,8.0,5.0,19.0,,,,256,98304,0.031241500000760425,0.995,0.9246031746031745,0.9711601036808266,0.9123404973016827,0.4088475816244484,1.1466283798217773,0.05,19.0,19.0,True,0.05,0.8888888888888888,0.8888888888888888,0.9230769230769231,0.8571428571428571,0.8181818181818182,0.8376623376623377,0.18181818181818182,181.8181818181818,72,6,27,12,,,,,,,,,,,,,,,,,,,,,,,,,,,,,32.0,32.0,threshold_prioritized,19.0,True
threshold_priority,toothbrush,20260714,freqpatch_lite,8.0,5.0,19.0,,,,256,98304,0.01353699999890523,0.995,0.711111111111111,0.8958307574382216,0.9611197519479076,0.3568365289896411,1.314412236213684,0.05,19.0,19.0,True,0.05,0.6808510638297872,0.6808510638297872,0.9411764705882353,0.5333333333333333,0.9166666666666666,0.725,0.08333333333333333,83.33333333333333,16,1,11,14,,,,,,,,,,,,,,,,,,,,,,,,,,,,,32.0,32.0,threshold_prioritized,19.0,True
threshold_priority,toothbrush,20260714,patchcore_lite,8.0,5.0,19.0,,,,256,98304,0.01353699999890523,0.995,0.7083333333333333,0.8938699731244961,0.9611950110449554,0.3656259873767998,1.314412236213684,0.05,19.0,19.0,True,0.05,0.6521739130434783,0.6521739130434783,0.9375,0.5,0.9166666666666666,0.7083333333333333,0.08333333333333333,83.33333333333333,15,1,11,15,,,,,,,,,,,,,,,,,,,,,,,,,,,,,32.0,32.0,threshold_prioritized,19.0,True
threshold_priority,toothbrush,20260715,freqpatch_lite,8.0,5.0,19.0,,,,256,98304,0.014157583995256573,0.995,0.8027777777777778,0.9360535365551101,0.9700061769449433,0.43514855886960063,1.1976004838943481,0.05,19.0,19.0,True,0.05,0.6956521739130435,0.6956521739130435,1.0,0.5333333333333333,1.0,0.7666666666666666,0.0,0.0,16,0,12,14,,,,,,,,,,,,,,,,,,,,,,,,,,,,,32.0,32.0,threshold_prioritized,19.0,True
threshold_priority,toothbrush,20260715,patchcore_lite,8.0,5.0,19.0,,,,256,98304,0.014157583995256573,0.995,0.8027777777777778,0.9360535365551101,0.9701043032184803,0.44565697935106974,1.1976004838943481,0.05,19.0,19.0,True,0.05,0.6956521739130435,0.6956521739130435,1.0,0.5333333333333333,1.0,0.7666666666666666,0.0,0.0,16,0,12,14,,,,,,,,,,,,,,,,,,,,,,,,,,,,,32.0,32.0,threshold_prioritized,19.0,True
threshold_priority,toothbrush,20260716,freqpatch_lite,8.0,5.0,19.0,,,,256,98304,0.01495062500180211,0.995,0.7388888888888889,0.9045823298388054,0.9739043957379425,0.4373708197949438,1.3291404247283936,0.05,19.0,19.0,True,0.05,0.6956521739130435,0.6956521739130435,1.0,0.5333333333333333,1.0,0.7666666666666666,0.0,0.0,16,0,12,14,,,,,,,,,,,,,,,,,,,,,,,,,,,,,32.0,32.0,threshold_prioritized,19.0,True
threshold_priority,toothbrush,20260716,patchcore_lite,8.0,5.0,19.0,,,,256,98304,0.01495062500180211,0.995,0.7388888888888889,0.9045823298388054,0.9740437465449993,0.4509418122286314,1.3291404247283936,0.05,19.0,19.0,True,0.05,0.6956521739130435,0.6956521739130435,1.0,0.5333333333333333,1.0,0.7666666666666666,0.0,0.0,16,0,12,14,,,,,,,,,,,,,,,,,,,,,,,,,,,,,32.0,32.0,threshold_prioritized,19.0,True
threshold_priority,transistor,20260714,freqpatch_lite,8.0,5.0,19.0,,,,256,98304,0.020576209004502743,0.995,0.7429166666666667,0.7592902537328687,0.7707624197248338,0.32968164330815575,1.335900068283081,0.05,19.0,19.0,True,0.05,0.625,0.625,0.8333333333333334,0.5,0.9333333333333333,0.7166666666666667,0.06666666666666667,66.66666666666667,20,4,56,20,,,,,,,,,,,,,,,,,,,,,,,,,,,,,32.0,32.0,threshold_prioritized,19.0,True
threshold_priority,transistor,20260714,patchcore_lite,8.0,5.0,19.0,,,,256,98304,0.020576209004502743,0.995,0.7408333333333332,0.7509016599369943,0.7707499017730564,0.3290402532179111,1.335900068283081,0.05,19.0,19.0,True,0.05,0.6031746031746031,0.6031746031746031,0.8260869565217391,0.475,0.9333333333333333,0.7041666666666666,0.06666666666666667,66.66666666666667,19,4,56,21,,,,,,,,,,,,,,,,,,,,,,,,,,,,,32.0,32.0,threshold_prioritized,19.0,True
threshold_priority,transistor,20260715,freqpatch_lite,8.0,5.0,19.0,,,,256,98304,0.033800832999986596,0.995,0.7545833333333334,0.7442533986597027,0.7591040462772827,0.3167227679492799,1.327361822128296,0.05,19.0,19.0,True,0.05,0.5423728813559322,0.5423728813559322,0.8421052631578947,0.4,0.95,0.675,0.05,50.0,16,3,57,24,,,,,,,,,,,,,,,,,,,,,,,,,,,,,32.0,32.0,threshold_prioritized,19.0,True
threshold_priority,transistor,20260715,patchcore_lite,8.0,5.0,19.0,,,,256,98304,0.033800832999986596,0.995,0.7529166666666667,0.7418478483952332,0.7590950273361896,0.3163367397833705,1.327361822128296,0.05,19.0,19.0,True,0.05,0.5423728813559322,0.5423728813559322,0.8421052631578947,0.4,0.95,0.675,0.05,50.0,16,3,57,24,,,,,,,,,,,,,,,,,,,,,,,,,,,,,32.0,32.0,threshold_prioritized,19.0,True
threshold_priority,transistor,20260716,freqpatch_lite,8.0,5.0,19.0,,,,256,98304,0.03211550000560237,0.995,0.7391666666666666,0.7352554049978874,0.7849928942758755,0.3432901429865098,1.2331852912902832,0.05,19.0,19.0,True,0.05,0.6,0.6,0.7,0.525,0.85,0.6875,0.15,150.0,21,9,51,19,,,,,,,,,,,,,,,,,,,,,,,,,,,,,32.0,32.0,threshold_prioritized,19.0,True
threshold_priority,transistor,20260716,patchcore_lite,8.0,5.0,19.0,,,,256,98304,0.03211550000560237,0.995,0.73875,0.7322166969911541,0.7849790566145257,0.34240351933547364,1.2077863216400146,0.05,19.0,19.0,True,0.05,0.6111111111111112,0.6111111111111112,0.6875,0.55,0.8333333333333334,0.6916666666666667,0.16666666666666666,166.66666666666666,22,10,50,18,,,,,,,,,,,,,,,,,,,,,,,,,,,,,32.0,32.0,threshold_prioritized,19.0,True
threshold_priority,wood,20260714,freqpatch_lite,8.0,5.0,19.0,,,,256,98304,0.022786916997574735,0.995,0.9815789473684211,0.9943137673879621,0.9234361903401984,0.4093917279218638,2.070749044418335,0.05,19.0,19.0,True,0.05,0.8785046728971962,0.8785046728971962,1.0,0.7833333333333333,1.0,0.8916666666666666,0.0,0.0,47,0,19,13,,,,,,,,,,,,,,,,,,,,,,,,,,,,,32.0,32.0,threshold_prioritized,19.0,True
threshold_priority,wood,20260714,patchcore_lite,8.0,5.0,19.0,,,,256,98304,0.022786916997574735,0.995,0.9815789473684211,0.9943137673879621,0.9233991814230358,0.40865107319357796,2.070749044418335,0.05,19.0,19.0,True,0.05,0.8785046728971962,0.8785046728971962,1.0,0.7833333333333333,1.0,0.8916666666666666,0.0,0.0,47,0,19,13,,,,,,,,,,,,,,,,,,,,,,,,,,,,,32.0,32.0,threshold_prioritized,19.0,True
threshold_priority,wood,20260715,freqpatch_lite,8.0,5.0,19.0,,,,256,98304,0.023267791999387555,0.995,0.9850877192982455,0.9955557225299926,0.9179855144167348,0.3974132968897362,1.6398085355758667,0.05,19.0,19.0,True,0.05,0.9473684210526315,0.9473684210526315,1.0,0.9,1.0,0.95,0.0,0.0,54,0,19,6,,,,,,,,,,,,,,,,,,,,,,,,,,,,,32.0,32.0,threshold_prioritized,19.0,True
threshold_priority,wood,20260715,patchcore_lite,8.0,5.0,19.0,,,,256,98304,0.023267791999387555,0.995,0.9842105263157894,0.9952734075471331,0.9179040870668147,0.395929024841971,1.6398085355758667,0.05,19.0,19.0,True,0.05,0.9380530973451328,0.9380530973451328,1.0,0.8833333333333333,1.0,0.9416666666666667,0.0,0.0,53,0,19,7,,,,,,,,,,,,,,,,,,,,,,,,,,,,,32.0,32.0,threshold_prioritized,19.0,True
threshold_priority,wood,20260716,freqpatch_lite,8.0,5.0,19.0,,,,256,98304,0.020368040997709613,0.995,0.9850877192982455,0.9953510302199844,0.9155080949523424,0.40474780239447883,1.711745262145996,0.05,19.0,19.0,True,0.05,0.9090909090909091,0.9090909090909091,1.0,0.8333333333333334,1.0,0.9166666666666667,0.0,0.0,50,0,19,10,,,,,,,,,,,,,,,,,,,,,,,,,,,,,32.0,32.0,threshold_prioritized,19.0,True
threshold_priority,wood,20260716,patchcore_lite,8.0,5.0,19.0,,,,256,98304,0.020368040997709613,0.995,0.9842105263157894,0.9950365648111793,0.9154628977320305,0.40366915975918394,1.711745262145996,0.05,19.0,19.0,True,0.05,0.9090909090909091,0.9090909090909091,1.0,0.8333333333333334,1.0,0.9166666666666667,0.0,0.0,50,0,19,10,,,,,,,,,,,,,,,,,,,,,,,,,,,,,32.0,32.0,threshold_prioritized,19.0,True
threshold_priority,zipper,20260714,freqpatch_lite,8.0,5.0,19.0,,,,256,98304,0.03550066699972376,0.995,0.6651785714285715,0.876687791750502,0.8956948450023141,0.14049363503545123,1.604382038116455,0.05,19.0,19.0,True,0.05,0.21052631578947367,0.21052631578947367,1.0,0.11764705882352941,1.0,0.5588235294117647,0.0,0.0,14,0,32,105,,,,,,,,,,,,,,,,,,,,,,,,,,,,,32.0,32.0,threshold_prioritized,19.0,True
threshold_priority,zipper,20260714,patchcore_lite,8.0,5.0,19.0,,,,256,98304,0.03550066699972376,0.995,0.6651785714285715,0.876687791750502,0.8956972087637064,0.14127251545196073,1.604382038116455,0.05,19.0,19.0,True,0.05,0.21052631578947367,0.21052631578947367,1.0,0.11764705882352941,1.0,0.5588235294117647,0.0,0.0,14,0,32,105,,,,,,,,,,,,,,,,,,,,,,,,,,,,,32.0,32.0,threshold_prioritized,19.0,True
threshold_priority,zipper,20260715,freqpatch_lite,8.0,5.0,19.0,,,,256,98304,0.034628333000000566,0.995,0.5953256302521008,0.8250913731059217,0.8952584685144954,0.12876422651136907,1.2512669563293457,0.05,19.0,19.0,True,0.05,0.3443708609271523,0.3443708609271523,0.8125,0.2184873949579832,0.8125,0.5154936974789917,0.1875,187.5,26,6,26,93,,,,,,,,,,,,,,,,,,,,,,,,,,,,,32.0,32.0,threshold_prioritized,19.0,True
threshold_priority,zipper,20260715,patchcore_lite,8.0,5.0,19.0,,,,256,98304,0.034628333000000566,0.995,0.5953256302521008,0.8250913731059217,0.895258789310801,0.12889081833608182,1.2512669563293457,0.05,19.0,19.0,True,0.05,0.3443708609271523,0.3443708609271523,0.8125,0.2184873949579832,0.8125,0.5154936974789917,0.1875,187.5,26,6,26,93,,,,,,,,,,,,,,,,,,,,,,,,,,,,,32.0,32.0,threshold_prioritized,19.0,True
threshold_priority,zipper,20260716,freqpatch_lite,8.0,5.0,19.0,,,,256,98304,0.027005292002286296,0.995,0.5806197478991597,0.8274828129014813,0.9096450229049806,0.15407464052379888,1.4739701747894287,0.05,19.0,19.0,True,0.05,0.2896551724137931,0.2896551724137931,0.8076923076923077,0.17647058823529413,0.84375,0.5101102941176471,0.15625,156.25,21,5,27,98,,,,,,,,,,,,,,,,,,,,,,,,,,,,,32.0,32.0,threshold_prioritized,19.0,True
threshold_priority,zipper,20260716,patchcore_lite,8.0,5.0,19.0,,,,256,98304,0.027005292002286296,0.995,0.5758928571428571,0.8246517236206727,0.9096466721320444,0.1536388465279408,1.4739701747894287,0.05,19.0,19.0,True,0.05,0.2896551724137931,0.2896551724137931,0.8076923076923077,0.17647058823529413,0.84375,0.5101102941176471,0.15625,156.25,21,5,27,98,,,,,,,,,,,,,,,,,,,,,,,,,,,,,32.0,32.0,threshold_prioritized,19.0,True
threshold_priority,bottle,20260714,freqpatch_lite,44.0,10.0,10.0,,,,690,264960,0.03408783300255891,0.995,0.9976190476190476,0.9992440151090305,0.9827107317660387,0.7318555716550549,,0.05,10.0,11.0,False,0.09090909090909091,0.0,0.0,0.0,0.0,1.0,0.5,0.0,0.0,0,0,20,63,,,,,,,,,,,,,,,,,,,,,,,,,,,,,64.0,64.0,proportional,,False
threshold_priority,bottle,20260714,patchcore_lite,44.0,10.0,10.0,,,,690,264960,0.03408783300255891,0.995,0.9976190476190476,0.9992440151090305,0.982172840568932,0.7229766884581807,,0.05,10.0,11.0,False,0.09090909090909091,0.0,0.0,0.0,0.0,1.0,0.5,0.0,0.0,0,0,20,63,,,,,,,,,,,,,,,,,,,,,,,,,,,,,64.0,64.0,proportional,,False
threshold_priority,bottle,20260715,freqpatch_lite,44.0,10.0,10.0,,,,690,264960,0.035087874995952006,0.995,0.9984126984126984,0.9995000314940792,0.9831721491603347,0.7368983734551936,,0.05,10.0,11.0,False,0.09090909090909091,0.0,0.0,0.0,0.0,1.0,0.5,0.0,0.0,0,0,20,63,,,,,,,,,,,,,,,,,,,,,,,,,,,,,64.0,64.0,proportional,,False
threshold_priority,bottle,20260715,patchcore_lite,44.0,10.0,10.0,,,,690,264960,0.035087874995952006,0.995,0.9984126984126984,0.9995000314940792,0.9827518353064968,0.7288929166758996,,0.05,10.0,11.0,False,0.09090909090909091,0.0,0.0,0.0,0.0,1.0,0.5,0.0,0.0,0,0,20,63,,,,,,,,,,,,,,,,,,,,,,,,,,,,,64.0,64.0,proportional,,False
threshold_priority,bottle,20260716,freqpatch_lite,44.0,10.0,10.0,,,,690,264960,0.04740250000031665,0.995,0.9976190476190475,0.9992596468786945,0.9829401508228366,0.7366959923022028,,0.05,10.0,11.0,False,0.09090909090909091,0.0,0.0,0.0,0.0,1.0,0.5,0.0,0.0,0,0,20,63,,,,,,,,,,,,,,,,,,,,,,,,,,,,,64.0,64.0,proportional,,False
threshold_priority,bottle,20260716,patchcore_lite,44.0,10.0,10.0,,,,690,264960,0.04740250000031665,0.995,0.9976190476190475,0.9992596468786945,0.9825300862450244,0.7291304093792121,,0.05,10.0,11.0,False,0.09090909090909091,0.0,0.0,0.0,0.0,1.0,0.5,0.0,0.0,0,0,20,63,,,,,,,,,,,,,,,,,,,,,,,,,,,,,64.0,64.0,proportional,,False
threshold_priority,cable,20260714,freqpatch_lite,44.0,10.0,10.0,,,,690,264960,0.1249689589967602,0.995,0.8594452773613193,0.9244925433305218,0.9661048475130722,0.6296724958389642,,0.05,10.0,11.0,False,0.09090909090909091,0.0,0.0,0.0,0.0,1.0,0.5,0.0,0.0,0,0,58,92,,,,,,,,,,,,,,,,,,,,,,,,,,,,,64.0,64.0,proportional,,False
threshold_priority,cable,20260714,patchcore_lite,44.0,10.0,10.0,,,,690,264960,0.1249689589967602,0.995,0.8596326836581709,0.9245548304718374,0.9661145706096321,0.6317687601506548,,0.05,10.0,11.0,False,0.09090909090909091,0.0,0.0,0.0,0.0,1.0,0.5,0.0,0.0,0,0,58,92,,,,,,,,,,,,,,,,,,,,,,,,,,,,,64.0,64.0,proportional,,False
threshold_priority,cable,20260715,freqpatch_lite,44.0,10.0,10.0,,,,690,264960,0.07288783399417298,0.995,0.8868065967016492,0.928812359631052,0.9661434181240565,0.6193195499376859,,0.05,10.0,11.0,False,0.09090909090909091,0.0,0.0,0.0,0.0,1.0,0.5,0.0,0.0,0,0,58,92,,,,,,,,,,,,,,,,,,,,,,,,,,,,,64.0,64.0,proportional,,False
threshold_priority,cable,20260715,patchcore_lite,44.0,10.0,10.0,,,,690,264960,0.07288783399417298,0.995,0.8884932533733134,0.9298834910502269,0.9661552976647849,0.6213553623727817,,0.05,10.0,11.0,False,0.09090909090909091,0.0,0.0,0.0,0.0,1.0,0.5,0.0,0.0,0,0,58,92,,,,,,,,,,,,,,,,,,,,,,,,,,,,,64.0,64.0,proportional,,False
threshold_priority,cable,20260716,freqpatch_lite,44.0,10.0,10.0,,,,690,264960,0.06702079200476874,0.995,0.8914917541229386,0.936128237250428,0.9640606021066301,0.6215022546322909,,0.05,10.0,11.0,False,0.09090909090909091,0.0,0.0,0.0,0.0,1.0,0.5,0.0,0.0,0,0,58,92,,,,,,,,,,,,,,,,,,,,,,,,,,,,,64.0,64.0,proportional,,False
threshold_priority,cable,20260716,patchcore_lite,44.0,10.0,10.0,,,,690,264960,0.06702079200476874,0.995,0.891304347826087,0.935800077733548,0.9640701760423931,0.6234438770555852,,0.05,10.0,11.0,False,0.09090909090909091,0.0,0.0,0.0,0.0,1.0,0.5,0.0,0.0,0,0,58,92,,,,,,,,,,,,,,,,,,,,,,,,,,,,,64.0,64.0,proportional,,False
threshold_priority,capsule,20260714,freqpatch_lite,44.0,10.0,10.0,,,,690,264960,0.09105395799997495,0.995,0.6812923813322698,0.8954478729085869,0.9689589292144045,0.2644208642892332,,0.05,10.0,11.0,False,0.09090909090909091,0.0,0.0,0.0,0.0,1.0,0.5,0.0,0.0,0,0,23,109,,,,,,,,,,,,,,,,,,,,,,,,,,,,,64.0,64.0,proportional,,False
threshold_priority,capsule,20260714,patchcore_lite,44.0,10.0,10.0,,,,690,264960,0.09105395799997495,0.995,0.6928599920223375,0.903505058821972,0.969055960232891,0.2714403123170697,,0.05,10.0,11.0,False,0.09090909090909091,0.0,0.0,0.0,0.0,1.0,0.5,0.0,0.0,0,0,23,109,,,,,,,,,,,,,,,,,,,,,,,,,,,,,64.0,64.0,proportional,,False
threshold_priority,capsule,20260715,freqpatch_lite,44.0,10.0,10.0,,,,690,264960,0.08510391699383035,0.995,0.7207818109293977,0.9144515070822388,0.9699440364814832,0.3044940312584345,,0.05,10.0,11.0,False,0.09090909090909091,0.0,0.0,0.0,0.0,1.0,0.5,0.0,0.0,0,0,23,109,,,,,,,,,,,,,,,,,,,,,,,,,,,,,64.0,64.0,proportional,,False
threshold_priority,capsule,20260715,patchcore_lite,44.0,10.0,10.0,,,,690,264960,0.08510391699383035,0.995,0.7191862784204229,0.914455126004571,0.9699751672492591,0.3072150279255237,,0.05,10.0,11.0,False,0.09090909090909091,0.0,0.0,0.0,0.0,1.0,0.5,0.0,0.0,0,0,23,109,,,,,,,,,,,,,,,,,,,,,,,,,,,,,64.0,64.0,proportional,,False
threshold_priority,capsule,20260716,freqpatch_lite,44.0,10.0,10.0,,,,690,264960,0.07101429199974518,0.995,0.7223773434383727,0.9129839562979241,0.9678572449860567,0.29299733385935745,,0.05,10.0,11.0,False,0.09090909090909091,0.0,0.0,0.0,0.0,1.0,0.5,0.0,0.0,0,0,23,109,,,,,,,,,,,,,,,,,,,,,,,,,,,,,64.0,64.0,proportional,,False
threshold_priority,capsule,20260716,patchcore_lite,44.0,10.0,10.0,,,,690,264960,0.07101429199974518,0.995,0.7279617072197846,0.9172239126462653,0.9679125804190554,0.29825335391873997,,0.05,10.0,11.0,False,0.09090909090909091,0.0,0.0,0.0,0.0,1.0,0.5,0.0,0.0,0,0,23,109,,,,,,,,,,,,,,,,,,,,,,,,,,,,,64.0,64.0,proportional,,False
threshold_priority,carpet,20260714,freqpatch_lite,44.0,10.0,10.0,,,,690,264960,0.07724941700143972,0.995,0.891653290529695,0.9606497335589783,0.9793592198121299,0.5873107510117154,,0.05,10.0,11.0,False,0.09090909090909091,0.0,0.0,0.0,0.0,1.0,0.5,0.0,0.0,0,0,28,89,,,,,,,,,,,,,,,,,,,,,,,,,,,,,64.0,64.0,proportional,,False
threshold_priority,carpet,20260714,patchcore_lite,44.0,10.0,10.0,,,,690,264960,0.07724941700143972,0.995,0.8908507223113964,0.9606731591961069,0.9793147683048412,0.5813678218448525,,0.05,10.0,11.0,False,0.09090909090909091,0.0,0.0,0.0,0.0,1.0,0.5,0.0,0.0,0,0,28,89,,,,,,,,,,,,,,,,,,,,,,,,,,,,,64.0,64.0,proportional,,False
threshold_priority,carpet,20260715,freqpatch_lite,44.0,10.0,10.0,,,,690,264960,0.09073929200530984,0.995,0.900481540930979,0.9705372167656644,0.9805996930513753,0.6030707850080899,,0.05,10.0,11.0,False,0.09090909090909091,0.0,0.0,0.0,0.0,1.0,0.5,0.0,0.0,0,0,28,89,,,,,,,,,,,,,,,,,,,,,,,,,,,,,64.0,64.0,proportional,,False
threshold_priority,carpet,20260715,patchcore_lite,44.0,10.0,10.0,,,,690,264960,0.09073929200530984,0.995,0.9000802568218298,0.9702981538921287,0.9805687073100363,0.598277662842284,,0.05,10.0,11.0,False,0.09090909090909091,0.0,0.0,0.0,0.0,1.0,0.5,0.0,0.0,0,0,28,89,,,,,,,,,,,,,,,,,,,,,,,,,,,,,64.0,64.0,proportional,,False
threshold_priority,carpet,20260716,freqpatch_lite,44.0,10.0,10.0,,,,690,264960,0.07055187500372995,0.995,0.9141252006420544,0.9710266363233401,0.9799444090164386,0.5973491620697571,,0.05,10.0,11.0,False,0.09090909090909091,0.0,0.0,0.0,0.0,1.0,0.5,0.0,0.0,0,0,28,89,,,,,,,,,,,,,,,,,,,,,,,,,,,,,64.0,64.0,proportional,,False
threshold_priority,carpet,20260716,patchcore_lite,44.0,10.0,10.0,,,,690,264960,0.07055187500372995,0.995,0.913322632423756,0.9707404270560626,0.9799125600990637,0.5930541001441447,,0.05,10.0,11.0,False,0.09090909090909091,0.0,0.0,0.0,0.0,1.0,0.5,0.0,0.0,0,0,28,89,,,,,,,,,,,,,,,,,,,,,,,,,,,,,64.0,64.0,proportional,,False
threshold_priority,grid,20260714,freqpatch_lite,44.0,10.0,10.0,,,,690,264960,0.03963783400104148,0.995,0.4878863826232247,0.7185900900038219,0.7829190888738387,0.027461799525879977,,0.05,10.0,11.0,False,0.09090909090909091,0.0,0.0,0.0,0.0,1.0,0.5,0.0,0.0,0,0,21,57,,,,,,,,,,,,,,,,,,,,,,,,,,,,,64.0,64.0,proportional,,False
threshold_priority,grid,20260714,patchcore_lite,44.0,10.0,10.0,,,,690,264960,0.03963783400104148,0.995,0.4878863826232247,0.7185900900038219,0.7829190888738387,0.027461799525879977,,0.05,10.0,11.0,False,0.09090909090909091,0.0,0.0,0.0,0.0,1.0,0.5,0.0,0.0,0,0,21,57,,,,,,,,,,,,,,,,,,,,,,,,,,,,,64.0,64.0,proportional,,False
threshold_priority,grid,20260715,freqpatch_lite,44.0,10.0,10.0,,,,690,264960,0.05538341699866578,0.995,0.4469507101086048,0.6831603390055898,0.8189490781953801,0.037684574347351514,,0.05,10.0,11.0,False,0.09090909090909091,0.0,0.0,0.0,0.0,1.0,0.5,0.0,0.0,0,0,21,57,,,,,,,,,,,,,,,,,,,,,,,,,,,,,64.0,64.0,proportional,,False
threshold_priority,grid,20260715,patchcore_lite,44.0,10.0,10.0,,,,690,264960,0.05538341699866578,0.995,0.4469507101086048,0.6831603390055898,0.8189496105589384,0.0376947827519816,,0.05,10.0,11.0,False,0.09090909090909091,0.0,0.0,0.0,0.0,1.0,0.5,0.0,0.0,0,0,21,57,,,,,,,,,,,,,,,,,,,,,,,,,,,,,64.0,64.0,proportional,,False
threshold_priority,grid,20260716,freqpatch_lite,44.0,10.0,10.0,,,,690,264960,0.06008929199742852,0.995,0.5204678362573099,0.7311395065190021,0.8232522026192446,0.03941525446577986,,0.05,10.0,11.0,False,0.09090909090909091,0.0,0.0,0.0,0.0,1.0,0.5,0.0,0.0,0,0,21,57,,,,,,,,,,,,,,,,,,,,,,,,,,,,,64.0,64.0,proportional,,False
threshold_priority,grid,20260716,patchcore_lite,44.0,10.0,10.0,,,,690,264960,0.06008929199742852,0.995,0.5196324143692566,0.7305699006862383,0.8232504725350988,0.03936898284430055,,0.05,10.0,11.0,False,0.09090909090909091,0.0,0.0,0.0,0.0,1.0,0.5,0.0,0.0,0,0,21,57,,,,,,,,,,,,,,,,,,,,,,,,,,,,,64.0,64.0,proportional,,False
threshold_priority,hazelnut,20260714,freqpatch_lite,44.0,10.0,10.0,,,,690,264960,0.0712797500018496,0.995,0.9732142857142857,0.9841552001059773,0.9746461760784463,0.4901908439330506,,0.05,10.0,11.0,False,0.09090909090909091,0.0,0.0,0.0,0.0,1.0,0.5,0.0,0.0,0,0,40,70,,,,,,,,,,,,,,,,,,,,,,,,,,,,,64.0,64.0,proportional,,False
threshold_priority,hazelnut,20260714,patchcore_lite,44.0,10.0,10.0,,,,690,264960,0.0712797500018496,0.995,0.9725,0.983326656895554,0.9746044668946586,0.4864712825770847,,0.05,10.0,11.0,False,0.09090909090909091,0.0,0.0,0.0,0.0,1.0,0.5,0.0,0.0,0,0,40,70,,,,,,,,,,,,,,,,,,,,,,,,,,,,,64.0,64.0,proportional,,False
threshold_priority,hazelnut,20260715,freqpatch_lite,44.0,10.0,10.0,,,,690,264960,0.04996687499806285,0.995,0.9578571428571429,0.9766393518182337,0.9733329765271261,0.4845114749155976,,0.05,10.0,11.0,False,0.09090909090909091,0.0,0.0,0.0,0.0,1.0,0.5,0.0,0.0,0,0,40,70,,,,,,,,,,,,,,,,,,,,,,,,,,,,,64.0,64.0,proportional,,False
threshold_priority,hazelnut,20260715,patchcore_lite,44.0,10.0,10.0,,,,690,264960,0.04996687499806285,0.995,0.9557142857142857,0.9749794133571433,0.9732085608390417,0.4740699723867375,,0.05,10.0,11.0,False,0.09090909090909091,0.0,0.0,0.0,0.0,1.0,0.5,0.0,0.0,0,0,40,70,,,,,,,,,,,,,,,,,,,,,,,,,,,,,64.0,64.0,proportional,,False
threshold_priority,hazelnut,20260716,freqpatch_lite,44.0,10.0,10.0,,,,690,264960,0.04684383299900219,0.995,0.9882142857142858,0.9933334001428814,0.974463286085446,0.49437722081369306,,0.05,10.0,11.0,False,0.09090909090909091,0.0,0.0,0.0,0.0,1.0,0.5,0.0,0.0,0,0,40,70,,,,,,,,,,,,,,,,,,,,,,,,,,,,,64.0,64.0,proportional,,False
threshold_priority,hazelnut,20260716,patchcore_lite,44.0,10.0,10.0,,,,690,264960,0.04684383299900219,0.995,0.9882142857142858,0.9933334001428814,0.974442593194587,0.49126726391908143,,0.05,10.0,11.0,False,0.09090909090909091,0.0,0.0,0.0,0.0,1.0,0.5,0.0,0.0,0,0,40,70,,,,,,,,,,,,,,,,,,,,,,,,,,,,,64.0,64.0,proportional,,False
threshold_priority,leather,20260714,freqpatch_lite,44.0,10.0,10.0,,,,690,264960,0.07250383299833629,0.995,0.9972826086956521,0.9990277812308731,0.9924754388736718,0.46002683737147265,,0.05,10.0,11.0,False,0.09090909090909091,0.0,0.0,0.0,0.0,1.0,0.5,0.0,0.0,0,0,32,92,,,,,,,,,,,,,,,,,,,,,,,,,,,,,64.0,64.0,proportional,,False
threshold_priority,leather,20260714,patchcore_lite,44.0,10.0,10.0,,,,690,264960,0.07250383299833629,0.995,0.9969429347826086,0.9989430875499565,0.9920157137180164,0.4382686626116957,,0.05,10.0,11.0,False,0.09090909090909091,0.0,0.0,0.0,0.0,1.0,0.5,0.0,0.0,0,0,32,92,,,,,,,,,,,,,,,,,,,,,,,,,,,,,64.0,64.0,proportional,,False
threshold_priority,leather,20260715,freqpatch_lite,44.0,10.0,10.0,,,,690,264960,0.18970212500425987,0.995,0.9962635869565217,0.9986561141073974,0.9927065980839112,0.46046757587482623,,0.05,10.0,11.0,False,0.09090909090909091,0.0,0.0,0.0,0.0,1.0,0.5,0.0,0.0,0,0,32,92,,,,,,,,,,,,,,,,,,,,,,,,,,,,,64.0,64.0,proportional,,False
threshold_priority,leather,20260715,patchcore_lite,44.0,10.0,10.0,,,,690,264960,0.18970212500425987,0.995,0.9969429347826086,0.9989133909311705,0.9922981314011049,0.44011521531857417,,0.05,10.0,11.0,False,0.09090909090909091,0.0,0.0,0.0,0.0,1.0,0.5,0.0,0.0,0,0,32,92,,,,,,,,,,,,,,,,,,,,,,,,,,,,,64.0,64.0,proportional,,False
threshold_priority,leather,20260716,freqpatch_lite,44.0,10.0,10.0,,,,690,264960,0.053369707995443605,0.995,0.9966032608695652,0.9987705044071,0.992544734973298,0.4604481533586824,,0.05,10.0,11.0,False,0.09090909090909091,0.0,0.0,0.0,0.0,1.0,0.5,0.0,0.0,0,0,32,92,,,,,,,,,,,,,,,,,,,,,,,,,,,,,64.0,64.0,proportional,,False
threshold_priority,leather,20260716,patchcore_lite,44.0,10.0,10.0,,,,690,264960,0.053369707995443605,0.995,0.9983016304347826,0.9994026268418942,0.9921537351986004,0.44038021499971336,,0.05,10.0,11.0,False,0.09090909090909091,0.0,0.0,0.0,0.0,1.0,0.5,0.0,0.0,0,0,32,92,,,,,,,,,,,,,,,,,,,,,,,,,,,,,64.0,64.0,proportional,,False
threshold_priority,metal_nut,20260714,freqpatch_lite,44.0,10.0,10.0,,,,690,264960,0.06144154200592311,0.995,0.9261974584555229,0.9818501996697753,0.9416382207942358,0.6833034528318783,,0.05,10.0,11.0,False,0.09090909090909091,0.0,0.0,0.0,0.0,1.0,0.5,0.0,0.0,0,0,22,93,,,,,,,,,,,,,,,,,,,,,,,,,,,,,64.0,64.0,proportional,,False
threshold_priority,metal_nut,20260714,patchcore_lite,44.0,10.0,10.0,,,,690,264960,0.06144154200592311,0.995,0.9261974584555229,0.9818501996697753,0.9416439142020452,0.6833988714347321,,0.05,10.0,11.0,False,0.09090909090909091,0.0,0.0,0.0,0.0,1.0,0.5,0.0,0.0,0,0,22,93,,,,,,,,,,,,,,,,,,,,,,,,,,,,,64.0,64.0,proportional,,False
threshold_priority,metal_nut,20260715,freqpatch_lite,44.0,10.0,10.0,,,,690,264960,0.06132916700153146,0.995,0.9310850439882699,0.9848469361152687,0.9426302283485307,0.6854429339834275,,0.05,10.0,11.0,False,0.09090909090909091,0.0,0.0,0.0,0.0,1.0,0.5,0.0,0.0,0,0,22,93,,,,,,,,,,,,,,,,,,,,,,,,,,,,,64.0,64.0,proportional,,False
threshold_priority,metal_nut,20260715,patchcore_lite,44.0,10.0,10.0,,,,690,264960,0.06132916700153146,0.995,0.9310850439882699,0.9848469361152687,0.9426328910188161,0.685479574281335,,0.05,10.0,11.0,False,0.09090909090909091,0.0,0.0,0.0,0.0,1.0,0.5,0.0,0.0,0,0,22,93,,,,,,,,,,,,,,,,,,,,,,,,,,,,,64.0,64.0,proportional,,False
threshold_priority,metal_nut,20260716,freqpatch_lite,44.0,10.0,10.0,,,,690,264960,0.0678816250001546,0.995,0.85386119257087,0.9630426979729234,0.9460816208912454,0.7027469730011316,,0.05,10.0,11.0,False,0.09090909090909091,0.0,0.0,0.0,0.0,1.0,0.5,0.0,0.0,0,0,22,93,,,,,,,,,,,,,,,,,,,,,,,,,,,,,64.0,64.0,proportional,,False
threshold_priority,metal_nut,20260716,patchcore_lite,44.0,10.0,10.0,,,,690,264960,0.0678816250001546,0.995,0.85386119257087,0.9630426979729234,0.946083341137454,0.7028038116494537,,0.05,10.0,11.0,False,0.09090909090909091,0.0,0.0,0.0,0.0,1.0,0.5,0.0,0.0,0,0,22,93,,,,,,,,,,,,,,,,,,,,,,,,,,,,,64.0,64.0,proportional,,False
threshold_priority,pill,20260714,freqpatch_lite,44.0,10.0,10.0,,,,690,264960,0.06426345799991395,0.995,0.8660665575559193,0.9739336942227269,0.9550146455479116,0.6153155435077128,,0.05,10.0,11.0,False,0.09090909090909091,0.0,0.0,0.0,0.0,1.0,0.5,0.0,0.0,0,0,26,141,,,,,,,,,,,,,,,,,,,,,,,,,,,,,64.0,64.0,proportional,,False
threshold_priority,pill,20260714,patchcore_lite,44.0,10.0,10.0,,,,690,264960,0.06426345799991395,0.995,0.8663393344244408,0.973913049291922,0.9549569552858536,0.6112750537209577,,0.05,10.0,11.0,False,0.09090909090909091,0.0,0.0,0.0,0.0,1.0,0.5,0.0,0.0,0,0,26,141,,,,,,,,,,,,,,,,,,,,,,,,,,,,,64.0,64.0,proportional,,False
threshold_priority,pill,20260715,freqpatch_lite,44.0,10.0,10.0,,,,690,264960,0.08234120799897937,0.995,0.8232405891980359,0.9636166984488264,0.9516552507372027,0.5637277982093255,,0.05,10.0,11.0,False,0.09090909090909091,0.0,0.0,0.0,0.0,1.0,0.5,0.0,0.0,0,0,26,141,,,,,,,,,,,,,,,,,,,,,,,,,,,,,64.0,64.0,proportional,,False
threshold_priority,pill,20260715,patchcore_lite,44.0,10.0,10.0,,,,690,264960,0.08234120799897937,0.995,0.8243316966721221,0.9639899942195436,0.9515721916179776,0.559220879854017,,0.05,10.0,11.0,False,0.09090909090909091,0.0,0.0,0.0,0.0,1.0,0.5,0.0,0.0,0,0,26,141,,,,,,,,,,,,,,,,,,,,,,,,,,,,,64.0,64.0,proportional,,False
threshold_priority,pill,20260716,freqpatch_lite,44.0,10.0,10.0,,,,690,264960,0.08557129099790473,0.995,0.8333333333333334,0.9684462241407763,0.9526557653782687,0.5591997879393948,,0.05,10.0,11.0,False,0.09090909090909091,0.0,0.0,0.0,0.0,1.0,0.5,0.0,0.0,0,0,26,141,,,,,,,,,,,,,,,,,,,,,,,,,,,,,64.0,64.0,proportional,,False
threshold_priority,pill,20260716,patchcore_lite,44.0,10.0,10.0,,,,690,264960,0.08557129099790473,0.995,0.8338788870703764,0.9683425307351552,0.952540543313266,0.5527193785218412,,0.05,10.0,11.0,False,0.09090909090909091,0.0,0.0,0.0,0.0,1.0,0.5,0.0,0.0,0,0,26,141,,,,,,,,,,,,,,,,,,,,,,,,,,,,,64.0,64.0,proportional,,False
threshold_priority,screw,20260714,freqpatch_lite,44.0,10.0,10.0,,,,690,264960,0.06326954100222792,0.995,0.5027669604427136,0.7444364638404697,0.9069816368797409,0.01695999769496097,,0.05,10.0,11.0,False,0.09090909090909091,0.0,0.0,0.0,0.0,1.0,0.5,0.0,0.0,0,0,41,119,,,,,,,,,,,,,,,,,,,,,,,,,,,,,64.0,64.0,proportional,,False
threshold_priority,screw,20260714,patchcore_lite,44.0,10.0,10.0,,,,690,264960,0.06326954100222792,0.995,0.5031768805083009,0.7445375646482468,0.9069820434294408,0.01696062984386957,,0.05,10.0,11.0,False,0.09090909090909091,0.0,0.0,0.0,0.0,1.0,0.5,0.0,0.0,0,0,41,119,,,,,,,,,,,,,,,,,,,,,,,,,,,,,64.0,64.0,proportional,,False
threshold_priority,screw,20260715,freqpatch_lite,44.0,10.0,10.0,,,,690,264960,0.06468879200110678,0.995,0.41258454601352734,0.6940070534310381,0.9079436176334003,0.014991399887821938,,0.05,10.0,11.0,False,0.09090909090909091,0.0,0.0,0.0,0.0,1.0,0.5,0.0,0.0,0,0,41,119,,,,,,,,,,,,,,,,,,,,,,,,,,,,,64.0,64.0,proportional,,False
threshold_priority,screw,20260715,patchcore_lite,44.0,10.0,10.0,,,,690,264960,0.06468879200110678,0.995,0.41032998565279766,0.6891690734299469,0.9079405985344849,0.014987700015800173,,0.05,10.0,11.0,False,0.09090909090909091,0.0,0.0,0.0,0.0,1.0,0.5,0.0,0.0,0,0,41,119,,,,,,,,,,,,,,,,,,,,,,,,,,,,,64.0,64.0,proportional,,False
threshold_priority,screw,20260716,freqpatch_lite,44.0,10.0,10.0,,,,690,264960,0.09085500000219326,0.995,0.4814511170321787,0.7498160932494033,0.914018951743357,0.016261641768515495,,0.05,10.0,11.0,False,0.09090909090909091,0.0,0.0,0.0,0.0,1.0,0.5,0.0,0.0,0,0,41,119,,,,,,,,,,,,,,,,,,,,,,,,,,,,,64.0,64.0,proportional,,False
threshold_priority,screw,20260716,patchcore_lite,44.0,10.0,10.0,,,,690,264960,0.09085500000219326,0.995,0.4814511170321787,0.7498160932494033,0.9140183990677851,0.016260693190822927,,0.05,10.0,11.0,False,0.09090909090909091,0.0,0.0,0.0,0.0,1.0,0.5,0.0,0.0,0,0,41,119,,,,,,,,,,,,,,,,,,,,,,,,,,,,,64.0,64.0,proportional,,False
threshold_priority,tile,20260714,freqpatch_lite,44.0,10.0,10.0,,,,690,264960,0.06609058400499634,0.995,0.9314574314574314,0.9756097547355637,0.9145005398490336,0.4193571259027668,,0.05,10.0,11.0,False,0.09090909090909091,0.0,0.0,0.0,0.0,1.0,0.5,0.0,0.0,0,0,33,84,,,,,,,,,,,,,,,,,,,,,,,,,,,,,64.0,64.0,proportional,,False
threshold_priority,tile,20260714,patchcore_lite,44.0,10.0,10.0,,,,690,264960,0.06609058400499634,0.995,0.9314574314574314,0.9756097547355637,0.9145122304465163,0.41951169083258305,,0.05,10.0,11.0,False,0.09090909090909091,0.0,0.0,0.0,0.0,1.0,0.5,0.0,0.0,0,0,33,84,,,,,,,,,,,,,,,,,,,,,,,,,,,,,64.0,64.0,proportional,,False
threshold_priority,tile,20260715,freqpatch_lite,44.0,10.0,10.0,,,,690,264960,0.05153674999746727,0.995,0.9321789321789323,0.9763767047871187,0.9179317355359434,0.42735782863416494,,0.05,10.0,11.0,False,0.09090909090909091,0.0,0.0,0.0,0.0,1.0,0.5,0.0,0.0,0,0,33,84,,,,,,,,,,,,,,,,,,,,,,,,,,,,,64.0,64.0,proportional,,False
threshold_priority,tile,20260715,patchcore_lite,44.0,10.0,10.0,,,,690,264960,0.05153674999746727,0.995,0.9321789321789323,0.9763767047871187,0.9179495458514304,0.4275923665942222,,0.05,10.0,11.0,False,0.09090909090909091,0.0,0.0,0.0,0.0,1.0,0.5,0.0,0.0,0,0,33,84,,,,,,,,,,,,,,,,,,,,,,,,,,,,,64.0,64.0,proportional,,False
threshold_priority,tile,20260716,freqpatch_lite,44.0,10.0,10.0,,,,690,264960,0.07282945800398011,0.995,0.926046176046176,0.97378742585959,0.9189740642190967,0.42785673592634066,,0.05,10.0,11.0,False,0.09090909090909091,0.0,0.0,0.0,0.0,1.0,0.5,0.0,0.0,0,0,33,84,,,,,,,,,,,,,,,,,,,,,,,,,,,,,64.0,64.0,proportional,,False
threshold_priority,tile,20260716,patchcore_lite,44.0,10.0,10.0,,,,690,264960,0.07282945800398011,0.995,0.9242424242424242,0.9730016598881687,0.9189538954731814,0.4275977759047874,,0.05,10.0,11.0,False,0.09090909090909091,0.0,0.0,0.0,0.0,1.0,0.5,0.0,0.0,0,0,33,84,,,,,,,,,,,,,,,,,,,,,,,,,,,,,64.0,64.0,proportional,,False
threshold_priority,toothbrush,20260714,freqpatch_lite,42.0,9.0,9.0,,,,659,253056,0.025449624998145737,0.995,0.888888888888889,0.961061191700644,0.9800483334085553,0.45285771310860623,,0.05,9.0,10.0,False,0.1,0.0,0.0,0.0,0.0,1.0,0.5,0.0,0.0,0,0,12,30,,,,,,,,,,,,,,,,,,,,,,,,,,,,,64.0,60.0,proportional,,False
threshold_priority,toothbrush,20260714,patchcore_lite,42.0,9.0,9.0,,,,659,253056,0.025449624998145737,0.995,0.888888888888889,0.961061191700644,0.9802612505318817,0.4728607529626169,,0.05,9.0,10.0,False,0.1,0.0,0.0,0.0,0.0,1.0,0.5,0.0,0.0,0,0,12,30,,,,,,,,,,,,,,,,,,,,,,,,,,,,,64.0,60.0,proportional,,False
threshold_priority,toothbrush,20260715,freqpatch_lite,42.0,9.0,9.0,,,,659,253056,0.025743541002157144,0.995,0.9,0.9629329941384155,0.9809126927871292,0.46082166102247324,,0.05,9.0,10.0,False,0.1,0.0,0.0,0.0,0.0,1.0,0.5,0.0,0.0,0,0,12,30,,,,,,,,,,,,,,,,,,,,,,,,,,,,,64.0,60.0,proportional,,False
threshold_priority,toothbrush,20260715,patchcore_lite,42.0,9.0,9.0,,,,659,253056,0.025743541002157144,0.995,0.9,0.9629329941384155,0.9811734440422056,0.48600144392489986,,0.05,9.0,10.0,False,0.1,0.0,0.0,0.0,0.0,1.0,0.5,0.0,0.0,0,0,12,30,,,,,,,,,,,,,,,,,,,,,,,,,,,,,64.0,60.0,proportional,,False
threshold_priority,toothbrush,20260716,freqpatch_lite,42.0,9.0,9.0,,,,659,253056,0.025803124997764826,0.995,0.8777777777777778,0.9579700846367513,0.9797886129989509,0.4679327060933126,,0.05,9.0,10.0,False,0.1,0.0,0.0,0.0,0.0,1.0,0.5,0.0,0.0,0,0,12,30,,,,,,,,,,,,,,,,,,,,,,,,,,,,,64.0,60.0,proportional,,False
threshold_priority,toothbrush,20260716,patchcore_lite,42.0,9.0,9.0,,,,659,253056,0.025803124997764826,0.995,0.8777777777777778,0.9579700846367513,0.9800270403824125,0.49014891444432573,,0.05,9.0,10.0,False,0.1,0.0,0.0,0.0,0.0,1.0,0.5,0.0,0.0,0,0,12,30,,,,,,,,,,,,,,,,,,,,,,,,,,,,,64.0,60.0,proportional,,False
threshold_priority,transistor,20260714,freqpatch_lite,44.0,10.0,10.0,,,,690,264960,0.0474077920007403,0.995,0.8595833333333335,0.849643677431781,0.8467071433941578,0.4566426706499608,,0.05,10.0,11.0,False,0.09090909090909091,0.0,0.0,0.0,0.0,1.0,0.5,0.0,0.0,0,0,60,40,,,,,,,,,,,,,,,,,,,,,,,,,,,,,64.0,64.0,proportional,,False
threshold_priority,transistor,20260714,patchcore_lite,44.0,10.0,10.0,,,,690,264960,0.0474077920007403,0.995,0.8600000000000001,0.8493579718981039,0.8467077941937554,0.4564516929236059,,0.05,10.0,11.0,False,0.09090909090909091,0.0,0.0,0.0,0.0,1.0,0.5,0.0,0.0,0,0,60,40,,,,,,,,,,,,,,,,,,,,,,,,,,,,,64.0,64.0,proportional,,False
threshold_priority,transistor,20260715,freqpatch_lite,44.0,10.0,10.0,,,,690,264960,0.054488791996845976,0.995,0.8579166666666668,0.8655479852477339,0.8388578459688487,0.4518008284038714,,0.05,10.0,11.0,False,0.09090909090909091,0.0,0.0,0.0,0.0,1.0,0.5,0.0,0.0,0,0,60,40,,,,,,,,,,,,,,,,,,,,,,,,,,,,,64.0,64.0,proportional,,False
threshold_priority,transistor,20260715,patchcore_lite,44.0,10.0,10.0,,,,690,264960,0.054488791996845976,0.995,0.8545833333333334,0.8581418598284699,0.8388406600915989,0.4514134669584934,,0.05,10.0,11.0,False,0.09090909090909091,0.0,0.0,0.0,0.0,1.0,0.5,0.0,0.0,0,0,60,40,,,,,,,,,,,,,,,,,,,,,,,,,,,,,64.0,64.0,proportional,,False
threshold_priority,transistor,20260716,freqpatch_lite,44.0,10.0,10.0,,,,690,264960,0.05387495900504291,0.995,0.7312499999999998,0.7411922822878513,0.834302439600838,0.4305296837783255,,0.05,10.0,11.0,False,0.09090909090909091,0.0,0.0,0.0,0.0,1.0,0.5,0.0,0.0,0,0,60,40,,,,,,,,,,,,,,,,,,,,,,,,,,,,,64.0,64.0,proportional,,False
threshold_priority,transistor,20260716,patchcore_lite,44.0,10.0,10.0,,,,690,264960,0.05387495900504291,0.995,0.7258333333333333,0.7341659398431798,0.8343004188447254,0.4303734269303485,,0.05,10.0,11.0,False,0.09090909090909091,0.0,0.0,0.0,0.0,1.0,0.5,0.0,0.0,0,0,60,40,,,,,,,,,,,,,,,,,,,,,,,,,,,,,64.0,64.0,proportional,,False
threshold_priority,wood,20260714,freqpatch_lite,44.0,10.0,10.0,,,,690,264960,0.039324083998508286,0.995,0.9842105263157894,0.995322590182194,0.93196579516545,0.4338157531828151,,0.05,10.0,11.0,False,0.09090909090909091,0.0,0.0,0.0,0.0,1.0,0.5,0.0,0.0,0,0,19,60,,,,,,,,,,,,,,,,,,,,,,,,,,,,,64.0,64.0,proportional,,False
threshold_priority,wood,20260714,patchcore_lite,44.0,10.0,10.0,,,,690,264960,0.039324083998508286,0.995,0.9842105263157894,0.995322590182194,0.9318618523360138,0.431687079669792,,0.05,10.0,11.0,False,0.09090909090909091,0.0,0.0,0.0,0.0,1.0,0.5,0.0,0.0,0,0,19,60,,,,,,,,,,,,,,,,,,,,,,,,,,,,,64.0,64.0,proportional,,False
threshold_priority,wood,20260715,freqpatch_lite,44.0,10.0,10.0,,,,690,264960,0.03680366699700244,0.995,0.9885964912280701,0.9965713684189587,0.9258942413638442,0.4226586622941398,,0.05,10.0,11.0,False,0.09090909090909091,0.0,0.0,0.0,0.0,1.0,0.5,0.0,0.0,0,0,19,60,,,,,,,,,,,,,,,,,,,,,,,,,,,,,64.0,64.0,proportional,,False
threshold_priority,wood,20260715,patchcore_lite,44.0,10.0,10.0,,,,690,264960,0.03680366699700244,0.995,0.9885964912280701,0.9965713684189587,0.9256848701697086,0.4194890601439387,,0.05,10.0,11.0,False,0.09090909090909091,0.0,0.0,0.0,0.0,1.0,0.5,0.0,0.0,0,0,19,60,,,,,,,,,,,,,,,,,,,,,,,,,,,,,64.0,64.0,proportional,,False
threshold_priority,wood,20260716,freqpatch_lite,44.0,10.0,10.0,,,,690,264960,0.03394920899881981,0.995,0.9850877192982457,0.9954775942637607,0.9283376803042453,0.4196060877667641,,0.05,10.0,11.0,False,0.09090909090909091,0.0,0.0,0.0,0.0,1.0,0.5,0.0,0.0,0,0,19,60,,,,,,,,,,,,,,,,,,,,,,,,,,,,,64.0,64.0,proportional,,False
threshold_priority,wood,20260716,patchcore_lite,44.0,10.0,10.0,,,,690,264960,0.03394920899881981,0.995,0.9850877192982457,0.9954775942637607,0.9281980034547432,0.4169058661681221,,0.05,10.0,11.0,False,0.09090909090909091,0.0,0.0,0.0,0.0,1.0,0.5,0.0,0.0,0,0,19,60,,,,,,,,,,,,,,,,,,,,,,,,,,,,,64.0,64.0,proportional,,False
threshold_priority,zipper,20260714,freqpatch_lite,44.0,10.0,10.0,,,,690,264960,0.07914808299392462,0.995,0.7657563025210085,0.9084723596934001,0.9406169855371784,0.2696241870711865,,0.05,10.0,11.0,False,0.09090909090909091,0.0,0.0,0.0,0.0,1.0,0.5,0.0,0.0,0,0,32,119,,,,,,,,,,,,,,,,,,,,,,,,,,,,,64.0,64.0,proportional,,False
threshold_priority,zipper,20260714,patchcore_lite,44.0,10.0,10.0,,,,690,264960,0.07914808299392462,0.995,0.7678571428571429,0.9113328049843639,0.940635377387062,0.27264751880708965,,0.05,10.0,11.0,False,0.09090909090909091,0.0,0.0,0.0,0.0,1.0,0.5,0.0,0.0,0,0,32,119,,,,,,,,,,,,,,,,,,,,,,,,,,,,,64.0,64.0,proportional,,False
threshold_priority,zipper,20260715,freqpatch_lite,44.0,10.0,10.0,,,,690,264960,0.07938825000019278,0.995,0.836922268907563,0.9346192186200364,0.9393401626892783,0.2936873216130267,,0.05,10.0,11.0,False,0.09090909090909091,0.0,0.0,0.0,0.0,1.0,0.5,0.0,0.0,0,0,32,119,,,,,,,,,,,,,,,,,,,,,,,,,,,,,64.0,64.0,proportional,,False
threshold_priority,zipper,20260715,patchcore_lite,44.0,10.0,10.0,,,,690,264960,0.07938825000019278,0.995,0.8350840336134454,0.9344750386414329,0.9393483512930954,0.2963656443921713,,0.05,10.0,11.0,False,0.09090909090909091,0.0,0.0,0.0,0.0,1.0,0.5,0.0,0.0,0,0,32,119,,,,,,,,,,,,,,,,,,,,,,,,,,,,,64.0,64.0,proportional,,False
threshold_priority,zipper,20260716,freqpatch_lite,44.0,10.0,10.0,,,,690,264960,0.06109704199479893,0.995,0.8198529411764706,0.9322482059946903,0.9419871229258956,0.3101732663978931,,0.05,10.0,11.0,False,0.09090909090909091,0.0,0.0,0.0,0.0,1.0,0.5,0.0,0.0,0,0,32,119,,,,,,,,,,,,,,,,,,,,,,,,,,,,,64.0,64.0,proportional,,False
threshold_priority,zipper,20260716,patchcore_lite,44.0,10.0,10.0,,,,690,264960,0.06109704199479893,0.995,0.8198529411764706,0.9319006568270316,0.9420078983365526,0.3136804441873939,,0.05,10.0,11.0,False,0.09090909090909091,0.0,0.0,0.0,0.0,1.0,0.5,0.0,0.0,0,0,32,119,,,,,,,,,,,,,,,,,,,,,,,,,,,,,64.0,64.0,proportional,,False
threshold_priority,bottle,20260714,freqpatch_lite,35.0,10.0,19.0,,,,549,210816,0.03667045800102642,0.995,0.9944444444444445,0.9982347877410014,0.9824101427035077,0.7321118069981412,3.0125465393066406,0.05,19.0,19.0,True,0.05,0.9586776859504132,0.9586776859504132,1.0,0.9206349206349206,1.0,0.9603174603174602,0.0,0.0,58,0,20,5,,,,,,,,,,,,,,,,,,,,,,,,,,,,,64.0,64.0,threshold_prioritized,19.0,True
threshold_priority,bottle,20260714,patchcore_lite,35.0,10.0,19.0,,,,549,210816,0.03667045800102642,0.995,0.9936507936507937,0.9979657535736621,0.9819404142138224,0.7242892565105543,2.7817325592041016,0.05,19.0,19.0,True,0.05,0.9411764705882353,0.9411764705882353,1.0,0.8888888888888888,1.0,0.9444444444444444,0.0,0.0,56,0,20,7,,,,,,,,,,,,,,,,,,,,,,,,,,,,,64.0,64.0,threshold_prioritized,19.0,True
threshold_priority,bottle,20260715,freqpatch_lite,35.0,10.0,19.0,,,,549,210816,0.0449294580030255,0.995,0.9984126984126984,0.9995000314940792,0.9825655199024653,0.7359321572856011,1.1644718647003174,0.05,19.0,19.0,True,0.05,0.9921259842519685,0.9921259842519685,0.984375,1.0,0.95,0.975,0.05,50.0,63,1,19,0,,,,,,,,,,,,,,,,,,,,,,,,,,,,,64.0,64.0,threshold_prioritized,19.0,True
threshold_priority,bottle,20260715,patchcore_lite,35.0,10.0,19.0,,,,549,210816,0.0449294580030255,0.995,0.9984126984126984,0.9995000314940792,0.9821824044335312,0.728551644563614,1.1644718647003174,0.05,19.0,19.0,True,0.05,0.9921259842519685,0.9921259842519685,0.984375,1.0,0.95,0.975,0.05,50.0,63,1,19,0,,,,,,,,,,,,,,,,,,,,,,,,,,,,,64.0,64.0,threshold_prioritized,19.0,True
threshold_priority,bottle,20260716,freqpatch_lite,35.0,10.0,19.0,,,,549,210816,0.0426332499991986,0.995,0.9976190476190476,0.9992440151090305,0.9824481366071801,0.731412429947369,3.0321249961853027,0.05,19.0,19.0,True,0.05,0.9586776859504132,0.9586776859504132,1.0,0.9206349206349206,1.0,0.9603174603174602,0.0,0.0,58,0,20,5,,,,,,,,,,,,,,,,,,,,,,,,,,,,,64.0,64.0,threshold_prioritized,19.0,True
threshold_priority,bottle,20260716,patchcore_lite,35.0,10.0,19.0,,,,549,210816,0.0426332499991986,0.995,0.9976190476190476,0.9992440151090305,0.9820313922008848,0.7235564639340111,3.015411376953125,0.05,19.0,19.0,True,0.05,0.9411764705882353,0.9411764705882353,1.0,0.8888888888888888,1.0,0.9444444444444444,0.0,0.0,56,0,20,7,,,,,,,,,,,,,,,,,,,,,,,,,,,,,64.0,64.0,threshold_prioritized,19.0,True
threshold_priority,cable,20260714,freqpatch_lite,35.0,10.0,19.0,,,,549,210816,0.09183774999837624,0.995,0.8907421289355323,0.938067602185437,0.9608274165996211,0.5986637543940329,1.2111449241638184,0.05,19.0,19.0,True,0.05,0.7848101265822784,0.7848101265822784,0.9393939393939394,0.6739130434782609,0.9310344827586207,0.8024737631184408,0.06896551724137931,68.9655172413793,62,4,54,30,,,,,,,,,,,,,,,,,,,,,,,,,,,,,64.0,64.0,threshold_prioritized,19.0,True
threshold_priority,cable,20260714,patchcore_lite,35.0,10.0,19.0,,,,549,210816,0.09183774999837624,0.995,0.8905547226386806,0.9379795571063566,0.9608333911329157,0.6005997390044422,1.2111449241638184,0.05,19.0,19.0,True,0.05,0.7848101265822784,0.7848101265822784,0.9393939393939394,0.6739130434782609,0.9310344827586207,0.8024737631184408,0.06896551724137931,68.9655172413793,62,4,54,30,,,,,,,,,,,,,,,,,,,,,,,,,,,,,64.0,64.0,threshold_prioritized,19.0,True
threshold_priority,cable,20260715,freqpatch_lite,35.0,10.0,19.0,,,,549,210816,0.05726524999772664,0.995,0.856071964017991,0.9188640711157445,0.9591862794733366,0.5780321281329551,1.4272539615631104,0.05,19.0,19.0,True,0.05,0.7417218543046358,0.7417218543046358,0.9491525423728814,0.6086956521739131,0.9482758620689655,0.7784857571214393,0.05172413793103448,51.724137931034484,56,3,55,36,,,,,,,,,,,,,,,,,,,,,,,,,,,,,64.0,64.0,threshold_prioritized,19.0,True
threshold_priority,cable,20260715,patchcore_lite,35.0,10.0,19.0,,,,549,210816,0.05726524999772664,0.995,0.8564467766116941,0.9188456458365148,0.9591951879768329,0.5803212025017477,1.4272539615631104,0.05,19.0,19.0,True,0.05,0.7417218543046358,0.7417218543046358,0.9491525423728814,0.6086956521739131,0.9482758620689655,0.7784857571214393,0.05172413793103448,51.724137931034484,56,3,55,36,,,,,,,,,,,,,,,,,,,,,,,,,,,,,64.0,64.0,threshold_prioritized,19.0,True
threshold_priority,cable,20260716,freqpatch_lite,35.0,10.0,19.0,,,,549,210816,0.053897042002063245,0.995,0.8652548725637181,0.9242977901618844,0.9591895713444518,0.604063578548886,1.4811217784881592,0.05,19.0,19.0,True,0.05,0.6857142857142857,0.6857142857142857,1.0,0.5217391304347826,1.0,0.7608695652173914,0.0,0.0,48,0,58,44,,,,,,,,,,,,,,,,,,,,,,,,,,,,,64.0,64.0,threshold_prioritized,19.0,True
threshold_priority,cable,20260716,patchcore_lite,35.0,10.0,19.0,,,,549,210816,0.053897042002063245,0.995,0.8652548725637181,0.9242977901618844,0.9591937474707799,0.6056471415521717,1.4811217784881592,0.05,19.0,19.0,True,0.05,0.6857142857142857,0.6857142857142857,1.0,0.5217391304347826,1.0,0.7608695652173914,0.0,0.0,48,0,58,44,,,,,,,,,,,,,,,,,,,,,,,,,,,,,64.0,64.0,threshold_prioritized,19.0,True
threshold_priority,capsule,20260714,freqpatch_lite,35.0,10.0,19.0,,,,549,210816,0.11305683299724478,0.995,0.7227762265656162,0.9207892286473187,0.9691318871858516,0.2683409112891794,1.7915284633636475,0.05,19.0,19.0,True,0.05,0.18333333333333332,0.18333333333333332,1.0,0.10091743119266056,1.0,0.5504587155963303,0.0,0.0,11,0,23,98,,,,,,,,,,,,,,,,,,,,,,,,,,,,,64.0,64.0,threshold_prioritized,19.0,True
threshold_priority,capsule,20260714,patchcore_lite,35.0,10.0,19.0,,,,549,210816,0.11305683299724478,0.995,0.7243717590745913,0.9216987154479191,0.9691717665954016,0.27130379413316497,1.7019708156585693,0.05,19.0,19.0,True,0.05,0.19834710743801653,0.19834710743801653,1.0,0.11009174311926606,1.0,0.555045871559633,0.0,0.0,12,0,23,97,,,,,,,,,,,,,,,,,,,,,,,,,,,,,64.0,64.0,threshold_prioritized,19.0,True
threshold_priority,capsule,20260715,freqpatch_lite,35.0,10.0,19.0,,,,549,210816,0.07434174999798415,0.995,0.6812923813322697,0.8918408779161022,0.967514451277768,0.22611209931445428,2.7977230548858643,0.05,19.0,19.0,True,0.05,0.036036036036036036,0.036036036036036036,1.0,0.01834862385321101,1.0,0.5091743119266054,0.0,0.0,2,0,23,107,,,,,,,,,,,,,,,,,,,,,,,,,,,,,64.0,64.0,threshold_prioritized,19.0,True
threshold_priority,capsule,20260715,patchcore_lite,35.0,10.0,19.0,,,,549,210816,0.07434174999798415,0.995,0.6900678101316314,0.8981925368347821,0.9676233913837169,0.23709038291126963,2.549365758895874,0.05,19.0,19.0,True,0.05,0.07079646017699115,0.07079646017699115,1.0,0.03669724770642202,1.0,0.518348623853211,0.0,0.0,4,0,23,105,,,,,,,,,,,,,,,,,,,,,,,,,,,,,64.0,64.0,threshold_prioritized,19.0,True
threshold_priority,capsule,20260716,freqpatch_lite,35.0,10.0,19.0,,,,549,210816,0.05663954200281296,0.995,0.735939369764659,0.93138729595926,0.964252248951978,0.31775400489638833,1.794979214668274,0.05,19.0,19.0,True,0.05,0.33587786259541985,0.33587786259541985,1.0,0.2018348623853211,1.0,0.6009174311926606,0.0,0.0,22,0,23,87,,,,,,,,,,,,,,,,,,,,,,,,,,,,,64.0,64.0,threshold_prioritized,19.0,True
threshold_priority,capsule,20260716,patchcore_lite,35.0,10.0,19.0,,,,549,210816,0.05663954200281296,0.995,0.738731551655365,0.9319907535420093,0.9642518411230889,0.31801835079441654,1.728011965751648,0.05,19.0,19.0,True,0.05,0.33587786259541985,0.33587786259541985,1.0,0.2018348623853211,1.0,0.6009174311926606,0.0,0.0,22,0,23,87,,,,,,,,,,,,,,,,,,,,,,,,,,,,,64.0,64.0,threshold_prioritized,19.0,True
threshold_priority,carpet,20260714,freqpatch_lite,35.0,10.0,19.0,,,,549,210816,0.09036654199735494,0.995,0.8792134831460673,0.9617276228000039,0.9788889490781814,0.590016661016615,1.4021533727645874,0.05,19.0,19.0,True,0.05,0.8633879781420765,0.8633879781420765,0.8404255319148937,0.8876404494382022,0.4642857142857143,0.6759630818619582,0.5357142857142857,535.7142857142857,79,15,13,10,,,,,,,,,,,,,,,,,,,,,,,,,,,,,64.0,64.0,threshold_prioritized,19.0,True
threshold_priority,carpet,20260714,patchcore_lite,35.0,10.0,19.0,,,,549,210816,0.09036654199735494,0.995,0.8788121990369181,0.9613739210744834,0.978853521149949,0.5852587429128054,1.4021533727645874,0.05,19.0,19.0,True,0.05,0.8633879781420765,0.8633879781420765,0.8404255319148937,0.8876404494382022,0.4642857142857143,0.6759630818619582,0.5357142857142857,535.7142857142857,79,15,13,10,,,,,,,,,,,,,,,,,,,,,,,,,,,,,64.0,64.0,threshold_prioritized,19.0,True
threshold_priority,carpet,20260715,freqpatch_lite,35.0,10.0,19.0,,,,549,210816,0.0849767920008162,0.995,0.9048956661316213,0.9718440198687851,0.9796276519046674,0.5993532074900725,2.3053033351898193,0.05,19.0,19.0,True,0.05,0.7586206896551724,0.7586206896551724,0.9821428571428571,0.6179775280898876,0.9642857142857143,0.791131621187801,0.03571428571428571,35.714285714285715,55,1,27,34,,,,,,,,,,,,,,,,,,,,,,,,,,,,,64.0,64.0,threshold_prioritized,19.0,True
threshold_priority,carpet,20260715,patchcore_lite,35.0,10.0,19.0,,,,549,210816,0.0849767920008162,0.995,0.9036918138041734,0.9713200375856097,0.9795994556503207,0.5949152500992657,2.3053033351898193,0.05,19.0,19.0,True,0.05,0.7586206896551724,0.7586206896551724,0.9821428571428571,0.6179775280898876,0.9642857142857143,0.791131621187801,0.03571428571428571,35.714285714285715,55,1,27,34,,,,,,,,,,,,,,,,,,,,,,,,,,,,,64.0,64.0,threshold_prioritized,19.0,True
threshold_priority,carpet,20260716,freqpatch_lite,35.0,10.0,19.0,,,,549,210816,0.06741841699840734,0.995,0.8936597110754414,0.966464064843073,0.9791426925791784,0.5882203162218702,1.7449398040771484,0.05,19.0,19.0,True,0.05,0.8157894736842105,0.8157894736842105,0.9841269841269841,0.6966292134831461,0.9642857142857143,0.8304574638844302,0.03571428571428571,35.714285714285715,62,1,27,27,,,,,,,,,,,,,,,,,,,,,,,,,,,,,64.0,64.0,threshold_prioritized,19.0,True
threshold_priority,carpet,20260716,patchcore_lite,35.0,10.0,19.0,,,,549,210816,0.06741841699840734,0.995,0.8920545746388442,0.9655667873683892,0.9791120594486413,0.5830532621988671,1.7449398040771484,0.05,19.0,19.0,True,0.05,0.8079470198675497,0.8079470198675497,0.9838709677419355,0.6853932584269663,0.9642857142857143,0.8248394863563403,0.03571428571428571,35.714285714285715,61,1,27,28,,,,,,,,,,,,,,,,,,,,,,,,,,,,,64.0,64.0,threshold_prioritized,19.0,True
threshold_priority,grid,20260714,freqpatch_lite,35.0,10.0,19.0,,,,549,210816,0.03069754200259922,0.995,0.44277360066833754,0.6824335878848427,0.7539831347937724,0.023365249936157507,1.5513882637023926,0.05,19.0,19.0,True,0.05,0.06666666666666667,0.06666666666666667,0.6666666666666666,0.03508771929824561,0.9523809523809523,0.49373433583959897,0.047619047619047616,47.61904761904761,2,1,20,55,,,,,,,,,,,,,,,,,,,,,,,,,,,,,64.0,64.0,threshold_prioritized,19.0,True
threshold_priority,grid,20260714,patchcore_lite,35.0,10.0,19.0,,,,549,210816,0.03069754200259922,0.995,0.44277360066833754,0.6824335878848427,0.7539832602503445,0.023366167562495866,1.5513882637023926,0.05,19.0,19.0,True,0.05,0.06666666666666667,0.06666666666666667,0.6666666666666666,0.03508771929824561,0.9523809523809523,0.49373433583959897,0.047619047619047616,47.61904761904761,2,1,20,55,,,,,,,,,,,,,,,,,,,,,,,,,,,,,64.0,64.0,threshold_prioritized,19.0,True
threshold_priority,grid,20260715,freqpatch_lite,35.0,10.0,19.0,,,,549,210816,0.045794958001351915,0.995,0.6023391812865497,0.7579546880576518,0.799774653854108,0.03340844693491786,1.3673697710037231,0.05,19.0,19.0,True,0.05,0.3013698630136986,0.3013698630136986,0.6875,0.19298245614035087,0.7619047619047619,0.47744360902255634,0.23809523809523808,238.09523809523807,11,5,16,46,,,,,,,,,,,,,,,,,,,,,,,,,,,,,64.0,64.0,threshold_prioritized,19.0,True
threshold_priority,grid,20260715,patchcore_lite,35.0,10.0,19.0,,,,549,210816,0.045794958001351915,0.995,0.6023391812865497,0.7579546880576518,0.7997747611860071,0.03340946096970558,1.3673697710037231,0.05,19.0,19.0,True,0.05,0.3013698630136986,0.3013698630136986,0.6875,0.19298245614035087,0.7619047619047619,0.47744360902255634,0.23809523809523808,238.09523809523807,11,5,16,46,,,,,,,,,,,,,,,,,,,,,,,,,,,,,64.0,64.0,threshold_prioritized,19.0,True
threshold_priority,grid,20260716,freqpatch_lite,35.0,10.0,19.0,,,,549,210816,0.0952260829944862,0.995,0.4970760233918129,0.7240691262803532,0.814768270027756,0.036244955800857195,1.5822827816009521,0.05,19.0,19.0,True,0.05,0.12698412698412698,0.12698412698412698,0.6666666666666666,0.07017543859649122,0.9047619047619048,0.487468671679198,0.09523809523809523,95.23809523809523,4,2,19,53,,,,,,,,,,,,,,,,,,,,,,,,,,,,,64.0,64.0,threshold_prioritized,19.0,True
threshold_priority,grid,20260716,patchcore_lite,35.0,10.0,19.0,,,,549,210816,0.0952260829944862,0.995,0.4970760233918129,0.7240691262803532,0.8147674981942137,0.03622098565796178,1.5822827816009521,0.05,19.0,19.0,True,0.05,0.12698412698412698,0.12698412698412698,0.6666666666666666,0.07017543859649122,0.9047619047619048,0.487468671679198,0.09523809523809523,95.23809523809523,4,2,19,53,,,,,,,,,,,,,,,,,,,,,,,,,,,,,64.0,64.0,threshold_prioritized,19.0,True
threshold_priority,hazelnut,20260714,freqpatch_lite,35.0,10.0,19.0,,,,549,210816,0.07833916600066004,0.995,0.9792857142857142,0.9857805528660184,0.9753431278727344,0.4790593929816085,1.4296284914016724,0.05,19.0,19.0,True,0.05,0.6972477064220184,0.6972477064220184,0.9743589743589743,0.5428571428571428,0.975,0.7589285714285714,0.025,25.0,38,1,39,32,,,,,,,,,,,,,,,,,,,,,,,,,,,,,64.0,64.0,threshold_prioritized,19.0,True
threshold_priority,hazelnut,20260714,patchcore_lite,35.0,10.0,19.0,,,,549,210816,0.07833916600066004,0.995,0.9775,0.9836760671323309,0.9752947682167596,0.47506723162862785,1.4296284914016724,0.05,19.0,19.0,True,0.05,0.6476190476190476,0.6476190476190476,0.9714285714285714,0.4857142857142857,0.975,0.7303571428571428,0.025,25.0,34,1,39,36,,,,,,,,,,,,,,,,,,,,,,,,,,,,,64.0,64.0,threshold_prioritized,19.0,True
threshold_priority,hazelnut,20260715,freqpatch_lite,35.0,10.0,19.0,,,,549,210816,0.05076983400067547,0.995,0.9703571428571428,0.9813016170618316,0.9764858219286412,0.5066460046029521,1.1430931091308594,0.05,19.0,19.0,True,0.05,0.9361702127659575,0.9361702127659575,0.9295774647887324,0.9428571428571428,0.875,0.9089285714285714,0.125,125.0,66,5,35,4,,,,,,,,,,,,,,,,,,,,,,,,,,,,,64.0,64.0,threshold_prioritized,19.0,True
threshold_priority,hazelnut,20260715,patchcore_lite,35.0,10.0,19.0,,,,549,210816,0.05076983400067547,0.995,0.9657142857142856,0.9767856075651205,0.9763443740966069,0.4960796536683289,1.1430931091308594,0.05,19.0,19.0,True,0.05,0.9285714285714286,0.9285714285714286,0.9285714285714286,0.9285714285714286,0.875,0.9017857142857143,0.125,125.0,65,5,35,5,,,,,,,,,,,,,,,,,,,,,,,,,,,,,64.0,64.0,threshold_prioritized,19.0,True
threshold_priority,hazelnut,20260716,freqpatch_lite,35.0,10.0,19.0,,,,549,210816,0.04094812499533873,0.995,0.9735714285714286,0.984916203006628,0.9725591174465439,0.48264848044689945,1.2603849172592163,0.05,19.0,19.0,True,0.05,0.7037037037037037,0.7037037037037037,1.0,0.5428571428571428,1.0,0.7714285714285714,0.0,0.0,38,0,40,32,,,,,,,,,,,,,,,,,,,,,,,,,,,,,64.0,64.0,threshold_prioritized,19.0,True
threshold_priority,hazelnut,20260716,patchcore_lite,35.0,10.0,19.0,,,,549,210816,0.04094812499533873,0.995,0.9735714285714286,0.984916203006628,0.9725375003420602,0.4799553451145984,1.2603849172592163,0.05,19.0,19.0,True,0.05,0.7037037037037037,0.7037037037037037,1.0,0.5428571428571428,1.0,0.7714285714285714,0.0,0.0,38,0,40,32,,,,,,,,,,,,,,,,,,,,,,,,,,,,,64.0,64.0,threshold_prioritized,19.0,True
threshold_priority,leather,20260714,freqpatch_lite,35.0,10.0,19.0,,,,549,210816,0.08953612500044983,0.995,0.9955842391304348,0.9984791746914831,0.9923684849191444,0.45395641692381844,1.6097092628479004,0.05,19.0,19.0,True,0.05,0.9484536082474226,0.9484536082474226,0.9019607843137255,1.0,0.6875,0.84375,0.3125,312.5,92,10,22,0,,,,,,,,,,,,,,,,,,,,,,,,,,,,,64.0,64.0,threshold_prioritized,19.0,True
threshold_priority,leather,20260714,patchcore_lite,35.0,10.0,19.0,,,,549,210816,0.08953612500044983,0.995,0.9966032608695652,0.9988525933970682,0.9919088922378216,0.43247549282598563,1.6097092628479004,0.05,19.0,19.0,True,0.05,0.9633507853403142,0.9633507853403142,0.9292929292929293,1.0,0.78125,0.890625,0.21875,218.75,92,7,25,0,,,,,,,,,,,,,,,,,,,,,,,,,,,,,64.0,64.0,threshold_prioritized,19.0,True
threshold_priority,leather,20260715,freqpatch_lite,35.0,10.0,19.0,,,,549,210816,0.0669630420015892,0.995,0.9959239130434783,0.9985441320245307,0.9924012692013006,0.4557653210048071,3.0491890907287598,0.05,19.0,19.0,True,0.05,0.9431818181818182,0.9431818181818182,0.9880952380952381,0.9021739130434783,0.96875,0.9354619565217391,0.03125,31.25,83,1,31,9,,,,,,,,,,,,,,,,,,,,,,,,,,,,,64.0,64.0,threshold_prioritized,19.0,True
threshold_priority,leather,20260715,patchcore_lite,35.0,10.0,19.0,,,,549,210816,0.0669630420015892,0.995,0.9959239130434783,0.9985726552787425,0.991958675846611,0.4345617802645414,3.0491890907287598,0.05,19.0,19.0,True,0.05,0.9425287356321839,0.9425287356321839,1.0,0.8913043478260869,1.0,0.9456521739130435,0.0,0.0,82,0,32,10,,,,,,,,,,,,,,,,,,,,,,,,,,,,,64.0,64.0,threshold_prioritized,19.0,True
threshold_priority,leather,20260716,freqpatch_lite,35.0,10.0,19.0,,,,549,210816,0.04538920900085941,0.995,0.9955842391304347,0.9984344829017237,0.9923775999224579,0.45142335191149374,1.738650918006897,0.05,19.0,19.0,True,0.05,0.9787234042553191,0.9787234042553191,0.9583333333333334,1.0,0.875,0.9375,0.125,125.0,92,4,28,0,,,,,,,,,,,,,,,,,,,,,,,,,,,,,64.0,64.0,threshold_prioritized,19.0,True
threshold_priority,leather,20260716,patchcore_lite,35.0,10.0,19.0,,,,549,210816,0.04538920900085941,0.995,0.9969429347826086,0.9989475008897637,0.9919841667813805,0.4319987562777349,1.738650918006897,0.05,19.0,19.0,True,0.05,0.983957219251337,0.983957219251337,0.968421052631579,1.0,0.90625,0.953125,0.09375,93.75,92,3,29,0,,,,,,,,,,,,,,,,,,,,,,,,,,,,,64.0,64.0,threshold_prioritized,19.0,True
threshold_priority,metal_nut,20260714,freqpatch_lite,35.0,10.0,19.0,,,,549,210816,0.06172158400295302,0.995,0.8729227761485826,0.9708145955029082,0.9364698680497333,0.6670355379476914,1.3804234266281128,0.05,19.0,19.0,True,0.05,0.7843137254901961,0.7843137254901961,1.0,0.6451612903225806,1.0,0.8225806451612903,0.0,0.0,60,0,22,33,,,,,,,,,,,,,,,,,,,,,,,,,,,,,64.0,64.0,threshold_prioritized,19.0,True
threshold_priority,metal_nut,20260714,patchcore_lite,35.0,10.0,19.0,,,,549,210816,0.06172158400295302,0.995,0.8729227761485826,0.9708145955029082,0.9364712536100612,0.6670578050720665,1.3804234266281128,0.05,19.0,19.0,True,0.05,0.7843137254901961,0.7843137254901961,1.0,0.6451612903225806,1.0,0.8225806451612903,0.0,0.0,60,0,22,33,,,,,,,,,,,,,,,,,,,,,,,,,,,,,64.0,64.0,threshold_prioritized,19.0,True
threshold_priority,metal_nut,20260715,freqpatch_lite,35.0,10.0,19.0,,,,549,210816,0.05480275000445545,0.995,0.9002932551319648,0.9776569293246301,0.9260058627801505,0.6396065241495962,1.272062063217163,0.05,19.0,19.0,True,0.05,0.6808510638297872,0.6808510638297872,1.0,0.5161290322580645,1.0,0.7580645161290323,0.0,0.0,48,0,22,45,,,,,,,,,,,,,,,,,,,,,,,,,,,,,64.0,64.0,threshold_prioritized,19.0,True
threshold_priority,metal_nut,20260715,patchcore_lite,35.0,10.0,19.0,,,,549,210816,0.05480275000445545,0.995,0.9002932551319648,0.9776569293246301,0.9260075443053946,0.6397072242329361,1.272062063217163,0.05,19.0,19.0,True,0.05,0.6808510638297872,0.6808510638297872,1.0,0.5161290322580645,1.0,0.7580645161290323,0.0,0.0,48,0,22,45,,,,,,,,,,,,,,,,,,,,,,,,,,,,,64.0,64.0,threshold_prioritized,19.0,True
threshold_priority,metal_nut,20260716,freqpatch_lite,35.0,10.0,19.0,,,,549,210816,0.061955584002134856,0.995,0.9115347018572825,0.9789050890328623,0.9397580305710174,0.6864760428355553,1.4017964601516724,0.05,19.0,19.0,True,0.05,0.7432432432432432,0.7432432432432432,1.0,0.5913978494623656,1.0,0.7956989247311828,0.0,0.0,55,0,22,38,,,,,,,,,,,,,,,,,,,,,,,,,,,,,64.0,64.0,threshold_prioritized,19.0,True
threshold_priority,metal_nut,20260716,patchcore_lite,35.0,10.0,19.0,,,,549,210816,0.061955584002134856,0.995,0.9115347018572825,0.9789050890328623,0.9397597181522857,0.6865152323456742,1.4017964601516724,0.05,19.0,19.0,True,0.05,0.7432432432432432,0.7432432432432432,1.0,0.5913978494623656,1.0,0.7956989247311828,0.0,0.0,55,0,22,38,,,,,,,,,,,,,,,,,,,,,,,,,,,,,64.0,64.0,threshold_prioritized,19.0,True
threshold_priority,pill,20260714,freqpatch_lite,35.0,10.0,19.0,,,,549,210816,0.059549958001298364,0.995,0.8472449536279323,0.9693784783763415,0.9509855385894099,0.5724854765754837,2.0092458724975586,0.05,19.0,19.0,True,0.05,0.22641509433962265,0.22641509433962265,1.0,0.1276595744680851,1.0,0.5638297872340425,0.0,0.0,18,0,26,123,,,,,,,,,,,,,,,,,,,,,,,,,,,,,64.0,64.0,threshold_prioritized,19.0,True
threshold_priority,pill,20260714,patchcore_lite,35.0,10.0,19.0,,,,549,210816,0.059549958001298364,0.995,0.8488816148390617,0.9698206396141914,0.9509400963067556,0.5696850232222437,1.8645092248916626,0.05,19.0,19.0,True,0.05,0.2484472049689441,0.2484472049689441,1.0,0.14184397163120568,1.0,0.5709219858156028,0.0,0.0,20,0,26,121,,,,,,,,,,,,,,,,,,,,,,,,,,,,,64.0,64.0,threshold_prioritized,19.0,True
threshold_priority,pill,20260715,freqpatch_lite,35.0,10.0,19.0,,,,549,210816,0.09035558400501031,0.995,0.8254228041462084,0.9646558267055075,0.9510804041422838,0.5544687434614732,1.5907433032989502,0.05,19.0,19.0,True,0.05,0.5612244897959183,0.5612244897959183,1.0,0.3900709219858156,1.0,0.6950354609929078,0.0,0.0,55,0,26,86,,,,,,,,,,,,,,,,,,,,,,,,,,,,,64.0,64.0,threshold_prioritized,19.0,True
threshold_priority,pill,20260715,patchcore_lite,35.0,10.0,19.0,,,,549,210816,0.09035558400501031,0.995,0.8273322422258593,0.9650184004521456,0.9509803749760339,0.5493608248252152,1.5340992212295532,0.05,19.0,19.0,True,0.05,0.5612244897959183,0.5612244897959183,1.0,0.3900709219858156,1.0,0.6950354609929078,0.0,0.0,55,0,26,86,,,,,,,,,,,,,,,,,,,,,,,,,,,,,64.0,64.0,threshold_prioritized,19.0,True
threshold_priority,pill,20260716,freqpatch_lite,35.0,10.0,19.0,,,,549,210816,0.07358079099503811,0.995,0.8046917621385705,0.9583213768163164,0.9490099422366164,0.5336212369012336,1.5388126373291016,0.05,19.0,19.0,True,0.05,0.5079365079365079,0.5079365079365079,1.0,0.3404255319148936,1.0,0.6702127659574468,0.0,0.0,48,0,26,93,,,,,,,,,,,,,,,,,,,,,,,,,,,,,64.0,64.0,threshold_prioritized,19.0,True
threshold_priority,pill,20260716,patchcore_lite,35.0,10.0,19.0,,,,549,210816,0.07358079099503811,0.995,0.8060556464811783,0.9588558582930714,0.9489570612387837,0.5311300484583729,1.5280367136001587,0.05,19.0,19.0,True,0.05,0.4919786096256685,0.4919786096256685,1.0,0.3262411347517731,1.0,0.6631205673758865,0.0,0.0,46,0,26,95,,,,,,,,,,,,,,,,,,,,,,,,,,,,,64.0,64.0,threshold_prioritized,19.0,True
threshold_priority,screw,20260714,freqpatch_lite,35.0,10.0,19.0,,,,549,210816,0.0541377499976079,0.995,0.41852838696454187,0.7167512057731389,0.8951467633470651,0.012382941645802068,1.2119911909103394,0.05,19.0,19.0,True,0.05,0.1897810218978102,0.1897810218978102,0.7222222222222222,0.1092436974789916,0.8780487804878049,0.4936462389833982,0.12195121951219512,121.95121951219512,13,5,36,106,,,,,,,,,,,,,,,,,,,,,,,,,,,,,64.0,64.0,threshold_prioritized,19.0,True
threshold_priority,screw,20260714,patchcore_lite,35.0,10.0,19.0,,,,549,210816,0.0541377499976079,0.995,0.41852838696454187,0.7167512057731389,0.8951467565735757,0.012382933029428693,1.2119911909103394,0.05,19.0,19.0,True,0.05,0.1897810218978102,0.1897810218978102,0.7222222222222222,0.1092436974789916,0.8780487804878049,0.4936462389833982,0.12195121951219512,121.95121951219512,13,5,36,106,,,,,,,,,,,,,,,,,,,,,,,,,,,,,64.0,64.0,threshold_prioritized,19.0,True
threshold_priority,screw,20260715,freqpatch_lite,35.0,10.0,19.0,,,,549,210816,0.05834670799958985,0.995,0.45767575322812054,0.7409895854738474,0.9091025440754563,0.014893960275766447,1.2807092666625977,0.05,19.0,19.0,True,0.05,0.109375,0.109375,0.7777777777777778,0.058823529411764705,0.9512195121951219,0.5050215208034433,0.04878048780487805,48.78048780487805,7,2,39,112,,,,,,,,,,,,,,,,,,,,,,,,,,,,,64.0,64.0,threshold_prioritized,19.0,True
threshold_priority,screw,20260715,patchcore_lite,35.0,10.0,19.0,,,,549,210816,0.05834670799958985,0.995,0.4578807132609142,0.740688428636213,0.9091017815183872,0.01489088719208394,1.2807092666625977,0.05,19.0,19.0,True,0.05,0.109375,0.109375,0.7777777777777778,0.058823529411764705,0.9512195121951219,0.5050215208034433,0.04878048780487805,48.78048780487805,7,2,39,112,,,,,,,,,,,,,,,,,,,,,,,,,,,,,64.0,64.0,threshold_prioritized,19.0,True
threshold_priority,screw,20260716,freqpatch_lite,35.0,10.0,19.0,,,,549,210816,0.07142641699465457,0.995,0.40930518548882966,0.7251773892822352,0.9065086299957592,0.015041846843752288,1.3220267295837402,0.05,19.0,19.0,True,0.05,0.09523809523809523,0.09523809523809523,0.8571428571428571,0.05042016806722689,0.975609756097561,0.5130149620823939,0.024390243902439025,24.390243902439025,6,1,40,113,,,,,,,,,,,,,,,,,,,,,,,,,,,,,64.0,64.0,threshold_prioritized,19.0,True
threshold_priority,screw,20260716,patchcore_lite,35.0,10.0,19.0,,,,549,210816,0.07142641699465457,0.995,0.4095101455216233,0.7256257336270855,0.9065044962586599,0.015037463548121906,1.3220267295837402,0.05,19.0,19.0,True,0.05,0.09523809523809523,0.09523809523809523,0.8571428571428571,0.05042016806722689,0.975609756097561,0.5130149620823939,0.024390243902439025,24.390243902439025,6,1,40,113,,,,,,,,,,,,,,,,,,,,,,,,,,,,,64.0,64.0,threshold_prioritized,19.0,True
threshold_priority,tile,20260714,freqpatch_lite,35.0,10.0,19.0,,,,549,210816,0.06153174999781186,0.995,0.9570707070707071,0.9837333452204092,0.9150449330084534,0.4256045031166358,1.293620228767395,0.05,19.0,19.0,True,0.05,0.8888888888888888,0.8888888888888888,0.9855072463768116,0.8095238095238095,0.9696969696969697,0.8896103896103896,0.030303030303030304,30.303030303030305,68,1,32,16,,,,,,,,,,,,,,,,,,,,,,,,,,,,,64.0,64.0,threshold_prioritized,19.0,True
threshold_priority,tile,20260714,patchcore_lite,35.0,10.0,19.0,,,,549,210816,0.06153174999781186,0.995,0.9563492063492064,0.9834163749053684,0.9150622967478299,0.4258375940650662,1.293620228767395,0.05,19.0,19.0,True,0.05,0.8888888888888888,0.8888888888888888,0.9855072463768116,0.8095238095238095,0.9696969696969697,0.8896103896103896,0.030303030303030304,30.303030303030305,68,1,32,16,,,,,,,,,,,,,,,,,,,,,,,,,,,,,64.0,64.0,threshold_prioritized,19.0,True
threshold_priority,tile,20260715,freqpatch_lite,35.0,10.0,19.0,,,,549,210816,0.04453237499546958,0.995,0.9393939393939393,0.9778670571434489,0.9162412521510073,0.421275861756364,1.3943504095077515,0.05,19.0,19.0,True,0.05,0.87248322147651,0.87248322147651,1.0,0.7738095238095238,1.0,0.8869047619047619,0.0,0.0,65,0,33,19,,,,,,,,,,,,,,,,,,,,,,,,,,,,,64.0,64.0,threshold_prioritized,19.0,True
threshold_priority,tile,20260715,patchcore_lite,35.0,10.0,19.0,,,,549,210816,0.04453237499546958,0.995,0.9393939393939393,0.9778670571434489,0.9162571049634833,0.4216933173185634,1.3943504095077515,0.05,19.0,19.0,True,0.05,0.87248322147651,0.87248322147651,1.0,0.7738095238095238,1.0,0.8869047619047619,0.0,0.0,65,0,33,19,,,,,,,,,,,,,,,,,,,,,,,,,,,,,64.0,64.0,threshold_prioritized,19.0,True
threshold_priority,tile,20260716,freqpatch_lite,35.0,10.0,19.0,,,,549,210816,0.054881542004295625,0.995,0.924963924963925,0.9731913757290185,0.911784378428609,0.41173989309394654,1.4226733446121216,0.05,19.0,19.0,True,0.05,0.868421052631579,0.868421052631579,0.9705882352941176,0.7857142857142857,0.9393939393939394,0.8625541125541125,0.06060606060606061,60.60606060606061,66,2,31,18,,,,,,,,,,,,,,,,,,,,,,,,,,,,,64.0,64.0,threshold_prioritized,19.0,True
threshold_priority,tile,20260716,patchcore_lite,35.0,10.0,19.0,,,,549,210816,0.054881542004295625,0.995,0.9238816738816739,0.9727107779093698,0.9117754396695751,0.4116068409379287,1.4226733446121216,0.05,19.0,19.0,True,0.05,0.868421052631579,0.868421052631579,0.9705882352941176,0.7857142857142857,0.9393939393939394,0.8625541125541125,0.06060606060606061,60.60606060606061,66,2,31,18,,,,,,,,,,,,,,,,,,,,,,,,,,,,,64.0,64.0,threshold_prioritized,19.0,True
threshold_priority,toothbrush,20260714,freqpatch_lite,32.0,9.0,19.0,,,,502,192768,0.024973457999294624,0.995,0.7944444444444444,0.9224670068652124,0.9773660068912791,0.45012162091154573,1.243774175643921,0.05,19.0,19.0,True,0.05,0.7450980392156863,0.7450980392156863,0.9047619047619048,0.6333333333333333,0.8333333333333334,0.7333333333333334,0.16666666666666666,166.66666666666666,19,2,10,11,,,,,,,,,,,,,,,,,,,,,,,,,,,,,64.0,60.0,threshold_prioritized,19.0,True
threshold_priority,toothbrush,20260714,patchcore_lite,32.0,9.0,19.0,,,,502,192768,0.024973457999294624,0.995,0.7944444444444444,0.9224670068652124,0.9776112385225652,0.47104132303295215,1.243774175643921,0.05,19.0,19.0,True,0.05,0.7450980392156863,0.7450980392156863,0.9047619047619048,0.6333333333333333,0.8333333333333334,0.7333333333333334,0.16666666666666666,166.66666666666666,19,2,10,11,,,,,,,,,,,,,,,,,,,,,,,,,,,,,64.0,60.0,threshold_prioritized,19.0,True
threshold_priority,toothbrush,20260715,freqpatch_lite,32.0,9.0,19.0,,,,502,192768,0.025686125001811888,0.995,0.813888888888889,0.9257601344336761,0.9803385429496205,0.45404093805984985,1.3005621433258057,0.05,19.0,19.0,True,0.05,0.7083333333333334,0.7083333333333334,0.9444444444444444,0.5666666666666667,0.9166666666666666,0.7416666666666667,0.08333333333333333,83.33333333333333,17,1,11,13,,,,,,,,,,,,,,,,,,,,,,,,,,,,,64.0,60.0,threshold_prioritized,19.0,True
threshold_priority,toothbrush,20260715,patchcore_lite,32.0,9.0,19.0,,,,502,192768,0.025686125001811888,0.995,0.813888888888889,0.9257601344336761,0.9805654565636618,0.4737550427240137,1.3005621433258057,0.05,19.0,19.0,True,0.05,0.7083333333333334,0.7083333333333334,0.9444444444444444,0.5666666666666667,0.9166666666666666,0.7416666666666667,0.08333333333333333,83.33333333333333,17,1,11,13,,,,,,,,,,,,,,,,,,,,,,,,,,,,,64.0,60.0,threshold_prioritized,19.0,True
threshold_priority,toothbrush,20260716,freqpatch_lite,32.0,9.0,19.0,,,,502,192768,0.03377004199865041,0.995,0.8027777777777777,0.9198353165144153,0.9787992658965886,0.4488144119639027,1.274601936340332,0.05,19.0,19.0,True,0.05,0.6808510638297872,0.6808510638297872,0.9411764705882353,0.5333333333333333,0.9166666666666666,0.725,0.08333333333333333,83.33333333333333,16,1,11,14,,,,,,,,,,,,,,,,,,,,,,,,,,,,,64.0,60.0,threshold_prioritized,19.0,True
threshold_priority,toothbrush,20260716,patchcore_lite,32.0,9.0,19.0,,,,502,192768,0.03377004199865041,0.995,0.8027777777777777,0.9198353165144153,0.9790102031533414,0.4678744907113452,1.274601936340332,0.05,19.0,19.0,True,0.05,0.6808510638297872,0.6808510638297872,0.9411764705882353,0.5333333333333333,0.9166666666666666,0.725,0.08333333333333333,83.33333333333333,16,1,11,14,,,,,,,,,,,,,,,,,,,,,,,,,,,,,64.0,60.0,threshold_prioritized,19.0,True
threshold_priority,transistor,20260714,freqpatch_lite,35.0,10.0,19.0,,,,549,210816,0.03795641699980479,0.995,0.8570833333333333,0.8649318611676742,0.8288894194403016,0.4417740596618822,1.2348430156707764,0.05,19.0,19.0,True,0.05,0.7466666666666667,0.7466666666666667,0.8,0.7,0.8833333333333333,0.7916666666666666,0.11666666666666667,116.66666666666667,28,7,53,12,,,,,,,,,,,,,,,,,,,,,,,,,,,,,64.0,64.0,threshold_prioritized,19.0,True
threshold_priority,transistor,20260714,patchcore_lite,35.0,10.0,19.0,,,,549,210816,0.03795641699980479,0.995,0.85625,0.8611455365198476,0.8288872687898766,0.441572679662944,1.2348430156707764,0.05,19.0,19.0,True,0.05,0.7466666666666667,0.7466666666666667,0.8,0.7,0.8833333333333333,0.7916666666666666,0.11666666666666667,116.66666666666667,28,7,53,12,,,,,,,,,,,,,,,,,,,,,,,,,,,,,64.0,64.0,threshold_prioritized,19.0,True
threshold_priority,transistor,20260715,freqpatch_lite,35.0,10.0,19.0,,,,549,210816,0.053763417003210634,0.995,0.8391666666666667,0.8347569891718593,0.8237895536909519,0.41546321995895363,1.391951322555542,0.05,19.0,19.0,True,0.05,0.6666666666666666,0.6666666666666666,0.8461538461538461,0.55,0.9333333333333333,0.7416666666666667,0.06666666666666667,66.66666666666667,22,4,56,18,,,,,,,,,,,,,,,,,,,,,,,,,,,,,64.0,64.0,threshold_prioritized,19.0,True
threshold_priority,transistor,20260715,patchcore_lite,35.0,10.0,19.0,,,,549,210816,0.053763417003210634,0.995,0.8345833333333333,0.8297713851952122,0.8237717085084931,0.4151752475703972,1.3828983306884766,0.05,19.0,19.0,True,0.05,0.6666666666666666,0.6666666666666666,0.8461538461538461,0.55,0.9333333333333333,0.7416666666666667,0.06666666666666667,66.66666666666667,22,4,56,18,,,,,,,,,,,,,,,,,,,,,,,,,,,,,64.0,64.0,threshold_prioritized,19.0,True
threshold_priority,transistor,20260716,freqpatch_lite,35.0,10.0,19.0,,,,549,210816,0.04817641699628439,0.995,0.8150000000000001,0.8177953793936411,0.8212465754192994,0.42046505180943056,1.3793386220932007,0.05,19.0,19.0,True,0.05,0.6764705882352942,0.6764705882352942,0.8214285714285714,0.575,0.9166666666666666,0.7458333333333333,0.08333333333333333,83.33333333333333,23,5,55,17,,,,,,,,,,,,,,,,,,,,,,,,,,,,,64.0,64.0,threshold_prioritized,19.0,True
threshold_priority,transistor,20260716,patchcore_lite,35.0,10.0,19.0,,,,549,210816,0.04817641699628439,0.995,0.8133333333333334,0.8131616939393446,0.8212427760809414,0.42021995393754974,1.3793386220932007,0.05,19.0,19.0,True,0.05,0.6865671641791045,0.6865671641791045,0.8518518518518519,0.575,0.9333333333333333,0.7541666666666667,0.06666666666666667,66.66666666666667,23,4,56,17,,,,,,,,,,,,,,,,,,,,,,,,,,,,,64.0,64.0,threshold_prioritized,19.0,True
threshold_priority,wood,20260714,freqpatch_lite,35.0,10.0,19.0,,,,549,210816,0.031593250001606066,0.995,0.9912280701754386,0.9974297725045237,0.9287726863958461,0.43149492529801653,1.6809513568878174,0.05,19.0,19.0,True,0.05,0.9661016949152542,0.9661016949152542,0.9827586206896551,0.95,0.9473684210526315,0.9486842105263158,0.05263157894736842,52.63157894736842,57,1,18,3,,,,,,,,,,,,,,,,,,,,,,,,,,,,,64.0,64.0,threshold_prioritized,19.0,True
threshold_priority,wood,20260714,patchcore_lite,35.0,10.0,19.0,,,,549,210816,0.031593250001606066,0.995,0.9912280701754386,0.9974297725045237,0.9286882620727489,0.4296758690310218,1.6809513568878174,0.05,19.0,19.0,True,0.05,0.9661016949152542,0.9661016949152542,0.9827586206896551,0.95,0.9473684210526315,0.9486842105263158,0.05263157894736842,52.63157894736842,57,1,18,3,,,,,,,,,,,,,,,,,,,,,,,,,,,,,64.0,64.0,threshold_prioritized,19.0,True
threshold_priority,wood,20260715,freqpatch_lite,35.0,10.0,19.0,,,,549,210816,0.030904125000233762,0.995,0.9807017543859649,0.9942872588503662,0.9255725711500215,0.41256983962152943,1.5290477275848389,0.05,19.0,19.0,True,0.05,0.9491525423728814,0.9491525423728814,0.9655172413793104,0.9333333333333333,0.8947368421052632,0.9140350877192982,0.10526315789473684,105.26315789473684,56,2,17,4,,,,,,,,,,,,,,,,,,,,,,,,,,,,,64.0,64.0,threshold_prioritized,19.0,True
threshold_priority,wood,20260715,patchcore_lite,35.0,10.0,19.0,,,,549,210816,0.030904125000233762,0.995,0.9807017543859649,0.9942872588503662,0.9254359765976539,0.4102245091797723,1.5290477275848389,0.05,19.0,19.0,True,0.05,0.9491525423728814,0.9491525423728814,0.9655172413793104,0.9333333333333333,0.8947368421052632,0.9140350877192982,0.10526315789473684,105.26315789473684,56,2,17,4,,,,,,,,,,,,,,,,,,,,,,,,,,,,,64.0,64.0,threshold_prioritized,19.0,True
threshold_priority,wood,20260716,freqpatch_lite,35.0,10.0,19.0,,,,549,210816,0.030714374996023253,0.995,0.9885964912280701,0.9966325827236109,0.9279778975236969,0.4273439501866041,1.7210214138031006,0.05,19.0,19.0,True,0.05,0.9672131147540983,0.9672131147540983,0.9516129032258065,0.9833333333333333,0.8421052631578947,0.912719298245614,0.15789473684210525,157.89473684210526,59,3,16,1,,,,,,,,,,,,,,,,,,,,,,,,,,,,,64.0,64.0,threshold_prioritized,19.0,True
threshold_priority,wood,20260716,patchcore_lite,35.0,10.0,19.0,,,,549,210816,0.030714374996023253,0.995,0.9885964912280701,0.9966325827236109,0.9278646971356492,0.4251810827638782,1.7210214138031006,0.05,19.0,19.0,True,0.05,0.9672131147540983,0.9672131147540983,0.9516129032258065,0.9833333333333333,0.8421052631578947,0.912719298245614,0.15789473684210525,157.89473684210526,59,3,16,1,,,,,,,,,,,,,,,,,,,,,,,,,,,,,64.0,64.0,threshold_prioritized,19.0,True
threshold_priority,zipper,20260714,freqpatch_lite,35.0,10.0,19.0,,,,549,210816,0.06612187500286382,0.995,0.7773109243697479,0.9122966440861917,0.9305342832195184,0.25775162517501626,1.5178849697113037,0.05,19.0,19.0,True,0.05,0.5357142857142857,0.5357142857142857,0.9183673469387755,0.37815126050420167,0.875,0.6265756302521008,0.125,125.0,45,4,28,74,,,,,,,,,,,,,,,,,,,,,,,,,,,,,64.0,64.0,threshold_prioritized,19.0,True
threshold_priority,zipper,20260714,patchcore_lite,35.0,10.0,19.0,,,,549,210816,0.06612187500286382,0.995,0.7815126050420169,0.9170789311015899,0.9305509154246638,0.26092563448699624,1.4680136442184448,0.05,19.0,19.0,True,0.05,0.5747126436781609,0.5747126436781609,0.9090909090909091,0.42016806722689076,0.84375,0.6319590336134454,0.15625,156.25,50,5,27,69,,,,,,,,,,,,,,,,,,,,,,,,,,,,,64.0,64.0,threshold_prioritized,19.0,True
threshold_priority,zipper,20260715,freqpatch_lite,35.0,10.0,19.0,,,,549,210816,0.05385533300432144,0.995,0.7844012605042017,0.912810361621809,0.9316874147081371,0.24724137068096314,1.6807655096054077,0.05,19.0,19.0,True,0.05,0.35374149659863946,0.35374149659863946,0.9285714285714286,0.2184873949579832,0.9375,0.5779936974789917,0.0625,62.5,26,2,30,93,,,,,,,,,,,,,,,,,,,,,,,,,,,,,64.0,64.0,threshold_prioritized,19.0,True
threshold_priority,zipper,20260715,patchcore_lite,35.0,10.0,19.0,,,,549,210816,0.05385533300432144,0.995,0.7851890756302521,0.916180018016778,0.9317020955262431,0.24978457639205734,1.6807655096054077,0.05,19.0,19.0,True,0.05,0.3424657534246575,0.3424657534246575,0.9259259259259259,0.21008403361344538,0.9375,0.5737920168067226,0.0625,62.5,25,2,30,94,,,,,,,,,,,,,,,,,,,,,,,,,,,,,64.0,64.0,threshold_prioritized,19.0,True
threshold_priority,zipper,20260716,freqpatch_lite,35.0,10.0,19.0,,,,549,210816,0.04980612499639392,0.995,0.7830882352941176,0.9071714905784657,0.9328541850102208,0.2437050600487933,1.7978318929672241,0.05,19.0,19.0,True,0.05,0.3310344827586207,0.3310344827586207,0.9230769230769231,0.20168067226890757,0.9375,0.5695903361344538,0.0625,62.5,24,2,30,95,,,,,,,,,,,,,,,,,,,,,,,,,,,,,64.0,64.0,threshold_prioritized,19.0,True
threshold_priority,zipper,20260716,patchcore_lite,35.0,10.0,19.0,,,,549,210816,0.04980612499639392,0.995,0.7823004201680672,0.9042616553156894,0.9328642839457075,0.24433678718323268,1.7978318929672241,0.05,19.0,19.0,True,0.05,0.3310344827586207,0.3310344827586207,0.9230769230769231,0.20168067226890757,0.9375,0.5695903361344538,0.0625,62.5,24,2,30,95,,,,,,,,,,,,,,,,,,,,,,,,,,,,,64.0,64.0,threshold_prioritized,19.0,True
threshold_priority,bottle,20260714,freqpatch_lite,90.0,19.0,19.0,,,,1412,542208,0.08052591700106859,0.995,0.9976190476190475,0.9992596468786945,0.9832689348404344,0.7353864196400638,3.094452142715454,0.05,19.0,19.0,True,0.05,0.95,0.95,1.0,0.9047619047619048,1.0,0.9523809523809523,0.0,0.0,57,0,20,6,,,,,,,,,,,,,,,,,,,,,,,,,,,,,128.0,128.0,proportional,,True
threshold_priority,bottle,20260714,patchcore_lite,90.0,19.0,19.0,,,,1412,542208,0.08052591700106859,0.995,0.9976190476190475,0.9992596468786945,0.9828216956059224,0.7273506842526355,2.9658408164978027,0.05,19.0,19.0,True,0.05,0.9411764705882353,0.9411764705882353,1.0,0.8888888888888888,1.0,0.9444444444444444,0.0,0.0,56,0,20,7,,,,,,,,,,,,,,,,,,,,,,,,,,,,,128.0,128.0,proportional,,True
threshold_priority,bottle,20260715,freqpatch_lite,90.0,19.0,19.0,,,,1412,542208,0.10920791600074153,0.995,0.9976190476190476,0.9992440151090305,0.9834596976006107,0.7344222495461608,2.3423120975494385,0.05,19.0,19.0,True,0.05,0.967741935483871,0.967741935483871,0.9836065573770492,0.9523809523809523,0.95,0.9511904761904761,0.05,50.0,60,1,19,3,,,,,,,,,,,,,,,,,,,,,,,,,,,,,128.0,128.0,proportional,,True
threshold_priority,bottle,20260715,patchcore_lite,90.0,19.0,19.0,,,,1412,542208,0.10920791600074153,0.995,0.9976190476190476,0.9992440151090305,0.9831177605632199,0.7279501251993239,2.3423120975494385,0.05,19.0,19.0,True,0.05,0.967741935483871,0.967741935483871,0.9836065573770492,0.9523809523809523,0.95,0.9511904761904761,0.05,50.0,60,1,19,3,,,,,,,,,,,,,,,,,,,,,,,,,,,,,128.0,128.0,proportional,,True
threshold_priority,bottle,20260716,freqpatch_lite,90.0,19.0,19.0,,,,1412,542208,0.12980299999617273,0.995,0.9968253968253967,0.9990036304936458,0.9834146860476802,0.733990330671708,3.345043659210205,0.05,19.0,19.0,True,0.05,0.9586776859504132,0.9586776859504132,1.0,0.9206349206349206,1.0,0.9603174603174602,0.0,0.0,58,0,20,5,,,,,,,,,,,,,,,,,,,,,,,,,,,,,128.0,128.0,proportional,,True
threshold_priority,bottle,20260716,patchcore_lite,90.0,19.0,19.0,,,,1412,542208,0.12980299999617273,0.995,0.9976190476190475,0.9992596468786945,0.9828547742094274,0.7240582032091964,3.345043659210205,0.05,19.0,19.0,True,0.05,0.9411764705882353,0.9411764705882353,1.0,0.8888888888888888,1.0,0.9444444444444444,0.0,0.0,56,0,20,7,,,,,,,,,,,,,,,,,,,,,,,,,,,,,128.0,128.0,proportional,,True
threshold_priority,cable,20260714,freqpatch_lite,90.0,19.0,19.0,,,,1412,542208,0.19163783400290413,0.995,0.9302848575712145,0.9569526703325142,0.9717612512801265,0.6404155541687129,1.6265687942504883,0.05,19.0,19.0,True,0.05,0.656934306569343,0.656934306569343,1.0,0.4891304347826087,1.0,0.7445652173913043,0.0,0.0,45,0,58,47,,,,,,,,,,,,,,,,,,,,,,,,,,,,,128.0,128.0,proportional,,True
threshold_priority,cable,20260714,patchcore_lite,90.0,19.0,19.0,,,,1412,542208,0.19163783400290413,0.995,0.9306596701649176,0.9569962082751299,0.9717724089846983,0.6427566753641142,1.5637233257293701,0.05,19.0,19.0,True,0.05,0.676056338028169,0.676056338028169,0.96,0.5217391304347826,0.9655172413793104,0.7436281859070465,0.034482758620689655,34.48275862068965,48,2,56,44,,,,,,,,,,,,,,,,,,,,,,,,,,,,,128.0,128.0,proportional,,True
threshold_priority,cable,20260715,freqpatch_lite,90.0,19.0,19.0,,,,1412,542208,0.13587204099894734,0.995,0.9248500749625188,0.9600366220145977,0.9707031486443389,0.634681275841002,1.4730950593948364,0.05,19.0,19.0,True,0.05,0.8227848101265823,0.8227848101265823,0.9848484848484849,0.7065217391304348,0.9827586206896551,0.8446401799100449,0.017241379310344827,17.241379310344826,65,1,57,27,,,,,,,,,,,,,,,,,,,,,,,,,,,,,128.0,128.0,proportional,,True
threshold_priority,cable,20260715,patchcore_lite,90.0,19.0,19.0,,,,1412,542208,0.13587204099894734,0.995,0.9254122938530736,0.9603502527992095,0.9707094987941725,0.6369835656147218,1.4730950593948364,0.05,19.0,19.0,True,0.05,0.8227848101265823,0.8227848101265823,0.9848484848484849,0.7065217391304348,0.9827586206896551,0.8446401799100449,0.017241379310344827,17.241379310344826,65,1,57,27,,,,,,,,,,,,,,,,,,,,,,,,,,,,,128.0,128.0,proportional,,True
threshold_priority,cable,20260716,freqpatch_lite,90.0,19.0,19.0,,,,1412,542208,0.1328062079992378,0.995,0.9375937031484257,0.9641002656368788,0.9730291883042954,0.6492940263114236,1.2638102769851685,0.05,19.0,19.0,True,0.05,0.8554913294797688,0.8554913294797688,0.9135802469135802,0.8043478260869565,0.8793103448275862,0.8418290854572714,0.1206896551724138,120.6896551724138,74,7,51,18,,,,,,,,,,,,,,,,,,,,,,,,,,,,,128.0,128.0,proportional,,True
threshold_priority,cable,20260716,patchcore_lite,90.0,19.0,19.0,,,,1412,542208,0.1328062079992378,0.995,0.9368440779610194,0.9636982754766529,0.9730345028331524,0.6511543007883045,1.2638102769851685,0.05,19.0,19.0,True,0.05,0.8554913294797688,0.8554913294797688,0.9135802469135802,0.8043478260869565,0.8793103448275862,0.8418290854572714,0.1206896551724138,120.6896551724138,74,7,51,18,,,,,,,,,,,,,,,,,,,,,,,,,,,,,128.0,128.0,proportional,,True
threshold_priority,capsule,20260714,freqpatch_lite,90.0,19.0,19.0,,,,1412,542208,0.20352004199958174,0.995,0.7423214998005585,0.9249072500980985,0.9728992762744748,0.31121479426950893,1.643121361732483,0.05,19.0,19.0,True,0.05,0.3609022556390977,0.3609022556390977,1.0,0.22018348623853212,1.0,0.6100917431192661,0.0,0.0,24,0,23,85,,,,,,,,,,,,,,,,,,,,,,,,,,,,,128.0,128.0,proportional,,True
threshold_priority,capsule,20260714,patchcore_lite,90.0,19.0,19.0,,,,1412,542208,0.20352004199958174,0.995,0.7455125648185081,0.9262503731503332,0.9729186207618674,0.3125042559355846,1.478322982788086,0.05,19.0,19.0,True,0.05,0.391304347826087,0.391304347826087,0.9310344827586207,0.24770642201834864,0.9130434782608695,0.580374950139609,0.08695652173913043,86.95652173913044,27,2,21,82,,,,,,,,,,,,,,,,,,,,,,,,,,,,,128.0,128.0,proportional,,True
threshold_priority,capsule,20260715,freqpatch_lite,90.0,19.0,19.0,,,,1412,542208,0.20655270799761638,0.995,0.7666533705624251,0.9315720302754479,0.9738491842733925,0.32985749995438524,4.048252582550049,0.05,19.0,19.0,True,0.05,0.036036036036036036,0.036036036036036036,1.0,0.01834862385321101,1.0,0.5091743119266054,0.0,0.0,2,0,23,107,,,,,,,,,,,,,,,,,,,,,,,,,,,,,128.0,128.0,proportional,,True
threshold_priority,capsule,20260715,patchcore_lite,90.0,19.0,19.0,,,,1412,542208,0.20655270799761638,0.995,0.7666533705624252,0.9315754082324087,0.9739265991859989,0.3329895965442376,3.784287214279175,0.05,19.0,19.0,True,0.05,0.07079646017699115,0.07079646017699115,1.0,0.03669724770642202,1.0,0.518348623853211,0.0,0.0,4,0,23,105,,,,,,,,,,,,,,,,,,,,,,,,,,,,,128.0,128.0,proportional,,True
threshold_priority,capsule,20260716,freqpatch_lite,90.0,19.0,19.0,,,,1412,542208,0.1555715409995173,0.995,0.7403270841643399,0.9249934959996773,0.9731228923462654,0.30939923396617725,1.6842395067214966,0.05,19.0,19.0,True,0.05,0.42857142857142855,0.42857142857142855,0.967741935483871,0.27522935779816515,0.9565217391304348,0.6158755484642999,0.043478260869565216,43.47826086956522,30,1,22,79,,,,,,,,,,,,,,,,,,,,,,,,,,,,,128.0,128.0,proportional,,True
threshold_priority,capsule,20260716,patchcore_lite,90.0,19.0,19.0,,,,1412,542208,0.1555715409995173,0.995,0.7423214998005585,0.9260507829244762,0.9731807010833784,0.31322524260537,1.5162746906280518,0.05,19.0,19.0,True,0.05,0.4827586206896552,0.4827586206896552,0.9722222222222222,0.3211009174311927,0.9565217391304348,0.6388113282808138,0.043478260869565216,43.47826086956522,35,1,22,74,,,,,,,,,,,,,,,,,,,,,,,,,,,,,128.0,128.0,proportional,,True
threshold_priority,carpet,20260714,freqpatch_lite,90.0,19.0,19.0,,,,1412,542208,0.18012162500235718,0.995,0.9173354735152487,0.9733839610548208,0.9818246323838566,0.6194068500140751,1.4532177448272705,0.05,19.0,19.0,True,0.05,0.9060773480662984,0.9060773480662984,0.8913043478260869,0.9213483146067416,0.6428571428571429,0.7821027287319422,0.35714285714285715,357.14285714285717,82,10,18,7,,,,,,,,,,,,,,,,,,,,,,,,,,,,,128.0,128.0,proportional,,True
threshold_priority,carpet,20260714,patchcore_lite,90.0,19.0,19.0,,,,1412,542208,0.18012162500235718,0.995,0.9173354735152488,0.9731711307458947,0.9817746220596809,0.6128441290483424,1.4532177448272705,0.05,19.0,19.0,True,0.05,0.9060773480662984,0.9060773480662984,0.8913043478260869,0.9213483146067416,0.6428571428571429,0.7821027287319422,0.35714285714285715,357.14285714285717,82,10,18,7,,,,,,,,,,,,,,,,,,,,,,,,,,,,,128.0,128.0,proportional,,True
threshold_priority,carpet,20260715,freqpatch_lite,90.0,19.0,19.0,,,,1412,542208,0.14645954099978553,0.995,0.9197431781701443,0.9748970676319131,0.9816680567634947,0.5978668851586695,2.531132459640503,0.05,19.0,19.0,True,0.05,0.7837837837837838,0.7837837837837838,0.9830508474576272,0.651685393258427,0.9642857142857143,0.8079855537720706,0.03571428571428571,35.714285714285715,58,1,27,31,,,,,,,,,,,,,,,,,,,,,,,,,,,,,128.0,128.0,proportional,,True
threshold_priority,carpet,20260715,patchcore_lite,90.0,19.0,19.0,,,,1412,542208,0.14645954099978553,0.995,0.9193418940609951,0.974623019947616,0.9816384473098468,0.5921608253878532,2.531132459640503,0.05,19.0,19.0,True,0.05,0.7671232876712328,0.7671232876712328,0.9824561403508771,0.6292134831460674,0.9642857142857143,0.7967495987158908,0.03571428571428571,35.714285714285715,56,1,27,33,,,,,,,,,,,,,,,,,,,,,,,,,,,,,128.0,128.0,proportional,,True
threshold_priority,carpet,20260716,freqpatch_lite,90.0,19.0,19.0,,,,1412,542208,0.13980220899975393,0.995,0.9020866773675762,0.9697324408039222,0.9808594792950119,0.6028983726113113,2.070551872253418,0.05,19.0,19.0,True,0.05,0.8461538461538461,0.8461538461538461,0.9850746268656716,0.7415730337078652,0.9642857142857143,0.8529293739967898,0.03571428571428571,35.714285714285715,66,1,27,23,,,,,,,,,,,,,,,,,,,,,,,,,,,,,128.0,128.0,proportional,,True
threshold_priority,carpet,20260716,patchcore_lite,90.0,19.0,19.0,,,,1412,542208,0.13980220899975393,0.995,0.900481540930979,0.969001387419057,0.9808081617317104,0.5962148045977596,2.070551872253418,0.05,19.0,19.0,True,0.05,0.8387096774193549,0.8387096774193549,0.9848484848484849,0.7303370786516854,0.9642857142857143,0.8473113964686998,0.03571428571428571,35.714285714285715,65,1,27,24,,,,,,,,,,,,,,,,,,,,,,,,,,,,,128.0,128.0,proportional,,True
threshold_priority,grid,20260714,freqpatch_lite,90.0,19.0,19.0,,,,1412,542208,0.07553029100381536,0.995,0.5822890559732665,0.7742102258081354,0.8381481246672434,0.04958065103658825,1.4674415588378906,0.05,19.0,19.0,True,0.05,0.24242424242424243,0.24242424242424243,0.8888888888888888,0.14035087719298245,0.9523809523809523,0.5463659147869674,0.047619047619047616,47.61904761904761,8,1,20,49,,,,,,,,,,,,,,,,,,,,,,,,,,,,,128.0,128.0,proportional,,True
threshold_priority,grid,20260714,patchcore_lite,90.0,19.0,19.0,,,,1412,542208,0.07553029100381536,0.995,0.5822890559732665,0.7742102258081354,0.8381481756862493,0.04958139316388216,1.4674415588378906,0.05,19.0,19.0,True,0.05,0.24242424242424243,0.24242424242424243,0.8888888888888888,0.14035087719298245,0.9523809523809523,0.5463659147869674,0.047619047619047616,47.61904761904761,8,1,20,49,,,,,,,,,,,,,,,,,,,,,,,,,,,,,128.0,128.0,proportional,,True
threshold_priority,grid,20260715,freqpatch_lite,90.0,19.0,19.0,,,,1412,542208,0.11230558399984147,0.995,0.6148705096073517,0.7671171041921562,0.8441584122023162,0.045804242595202695,1.4035232067108154,0.05,19.0,19.0,True,0.05,0.2571428571428571,0.2571428571428571,0.6923076923076923,0.15789473684210525,0.8095238095238095,0.4837092731829574,0.19047619047619047,190.47619047619045,9,4,17,48,,,,,,,,,,,,,,,,,,,,,,,,,,,,,128.0,128.0,proportional,,True
threshold_priority,grid,20260715,patchcore_lite,90.0,19.0,19.0,,,,1412,542208,0.11230558399984147,0.995,0.6148705096073517,0.7671171041921562,0.8441586296793829,0.04581042498328499,1.4035232067108154,0.05,19.0,19.0,True,0.05,0.2571428571428571,0.2571428571428571,0.6923076923076923,0.15789473684210525,0.8095238095238095,0.4837092731829574,0.19047619047619047,190.47619047619045,9,4,17,48,,,,,,,,,,,,,,,,,,,,,,,,,,,,,128.0,128.0,proportional,,True
threshold_priority,grid,20260716,freqpatch_lite,90.0,19.0,19.0,,,,1412,542208,0.11073749999923166,0.995,0.5371762740183793,0.7610894021156963,0.831007051988457,0.038528312785711415,1.6531609296798706,0.05,19.0,19.0,True,0.05,0.06666666666666667,0.06666666666666667,0.6666666666666666,0.03508771929824561,0.9523809523809523,0.49373433583959897,0.047619047619047616,47.61904761904761,2,1,20,55,,,,,,,,,,,,,,,,,,,,,,,,,,,,,128.0,128.0,proportional,,True
threshold_priority,grid,20260716,patchcore_lite,90.0,19.0,19.0,,,,1412,542208,0.11073749999923166,0.995,0.5371762740183793,0.7610894021156963,0.8310058087565974,0.038497525834025444,1.6531609296798706,0.05,19.0,19.0,True,0.05,0.06666666666666667,0.06666666666666667,0.6666666666666666,0.03508771929824561,0.9523809523809523,0.49373433583959897,0.047619047619047616,47.61904761904761,2,1,20,55,,,,,,,,,,,,,,,,,,,,,,,,,,,,,128.0,128.0,proportional,,True
threshold_priority,hazelnut,20260714,freqpatch_lite,90.0,19.0,19.0,,,,1412,542208,0.21367366699996637,0.995,0.9853571428571429,0.9906672476584286,0.9791072492629267,0.5153473349342148,1.3386459350585938,0.05,19.0,19.0,True,0.05,0.8818897637795275,0.8818897637795275,0.9824561403508771,0.8,0.975,0.8875,0.025,25.0,56,1,39,14,,,,,,,,,,,,,,,,,,,,,,,,,,,,,128.0,128.0,proportional,,True
threshold_priority,hazelnut,20260714,patchcore_lite,90.0,19.0,19.0,,,,1412,542208,0.21367366699996637,0.995,0.9842857142857143,0.9898410621117462,0.9790283154247801,0.5073536679160646,1.3386459350585938,0.05,19.0,19.0,True,0.05,0.873015873015873,0.873015873015873,0.9821428571428571,0.7857142857142857,0.975,0.8803571428571428,0.025,25.0,55,1,39,15,,,,,,,,,,,,,,,,,,,,,,,,,,,,,128.0,128.0,proportional,,True
threshold_priority,hazelnut,20260715,freqpatch_lite,90.0,19.0,19.0,,,,1412,542208,0.10829391599691007,0.995,0.985,0.990776926814682,0.9777962732143797,0.5028588682654891,1.2269818782806396,0.05,19.0,19.0,True,0.05,0.9333333333333333,0.9333333333333333,0.9692307692307692,0.9,0.95,0.925,0.05,50.0,63,2,38,7,,,,,,,,,,,,,,,,,,,,,,,,,,,,,128.0,128.0,proportional,,True
threshold_priority,hazelnut,20260715,patchcore_lite,90.0,19.0,19.0,,,,1412,542208,0.10829391599691007,0.995,0.9842857142857143,0.9901753563992819,0.9777211293228707,0.4960144762725041,1.2269818782806396,0.05,19.0,19.0,True,0.05,0.9333333333333333,0.9333333333333333,0.9692307692307692,0.9,0.95,0.925,0.05,50.0,63,2,38,7,,,,,,,,,,,,,,,,,,,,,,,,,,,,,128.0,128.0,proportional,,True
threshold_priority,hazelnut,20260716,freqpatch_lite,90.0,19.0,19.0,,,,1412,542208,0.11194429200259037,0.995,0.9867857142857143,0.9912787792134402,0.9795452209578824,0.5228514610177429,1.2776877880096436,0.05,19.0,19.0,True,0.05,0.9242424242424242,0.9242424242424242,0.9838709677419355,0.8714285714285714,0.975,0.9232142857142858,0.025,25.0,61,1,39,9,,,,,,,,,,,,,,,,,,,,,,,,,,,,,128.0,128.0,proportional,,True
threshold_priority,hazelnut,20260716,patchcore_lite,90.0,19.0,19.0,,,,1412,542208,0.11194429200259037,0.995,0.9857142857142857,0.9902817419207217,0.9795159420201056,0.519711980406963,1.2776877880096436,0.05,19.0,19.0,True,0.05,0.9242424242424242,0.9242424242424242,0.9838709677419355,0.8714285714285714,0.975,0.9232142857142858,0.025,25.0,61,1,39,9,,,,,,,,,,,,,,,,,,,,,,,,,,,,,128.0,128.0,proportional,,True
threshold_priority,leather,20260714,freqpatch_lite,90.0,19.0,19.0,,,,1412,542208,0.2112116669959505,0.995,0.9983016304347826,0.9994026268418942,0.9924109222012416,0.4500713455877101,1.5214080810546875,0.05,19.0,19.0,True,0.05,0.9387755102040817,0.9387755102040817,0.8846153846153846,1.0,0.625,0.8125,0.375,375.0,92,12,20,0,,,,,,,,,,,,,,,,,,,,,,,,,,,,,128.0,128.0,proportional,,True
threshold_priority,leather,20260714,patchcore_lite,90.0,19.0,19.0,,,,1412,542208,0.2112116669959505,0.995,0.9989809782608696,0.9996455297350169,0.9920737669632818,0.43224342929524256,1.5214080810546875,0.05,19.0,19.0,True,0.05,0.9484536082474226,0.9484536082474226,0.9019607843137255,1.0,0.6875,0.84375,0.3125,312.5,92,10,22,0,,,,,,,,,,,,,,,,,,,,,,,,,,,,,128.0,128.0,proportional,,True
threshold_priority,leather,20260715,freqpatch_lite,90.0,19.0,19.0,,,,1412,542208,0.32711483300226973,0.995,0.9969429347826086,0.9989133909311705,0.9924353626458147,0.4515298597271499,1.8489446640014648,0.05,19.0,19.0,True,0.05,0.9735449735449735,0.9735449735449735,0.9484536082474226,1.0,0.84375,0.921875,0.15625,156.25,92,5,27,0,,,,,,,,,,,,,,,,,,,,,,,,,,,,,128.0,128.0,proportional,,True
threshold_priority,leather,20260715,patchcore_lite,90.0,19.0,19.0,,,,1412,542208,0.32711483300226973,0.995,0.998641304347826,0.999524756788157,0.9919572384049509,0.4295538074104914,1.8489446640014648,0.05,19.0,19.0,True,0.05,0.9735449735449735,0.9735449735449735,0.9484536082474226,1.0,0.84375,0.921875,0.15625,156.25,92,5,27,0,,,,,,,,,,,,,,,,,,,,,,,,,,,,,128.0,128.0,proportional,,True
threshold_priority,leather,20260716,freqpatch_lite,90.0,19.0,19.0,,,,1412,542208,0.11828012499609031,0.995,0.9955842391304348,0.9983925998169376,0.9924348872638284,0.44943940271797195,2.6691644191741943,0.05,19.0,19.0,True,0.05,0.9836065573770492,0.9836065573770492,0.989010989010989,0.9782608695652174,0.96875,0.9735054347826086,0.03125,31.25,90,1,31,2,,,,,,,,,,,,,,,,,,,,,,,,,,,,,128.0,128.0,proportional,,True
threshold_priority,leather,20260716,patchcore_lite,90.0,19.0,19.0,,,,1412,542208,0.11828012499609031,0.995,0.9966032608695652,0.998797784288489,0.9921249850800173,0.4335362079939817,2.6691644191741943,0.05,19.0,19.0,True,0.05,0.9836065573770492,0.9836065573770492,0.989010989010989,0.9782608695652174,0.96875,0.9735054347826086,0.03125,31.25,90,1,31,2,,,,,,,,,,,,,,,,,,,,,,,,,,,,,128.0,128.0,proportional,,True
threshold_priority,metal_nut,20260714,freqpatch_lite,90.0,19.0,19.0,,,,1412,542208,0.1873126670034253,0.995,0.9633431085043987,0.9921725407560418,0.9563007408770564,0.7382231006038166,1.381519079208374,0.05,19.0,19.0,True,0.05,0.9058823529411765,0.9058823529411765,1.0,0.8279569892473119,1.0,0.913978494623656,0.0,0.0,77,0,22,16,,,,,,,,,,,,,,,,,,,,,,,,,,,,,128.0,128.0,proportional,,True
threshold_priority,metal_nut,20260714,patchcore_lite,90.0,19.0,19.0,,,,1412,542208,0.1873126670034253,0.995,0.9633431085043987,0.9921725407560418,0.9563094665997867,0.7383938202653745,1.381519079208374,0.05,19.0,19.0,True,0.05,0.9058823529411765,0.9058823529411765,1.0,0.8279569892473119,1.0,0.913978494623656,0.0,0.0,77,0,22,16,,,,,,,,,,,,,,,,,,,,,,,,,,,,,128.0,128.0,proportional,,True
threshold_priority,metal_nut,20260715,freqpatch_lite,90.0,19.0,19.0,,,,1412,542208,0.1474813329987228,0.995,0.9433040078201369,0.9874417222142253,0.9546191407683832,0.7383268629360058,1.4692376852035522,0.05,19.0,19.0,True,0.05,0.8809523809523809,0.8809523809523809,0.9866666666666667,0.7956989247311828,0.9545454545454546,0.8751221896383187,0.045454545454545456,45.45454545454545,74,1,21,19,,,,,,,,,,,,,,,,,,,,,,,,,,,,,128.0,128.0,proportional,,True
threshold_priority,metal_nut,20260715,patchcore_lite,90.0,19.0,19.0,,,,1412,542208,0.1474813329987228,0.995,0.9433040078201369,0.9874417222142253,0.9546277847397913,0.7384877720862421,1.4692376852035522,0.05,19.0,19.0,True,0.05,0.8809523809523809,0.8809523809523809,0.9866666666666667,0.7956989247311828,0.9545454545454546,0.8751221896383187,0.045454545454545456,45.45454545454545,74,1,21,19,,,,,,,,,,,,,,,,,,,,,,,,,,,,,128.0,128.0,proportional,,True
threshold_priority,metal_nut,20260716,freqpatch_lite,90.0,19.0,19.0,,,,1412,542208,0.1497080410044873,0.995,0.9516129032258064,0.9893393351395563,0.9528444094425857,0.7419630459984103,1.4699290990829468,0.05,19.0,19.0,True,0.05,0.8727272727272727,0.8727272727272727,1.0,0.7741935483870968,1.0,0.8870967741935484,0.0,0.0,72,0,22,21,,,,,,,,,,,,,,,,,,,,,,,,,,,,,128.0,128.0,proportional,,True
threshold_priority,metal_nut,20260716,patchcore_lite,90.0,19.0,19.0,,,,1412,542208,0.1497080410044873,0.995,0.9516129032258064,0.9893393351395563,0.9528524843731039,0.7421458821316184,1.4699290990829468,0.05,19.0,19.0,True,0.05,0.8727272727272727,0.8727272727272727,1.0,0.7741935483870968,1.0,0.8870967741935484,0.0,0.0,72,0,22,21,,,,,,,,,,,,,,,,,,,,,,,,,,,,,128.0,128.0,proportional,,True
threshold_priority,pill,20260714,freqpatch_lite,90.0,19.0,19.0,,,,1412,542208,0.1454195409969543,0.995,0.8846153846153847,0.9773546142949371,0.9554117901196543,0.6146581680774046,1.5019925832748413,0.05,19.0,19.0,True,0.05,0.4919786096256685,0.4919786096256685,1.0,0.3262411347517731,1.0,0.6631205673758865,0.0,0.0,46,0,26,95,,,,,,,,,,,,,,,,,,,,,,,,,,,,,128.0,128.0,proportional,,True
threshold_priority,pill,20260714,patchcore_lite,90.0,19.0,19.0,,,,1412,542208,0.1454195409969543,0.995,0.8848881614839063,0.9774960478129384,0.9553636212434168,0.6116273426877443,1.478071689605713,0.05,19.0,19.0,True,0.05,0.4756756756756757,0.4756756756756757,1.0,0.3120567375886525,1.0,0.6560283687943262,0.0,0.0,44,0,26,97,,,,,,,,,,,,,,,,,,,,,,,,,,,,,128.0,128.0,proportional,,True
threshold_priority,pill,20260715,freqpatch_lite,90.0,19.0,19.0,,,,1412,542208,0.20799633300339337,0.995,0.8581560283687943,0.9718773663156253,0.9563154607575814,0.608314764963977,1.2848069667816162,0.05,19.0,19.0,True,0.05,0.6698113207547169,0.6698113207547169,1.0,0.5035460992907801,1.0,0.75177304964539,0.0,0.0,71,0,26,70,,,,,,,,,,,,,,,,,,,,,,,,,,,,,128.0,128.0,proportional,,True
threshold_priority,pill,20260715,patchcore_lite,90.0,19.0,19.0,,,,1412,542208,0.20799633300339337,0.995,0.8573376977632298,0.9716079848864517,0.9562710216346566,0.6055378457518986,1.2848069667816162,0.05,19.0,19.0,True,0.05,0.6698113207547169,0.6698113207547169,1.0,0.5035460992907801,1.0,0.75177304964539,0.0,0.0,71,0,26,70,,,,,,,,,,,,,,,,,,,,,,,,,,,,,128.0,128.0,proportional,,True
threshold_priority,pill,20260716,freqpatch_lite,90.0,19.0,19.0,,,,1412,542208,0.21674712499952875,0.995,0.8494271685761048,0.9691798031857185,0.9543201538937789,0.6114443571629791,1.4280401468276978,0.05,19.0,19.0,True,0.05,0.6442307692307693,0.6442307692307693,1.0,0.475177304964539,1.0,0.7375886524822695,0.0,0.0,67,0,26,74,,,,,,,,,,,,,,,,,,,,,,,,,,,,,128.0,128.0,proportional,,True
threshold_priority,pill,20260716,patchcore_lite,90.0,19.0,19.0,,,,1412,542208,0.21674712499952875,0.995,0.848063284233497,0.9687107340721532,0.9542204930985168,0.6058887357027392,1.3962194919586182,0.05,19.0,19.0,True,0.05,0.6442307692307693,0.6442307692307693,1.0,0.475177304964539,1.0,0.7375886524822695,0.0,0.0,67,0,26,74,,,,,,,,,,,,,,,,,,,,,,,,,,,,,128.0,128.0,proportional,,True
threshold_priority,screw,20260714,freqpatch_lite,90.0,19.0,19.0,,,,1412,542208,0.14125445800164016,0.995,0.42816150850584134,0.7204917729423224,0.9150202485146905,0.018589614593080516,1.5054415464401245,0.05,19.0,19.0,True,0.05,0.06504065040650407,0.06504065040650407,1.0,0.03361344537815126,1.0,0.5168067226890757,0.0,0.0,4,0,41,115,,,,,,,,,,,,,,,,,,,,,,,,,,,,,128.0,128.0,proportional,,True
threshold_priority,screw,20260714,patchcore_lite,90.0,19.0,19.0,,,,1412,542208,0.14125445800164016,0.995,0.4267267882762861,0.7199836428282878,0.9150204063351228,0.018589687970564272,1.5054415464401245,0.05,19.0,19.0,True,0.05,0.06504065040650407,0.06504065040650407,1.0,0.03361344537815126,1.0,0.5168067226890757,0.0,0.0,4,0,41,115,,,,,,,,,,,,,,,,,,,,,,,,,,,,,128.0,128.0,proportional,,True
threshold_priority,screw,20260715,freqpatch_lite,90.0,19.0,19.0,,,,1412,542208,0.13972108300367836,0.995,0.4613650338184055,0.7195664486847275,0.9139105244846127,0.019098687443766773,1.261528730392456,0.05,19.0,19.0,True,0.05,0.12121212121212122,0.12121212121212122,0.6153846153846154,0.06722689075630252,0.8780487804878049,0.4726378356220537,0.12195121951219512,121.95121951219512,8,5,36,111,,,,,,,,,,,,,,,,,,,,,,,,,,,,,128.0,128.0,proportional,,True
threshold_priority,screw,20260715,patchcore_lite,90.0,19.0,19.0,,,,1412,542208,0.13972108300367836,0.995,0.46156999385119907,0.7187044438037238,0.913908995936952,0.019087351069393455,1.261528730392456,0.05,19.0,19.0,True,0.05,0.12121212121212122,0.12121212121212122,0.6153846153846154,0.06722689075630252,0.8780487804878049,0.4726378356220537,0.12195121951219512,121.95121951219512,8,5,36,111,,,,,,,,,,,,,,,,,,,,,,,,,,,,,128.0,128.0,proportional,,True
threshold_priority,screw,20260716,freqpatch_lite,90.0,19.0,19.0,,,,1412,542208,0.20420212500175694,0.995,0.5827013732322197,0.7944839421086041,0.9167086839536891,0.021641018775658688,1.4264960289001465,0.05,19.0,19.0,True,0.05,0.12213740458015267,0.12213740458015267,0.6666666666666666,0.06722689075630252,0.9024390243902439,0.4848329575732732,0.0975609756097561,97.5609756097561,8,4,37,111,,,,,,,,,,,,,,,,,,,,,,,,,,,,,128.0,128.0,proportional,,True
threshold_priority,screw,20260716,patchcore_lite,90.0,19.0,19.0,,,,1412,542208,0.20420212500175694,0.995,0.582086493133839,0.7941371318180133,0.9167084200713896,0.02164127758968979,1.4264960289001465,0.05,19.0,19.0,True,0.05,0.12213740458015267,0.12213740458015267,0.6666666666666666,0.06722689075630252,0.9024390243902439,0.4848329575732732,0.0975609756097561,97.5609756097561,8,4,37,111,,,,,,,,,,,,,,,,,,,,,,,,,,,,,128.0,128.0,proportional,,True
threshold_priority,tile,20260714,freqpatch_lite,90.0,19.0,19.0,,,,1412,542208,0.11213308299920755,0.995,0.9372294372294373,0.9782945653912786,0.9214633976595865,0.44648511593284806,1.3584076166152954,0.05,19.0,19.0,True,0.05,0.9032258064516129,0.9032258064516129,0.9859154929577465,0.8333333333333334,0.9696969696969697,0.9015151515151516,0.030303030303030304,30.303030303030305,70,1,32,14,,,,,,,,,,,,,,,,,,,,,,,,,,,,,128.0,128.0,proportional,,True
threshold_priority,tile,20260714,patchcore_lite,90.0,19.0,19.0,,,,1412,542208,0.11213308299920755,0.995,0.9368686868686869,0.9781141902109034,0.9214739795240525,0.44714270521292404,1.3584076166152954,0.05,19.0,19.0,True,0.05,0.8961038961038961,0.8961038961038961,0.9857142857142858,0.8214285714285714,0.9696969696969697,0.8955627705627706,0.030303030303030304,30.303030303030305,69,1,32,15,,,,,,,,,,,,,,,,,,,,,,,,,,,,,128.0,128.0,proportional,,True
threshold_priority,tile,20260715,freqpatch_lite,90.0,19.0,19.0,,,,1412,542208,0.10957383299682988,0.995,0.9354256854256855,0.9767909437017275,0.9195270902119903,0.4315359600281118,1.4086174964904785,0.05,19.0,19.0,True,0.05,0.8741721854304636,0.8741721854304636,0.9850746268656716,0.7857142857142857,0.9696969696969697,0.8777056277056277,0.030303030303030304,30.303030303030305,66,1,32,18,,,,,,,,,,,,,,,,,,,,,,,,,,,,,128.0,128.0,proportional,,True
threshold_priority,tile,20260715,patchcore_lite,90.0,19.0,19.0,,,,1412,542208,0.10957383299682988,0.995,0.9347041847041847,0.9764653184526485,0.919544570533062,0.4316717602541142,1.3839627504348755,0.05,19.0,19.0,True,0.05,0.864516129032258,0.864516129032258,0.9436619718309859,0.7976190476190477,0.8787878787878788,0.8382034632034632,0.12121212121212122,121.21212121212122,67,4,29,17,,,,,,,,,,,,,,,,,,,,,,,,,,,,,128.0,128.0,proportional,,True
threshold_priority,tile,20260716,freqpatch_lite,90.0,19.0,19.0,,,,1412,542208,0.15846404199692188,0.995,0.9437229437229437,0.9805242588233949,0.9220026544028048,0.441795944569875,1.9366992712020874,0.05,19.0,19.0,True,0.05,0.8,0.8,1.0,0.6666666666666666,1.0,0.8333333333333333,0.0,0.0,56,0,33,28,,,,,,,,,,,,,,,,,,,,,,,,,,,,,128.0,128.0,proportional,,True
threshold_priority,tile,20260716,patchcore_lite,90.0,19.0,19.0,,,,1412,542208,0.15846404199692188,0.995,0.9415584415584416,0.9796910549948281,0.921977649744174,0.4417832569867262,1.9366992712020874,0.05,19.0,19.0,True,0.05,0.8,0.8,1.0,0.6666666666666666,1.0,0.8333333333333333,0.0,0.0,56,0,33,28,,,,,,,,,,,,,,,,,,,,,,,,,,,,,128.0,128.0,proportional,,True
threshold_priority,toothbrush,20260714,freqpatch_lite,42.0,9.0,9.0,,,,659,253056,0.02600562499719672,0.995,0.888888888888889,0.961061191700644,0.9800483334085553,0.45285771310860623,,0.05,9.0,10.0,False,0.1,0.0,0.0,0.0,0.0,1.0,0.5,0.0,0.0,0,0,12,30,,,,,,,,,,,,,,,,,,,,,,,,,,,,,128.0,60.0,proportional,,False
threshold_priority,toothbrush,20260714,patchcore_lite,42.0,9.0,9.0,,,,659,253056,0.02600562499719672,0.995,0.888888888888889,0.961061191700644,0.9802612505318817,0.4728607529626169,,0.05,9.0,10.0,False,0.1,0.0,0.0,0.0,0.0,1.0,0.5,0.0,0.0,0,0,12,30,,,,,,,,,,,,,,,,,,,,,,,,,,,,,128.0,60.0,proportional,,False
threshold_priority,toothbrush,20260715,freqpatch_lite,42.0,9.0,9.0,,,,659,253056,0.031511875000433065,0.995,0.9,0.9629329941384155,0.9809126927871292,0.46082166102247324,,0.05,9.0,10.0,False,0.1,0.0,0.0,0.0,0.0,1.0,0.5,0.0,0.0,0,0,12,30,,,,,,,,,,,,,,,,,,,,,,,,,,,,,128.0,60.0,proportional,,False
threshold_priority,toothbrush,20260715,patchcore_lite,42.0,9.0,9.0,,,,659,253056,0.031511875000433065,0.995,0.9,0.9629329941384155,0.9811734440422056,0.48600144392489986,,0.05,9.0,10.0,False,0.1,0.0,0.0,0.0,0.0,1.0,0.5,0.0,0.0,0,0,12,30,,,,,,,,,,,,,,,,,,,,,,,,,,,,,128.0,60.0,proportional,,False
threshold_priority,toothbrush,20260716,freqpatch_lite,42.0,9.0,9.0,,,,659,253056,0.027775416005169973,0.995,0.8777777777777778,0.9579700846367513,0.9797886129989509,0.4679327060933126,,0.05,9.0,10.0,False,0.1,0.0,0.0,0.0,0.0,1.0,0.5,0.0,0.0,0,0,12,30,,,,,,,,,,,,,,,,,,,,,,,,,,,,,128.0,60.0,proportional,,False
threshold_priority,toothbrush,20260716,patchcore_lite,42.0,9.0,9.0,,,,659,253056,0.027775416005169973,0.995,0.8777777777777778,0.9579700846367513,0.9800270403824125,0.49014891444432573,,0.05,9.0,10.0,False,0.1,0.0,0.0,0.0,0.0,1.0,0.5,0.0,0.0,0,0,12,30,,,,,,,,,,,,,,,,,,,,,,,,,,,,,128.0,60.0,proportional,,False
threshold_priority,transistor,20260714,freqpatch_lite,90.0,19.0,19.0,,,,1412,542208,0.09002195799985202,0.995,0.8820833333333333,0.8784379652876282,0.8648702892079159,0.4820429697472194,1.5184941291809082,0.05,19.0,19.0,True,0.05,0.7605633802816901,0.7605633802816901,0.8709677419354839,0.675,0.9333333333333333,0.8041666666666667,0.06666666666666667,66.66666666666667,27,4,56,13,,,,,,,,,,,,,,,,,,,,,,,,,,,,,128.0,128.0,proportional,,True
threshold_priority,transistor,20260714,patchcore_lite,90.0,19.0,19.0,,,,1412,542208,0.09002195799985202,0.995,0.8833333333333333,0.8791349250801287,0.8648800086468418,0.48219217410315485,1.5184941291809082,0.05,19.0,19.0,True,0.05,0.7605633802816901,0.7605633802816901,0.8709677419354839,0.675,0.9333333333333333,0.8041666666666667,0.06666666666666667,66.66666666666667,27,4,56,13,,,,,,,,,,,,,,,,,,,,,,,,,,,,,128.0,128.0,proportional,,True
threshold_priority,transistor,20260715,freqpatch_lite,90.0,19.0,19.0,,,,1412,542208,0.11767970800428884,0.995,0.90625,0.8917992299632733,0.865418184824549,0.49384981623138774,1.6327447891235352,0.05,19.0,19.0,True,0.05,0.7076923076923077,0.7076923076923077,0.92,0.575,0.9666666666666667,0.7708333333333333,0.03333333333333333,33.333333333333336,23,2,58,17,,,,,,,,,,,,,,,,,,,,,,,,,,,,,128.0,128.0,proportional,,True
threshold_priority,transistor,20260715,patchcore_lite,90.0,19.0,19.0,,,,1412,542208,0.11767970800428884,0.995,0.9079166666666665,0.8940311286973488,0.8654245239114453,0.49393813174109885,1.5471283197402954,0.05,19.0,19.0,True,0.05,0.6875,0.6875,0.9166666666666666,0.55,0.9666666666666667,0.7583333333333333,0.03333333333333333,33.333333333333336,22,2,58,18,,,,,,,,,,,,,,,,,,,,,,,,,,,,,128.0,128.0,proportional,,True
threshold_priority,transistor,20260716,freqpatch_lite,90.0,19.0,19.0,,,,1412,542208,0.1254594999991241,0.995,0.8833333333333333,0.8671057747079195,0.854951919366358,0.4772574587277758,1.2751054763793945,0.05,19.0,19.0,True,0.05,0.7948717948717948,0.7948717948717948,0.8157894736842105,0.775,0.8833333333333333,0.8291666666666666,0.11666666666666667,116.66666666666667,31,7,53,9,,,,,,,,,,,,,,,,,,,,,,,,,,,,,128.0,128.0,proportional,,True
threshold_priority,transistor,20260716,patchcore_lite,90.0,19.0,19.0,,,,1412,542208,0.1254594999991241,0.995,0.8841666666666668,0.8667523004713567,0.8549603327511623,0.4774395156305853,1.269327163696289,0.05,19.0,19.0,True,0.05,0.8051948051948052,0.8051948051948052,0.8378378378378378,0.775,0.9,0.8375,0.1,100.0,31,6,54,9,,,,,,,,,,,,,,,,,,,,,,,,,,,,,128.0,128.0,proportional,,True
threshold_priority,wood,20260714,freqpatch_lite,90.0,19.0,19.0,,,,1412,542208,0.08013370899425354,0.995,0.9903508771929824,0.9970361910923037,0.9357304564707964,0.437632045977066,1.6877727508544922,0.05,19.0,19.0,True,0.05,0.9666666666666667,0.9666666666666667,0.9666666666666667,0.9666666666666667,0.8947368421052632,0.9307017543859649,0.10526315789473684,105.26315789473684,58,2,17,2,,,,,,,,,,,,,,,,,,,,,,,,,,,,,128.0,128.0,proportional,,True
threshold_priority,wood,20260714,patchcore_lite,90.0,19.0,19.0,,,,1412,542208,0.08013370899425354,0.995,0.9894736842105263,0.9967761875668322,0.9356287515886862,0.43539763050060104,1.6877727508544922,0.05,19.0,19.0,True,0.05,0.9666666666666667,0.9666666666666667,0.9666666666666667,0.9666666666666667,0.8947368421052632,0.9307017543859649,0.10526315789473684,105.26315789473684,58,2,17,2,,,,,,,,,,,,,,,,,,,,,,,,,,,,,128.0,128.0,proportional,,True
threshold_priority,wood,20260715,freqpatch_lite,90.0,19.0,19.0,,,,1412,542208,0.07993149999674642,0.995,0.9894736842105263,0.9970725995316159,0.9341163327804055,0.44443801438939545,1.7056198120117188,0.05,19.0,19.0,True,0.05,0.9672131147540983,0.9672131147540983,0.9516129032258065,0.9833333333333333,0.8421052631578947,0.912719298245614,0.15789473684210525,157.89473684210526,59,3,16,1,,,,,,,,,,,,,,,,,,,,,,,,,,,,,128.0,128.0,proportional,,True
threshold_priority,wood,20260715,patchcore_lite,90.0,19.0,19.0,,,,1412,542208,0.07993149999674642,0.995,0.987719298245614,0.9965170439760603,0.9338279575565005,0.4397564278119997,1.7056198120117188,0.05,19.0,19.0,True,0.05,0.9672131147540983,0.9672131147540983,0.9516129032258065,0.9833333333333333,0.8421052631578947,0.912719298245614,0.15789473684210525,157.89473684210526,59,3,16,1,,,,,,,,,,,,,,,,,,,,,,,,,,,,,128.0,128.0,proportional,,True
threshold_priority,wood,20260716,freqpatch_lite,90.0,19.0,19.0,,,,1412,542208,0.07920645900594536,0.995,0.9894736842105263,0.9968161570135812,0.9332772539779635,0.4354683785999653,1.841024398803711,0.05,19.0,19.0,True,0.05,0.9672131147540983,0.9672131147540983,0.9516129032258065,0.9833333333333333,0.8421052631578947,0.912719298245614,0.15789473684210525,157.89473684210526,59,3,16,1,,,,,,,,,,,,,,,,,,,,,,,,,,,,,128.0,128.0,proportional,,True
threshold_priority,wood,20260716,patchcore_lite,90.0,19.0,19.0,,,,1412,542208,0.07920645900594536,0.995,0.9885964912280701,0.9965644075682834,0.9330714385720495,0.43193392460487484,1.82594633102417,0.05,19.0,19.0,True,0.05,0.9508196721311475,0.9508196721311475,0.9354838709677419,0.9666666666666667,0.7894736842105263,0.8780701754385964,0.21052631578947367,210.52631578947367,58,4,15,2,,,,,,,,,,,,,,,,,,,,,,,,,,,,,128.0,128.0,proportional,,True
threshold_priority,zipper,20260714,freqpatch_lite,90.0,19.0,19.0,,,,1412,542208,0.17998420799995074,0.995,0.8521533613445379,0.9362320348801682,0.9560475015237437,0.34232719947589985,2.3596484661102295,0.05,19.0,19.0,True,0.05,0.5357142857142857,0.5357142857142857,0.9183673469387755,0.37815126050420167,0.875,0.6265756302521008,0.125,125.0,45,4,28,74,,,,,,,,,,,,,,,,,,,,,,,,,,,,,128.0,128.0,proportional,,True
threshold_priority,zipper,20260714,patchcore_lite,90.0,19.0,19.0,,,,1412,542208,0.17998420799995074,0.995,0.8581932773109243,0.9415858756525686,0.956076610498862,0.34619077705190854,2.3596484661102295,0.05,19.0,19.0,True,0.05,0.5269461077844312,0.5269461077844312,0.9166666666666666,0.3697478991596639,0.875,0.6223739495798319,0.125,125.0,44,4,28,75,,,,,,,,,,,,,,,,,,,,,,,,,,,,,128.0,128.0,proportional,,True
threshold_priority,zipper,20260715,freqpatch_lite,90.0,19.0,19.0,,,,1412,542208,0.1239735830022255,0.995,0.8206407563025211,0.8995571744034325,0.9578020185796627,0.33704411408815677,3.6613106727600098,0.05,19.0,19.0,True,0.05,0.13846153846153847,0.13846153846153847,0.8181818181818182,0.07563025210084033,0.9375,0.5065651260504201,0.0625,62.5,9,2,30,110,,,,,,,,,,,,,,,,,,,,,,,,,,,,,128.0,128.0,proportional,,True
threshold_priority,zipper,20260715,patchcore_lite,90.0,19.0,19.0,,,,1412,542208,0.1239735830022255,0.995,0.8193277310924371,0.9010337538768911,0.9578318507243146,0.33992533654278395,3.42751407623291,0.05,19.0,19.0,True,0.05,0.12403100775193798,0.12403100775193798,0.8,0.06722689075630252,0.9375,0.5023634453781513,0.0625,62.5,8,2,30,111,,,,,,,,,,,,,,,,,,,,,,,,,,,,,128.0,128.0,proportional,,True
threshold_priority,zipper,20260716,freqpatch_lite,90.0,19.0,19.0,,,,1412,542208,0.12195445799443405,0.995,0.8595063025210085,0.9356304911595753,0.9572618003242315,0.35302908533710153,2.770040273666382,0.05,19.0,19.0,True,0.05,0.37333333333333335,0.37333333333333335,0.9032258064516129,0.23529411764705882,0.90625,0.5707720588235294,0.09375,93.75,28,3,29,91,,,,,,,,,,,,,,,,,,,,,,,,,,,,,128.0,128.0,proportional,,True
threshold_priority,zipper,20260716,patchcore_lite,90.0,19.0,19.0,,,,1412,542208,0.12195445799443405,0.995,0.8629201680672269,0.9394950852190216,0.9572995605560672,0.3580313333339504,2.770040273666382,0.05,19.0,19.0,True,0.05,0.36486486486486486,0.36486486486486486,0.9310344827586207,0.226890756302521,0.9375,0.5821953781512605,0.0625,62.5,27,2,30,92,,,,,,,,,,,,,,,,,,,,,,,,,,,,,128.0,128.0,proportional,,True
threshold_priority,bottle,20260714,freqpatch_lite,90.0,19.0,19.0,,,,1412,542208,0.08251479099999415,0.995,0.9976190476190475,0.9992596468786945,0.9832689348404344,0.7353864196400638,3.094452142715454,0.05,19.0,19.0,True,0.05,0.95,0.95,1.0,0.9047619047619048,1.0,0.9523809523809523,0.0,0.0,57,0,20,6,,,,,,,,,,,,,,,,,,,,,,,,,,,,,128.0,128.0,threshold_prioritized,19.0,True
threshold_priority,bottle,20260714,patchcore_lite,90.0,19.0,19.0,,,,1412,542208,0.08251479099999415,0.995,0.9976190476190475,0.9992596468786945,0.9828216956059224,0.7273506842526355,2.9658408164978027,0.05,19.0,19.0,True,0.05,0.9411764705882353,0.9411764705882353,1.0,0.8888888888888888,1.0,0.9444444444444444,0.0,0.0,56,0,20,7,,,,,,,,,,,,,,,,,,,,,,,,,,,,,128.0,128.0,threshold_prioritized,19.0,True
threshold_priority,bottle,20260715,freqpatch_lite,90.0,19.0,19.0,,,,1412,542208,0.12017220899724634,0.995,0.9976190476190476,0.9992440151090305,0.9834596976006107,0.7344222495461608,2.3423120975494385,0.05,19.0,19.0,True,0.05,0.967741935483871,0.967741935483871,0.9836065573770492,0.9523809523809523,0.95,0.9511904761904761,0.05,50.0,60,1,19,3,,,,,,,,,,,,,,,,,,,,,,,,,,,,,128.0,128.0,threshold_prioritized,19.0,True
threshold_priority,bottle,20260715,patchcore_lite,90.0,19.0,19.0,,,,1412,542208,0.12017220899724634,0.995,0.9976190476190476,0.9992440151090305,0.9831177605632199,0.7279501251993239,2.3423120975494385,0.05,19.0,19.0,True,0.05,0.967741935483871,0.967741935483871,0.9836065573770492,0.9523809523809523,0.95,0.9511904761904761,0.05,50.0,60,1,19,3,,,,,,,,,,,,,,,,,,,,,,,,,,,,,128.0,128.0,threshold_prioritized,19.0,True
threshold_priority,bottle,20260716,freqpatch_lite,90.0,19.0,19.0,,,,1412,542208,0.11718099999416154,0.995,0.9968253968253967,0.9990036304936458,0.9834146860476802,0.733990330671708,3.345043659210205,0.05,19.0,19.0,True,0.05,0.9586776859504132,0.9586776859504132,1.0,0.9206349206349206,1.0,0.9603174603174602,0.0,0.0,58,0,20,5,,,,,,,,,,,,,,,,,,,,,,,,,,,,,128.0,128.0,threshold_prioritized,19.0,True
threshold_priority,bottle,20260716,patchcore_lite,90.0,19.0,19.0,,,,1412,542208,0.11718099999416154,0.995,0.9976190476190475,0.9992596468786945,0.9828547742094274,0.7240582032091964,3.345043659210205,0.05,19.0,19.0,True,0.05,0.9411764705882353,0.9411764705882353,1.0,0.8888888888888888,1.0,0.9444444444444444,0.0,0.0,56,0,20,7,,,,,,,,,,,,,,,,,,,,,,,,,,,,,128.0,128.0,threshold_prioritized,19.0,True
threshold_priority,cable,20260714,freqpatch_lite,90.0,19.0,19.0,,,,1412,542208,0.18572908300120616,0.995,0.9302848575712145,0.9569526703325142,0.9717612512801265,0.6404155541687129,1.6265687942504883,0.05,19.0,19.0,True,0.05,0.656934306569343,0.656934306569343,1.0,0.4891304347826087,1.0,0.7445652173913043,0.0,0.0,45,0,58,47,,,,,,,,,,,,,,,,,,,,,,,,,,,,,128.0,128.0,threshold_prioritized,19.0,True
threshold_priority,cable,20260714,patchcore_lite,90.0,19.0,19.0,,,,1412,542208,0.18572908300120616,0.995,0.9306596701649176,0.9569962082751299,0.9717724089846983,0.6427566753641142,1.5637233257293701,0.05,19.0,19.0,True,0.05,0.676056338028169,0.676056338028169,0.96,0.5217391304347826,0.9655172413793104,0.7436281859070465,0.034482758620689655,34.48275862068965,48,2,56,44,,,,,,,,,,,,,,,,,,,,,,,,,,,,,128.0,128.0,threshold_prioritized,19.0,True
threshold_priority,cable,20260715,freqpatch_lite,90.0,19.0,19.0,,,,1412,542208,0.1330560000060359,0.995,0.9248500749625188,0.9600366220145977,0.9707031486443389,0.634681275841002,1.4730950593948364,0.05,19.0,19.0,True,0.05,0.8227848101265823,0.8227848101265823,0.9848484848484849,0.7065217391304348,0.9827586206896551,0.8446401799100449,0.017241379310344827,17.241379310344826,65,1,57,27,,,,,,,,,,,,,,,,,,,,,,,,,,,,,128.0,128.0,threshold_prioritized,19.0,True
threshold_priority,cable,20260715,patchcore_lite,90.0,19.0,19.0,,,,1412,542208,0.1330560000060359,0.995,0.9254122938530736,0.9603502527992095,0.9707094987941725,0.6369835656147218,1.4730950593948364,0.05,19.0,19.0,True,0.05,0.8227848101265823,0.8227848101265823,0.9848484848484849,0.7065217391304348,0.9827586206896551,0.8446401799100449,0.017241379310344827,17.241379310344826,65,1,57,27,,,,,,,,,,,,,,,,,,,,,,,,,,,,,128.0,128.0,threshold_prioritized,19.0,True
threshold_priority,cable,20260716,freqpatch_lite,90.0,19.0,19.0,,,,1412,542208,0.1346244999949704,0.995,0.9375937031484257,0.9641002656368788,0.9730291883042954,0.6492940263114236,1.2638102769851685,0.05,19.0,19.0,True,0.05,0.8554913294797688,0.8554913294797688,0.9135802469135802,0.8043478260869565,0.8793103448275862,0.8418290854572714,0.1206896551724138,120.6896551724138,74,7,51,18,,,,,,,,,,,,,,,,,,,,,,,,,,,,,128.0,128.0,threshold_prioritized,19.0,True
threshold_priority,cable,20260716,patchcore_lite,90.0,19.0,19.0,,,,1412,542208,0.1346244999949704,0.995,0.9368440779610194,0.9636982754766529,0.9730345028331524,0.6511543007883045,1.2638102769851685,0.05,19.0,19.0,True,0.05,0.8554913294797688,0.8554913294797688,0.9135802469135802,0.8043478260869565,0.8793103448275862,0.8418290854572714,0.1206896551724138,120.6896551724138,74,7,51,18,,,,,,,,,,,,,,,,,,,,,,,,,,,,,128.0,128.0,threshold_prioritized,19.0,True
threshold_priority,capsule,20260714,freqpatch_lite,90.0,19.0,19.0,,,,1412,542208,0.1863675830027205,0.995,0.7423214998005585,0.9249072500980985,0.9728992762744748,0.31121479426950893,1.643121361732483,0.05,19.0,19.0,True,0.05,0.3609022556390977,0.3609022556390977,1.0,0.22018348623853212,1.0,0.6100917431192661,0.0,0.0,24,0,23,85,,,,,,,,,,,,,,,,,,,,,,,,,,,,,128.0,128.0,threshold_prioritized,19.0,True
threshold_priority,capsule,20260714,patchcore_lite,90.0,19.0,19.0,,,,1412,542208,0.1863675830027205,0.995,0.7455125648185081,0.9262503731503332,0.9729186207618674,0.3125042559355846,1.478322982788086,0.05,19.0,19.0,True,0.05,0.391304347826087,0.391304347826087,0.9310344827586207,0.24770642201834864,0.9130434782608695,0.580374950139609,0.08695652173913043,86.95652173913044,27,2,21,82,,,,,,,,,,,,,,,,,,,,,,,,,,,,,128.0,128.0,threshold_prioritized,19.0,True
threshold_priority,capsule,20260715,freqpatch_lite,90.0,19.0,19.0,,,,1412,542208,0.20700937500077998,0.995,0.7666533705624251,0.9315720302754479,0.9738491842733925,0.32985749995438524,4.048252582550049,0.05,19.0,19.0,True,0.05,0.036036036036036036,0.036036036036036036,1.0,0.01834862385321101,1.0,0.5091743119266054,0.0,0.0,2,0,23,107,,,,,,,,,,,,,,,,,,,,,,,,,,,,,128.0,128.0,threshold_prioritized,19.0,True
threshold_priority,capsule,20260715,patchcore_lite,90.0,19.0,19.0,,,,1412,542208,0.20700937500077998,0.995,0.7666533705624252,0.9315754082324087,0.9739265991859989,0.3329895965442376,3.784287214279175,0.05,19.0,19.0,True,0.05,0.07079646017699115,0.07079646017699115,1.0,0.03669724770642202,1.0,0.518348623853211,0.0,0.0,4,0,23,105,,,,,,,,,,,,,,,,,,,,,,,,,,,,,128.0,128.0,threshold_prioritized,19.0,True
threshold_priority,capsule,20260716,freqpatch_lite,90.0,19.0,19.0,,,,1412,542208,0.14669662500091363,0.995,0.7403270841643399,0.9249934959996773,0.9731228923462654,0.30939923396617725,1.6842395067214966,0.05,19.0,19.0,True,0.05,0.42857142857142855,0.42857142857142855,0.967741935483871,0.27522935779816515,0.9565217391304348,0.6158755484642999,0.043478260869565216,43.47826086956522,30,1,22,79,,,,,,,,,,,,,,,,,,,,,,,,,,,,,128.0,128.0,threshold_prioritized,19.0,True
threshold_priority,capsule,20260716,patchcore_lite,90.0,19.0,19.0,,,,1412,542208,0.14669662500091363,0.995,0.7423214998005585,0.9260507829244762,0.9731807010833784,0.31322524260537,1.5162746906280518,0.05,19.0,19.0,True,0.05,0.4827586206896552,0.4827586206896552,0.9722222222222222,0.3211009174311927,0.9565217391304348,0.6388113282808138,0.043478260869565216,43.47826086956522,35,1,22,74,,,,,,,,,,,,,,,,,,,,,,,,,,,,,128.0,128.0,threshold_prioritized,19.0,True
threshold_priority,carpet,20260714,freqpatch_lite,90.0,19.0,19.0,,,,1412,542208,0.1629254579966073,0.995,0.9173354735152487,0.9733839610548208,0.9818246323838566,0.6194068500140751,1.4532177448272705,0.05,19.0,19.0,True,0.05,0.9060773480662984,0.9060773480662984,0.8913043478260869,0.9213483146067416,0.6428571428571429,0.7821027287319422,0.35714285714285715,357.14285714285717,82,10,18,7,,,,,,,,,,,,,,,,,,,,,,,,,,,,,128.0,128.0,threshold_prioritized,19.0,True
threshold_priority,carpet,20260714,patchcore_lite,90.0,19.0,19.0,,,,1412,542208,0.1629254579966073,0.995,0.9173354735152488,0.9731711307458947,0.9817746220596809,0.6128441290483424,1.4532177448272705,0.05,19.0,19.0,True,0.05,0.9060773480662984,0.9060773480662984,0.8913043478260869,0.9213483146067416,0.6428571428571429,0.7821027287319422,0.35714285714285715,357.14285714285717,82,10,18,7,,,,,,,,,,,,,,,,,,,,,,,,,,,,,128.0,128.0,threshold_prioritized,19.0,True
threshold_priority,carpet,20260715,freqpatch_lite,90.0,19.0,19.0,,,,1412,542208,0.18458325000392506,0.995,0.9197431781701443,0.9748970676319131,0.9816680567634947,0.5978668851586695,2.531132459640503,0.05,19.0,19.0,True,0.05,0.7837837837837838,0.7837837837837838,0.9830508474576272,0.651685393258427,0.9642857142857143,0.8079855537720706,0.03571428571428571,35.714285714285715,58,1,27,31,,,,,,,,,,,,,,,,,,,,,,,,,,,,,128.0,128.0,threshold_prioritized,19.0,True
threshold_priority,carpet,20260715,patchcore_lite,90.0,19.0,19.0,,,,1412,542208,0.18458325000392506,0.995,0.9193418940609951,0.974623019947616,0.9816384473098468,0.5921608253878532,2.531132459640503,0.05,19.0,19.0,True,0.05,0.7671232876712328,0.7671232876712328,0.9824561403508771,0.6292134831460674,0.9642857142857143,0.7967495987158908,0.03571428571428571,35.714285714285715,56,1,27,33,,,,,,,,,,,,,,,,,,,,,,,,,,,,,128.0,128.0,threshold_prioritized,19.0,True
threshold_priority,carpet,20260716,freqpatch_lite,90.0,19.0,19.0,,,,1412,542208,0.11812274999829242,0.995,0.9020866773675762,0.9697324408039222,0.9808594792950119,0.6028983726113113,2.070551872253418,0.05,19.0,19.0,True,0.05,0.8461538461538461,0.8461538461538461,0.9850746268656716,0.7415730337078652,0.9642857142857143,0.8529293739967898,0.03571428571428571,35.714285714285715,66,1,27,23,,,,,,,,,,,,,,,,,,,,,,,,,,,,,128.0,128.0,threshold_prioritized,19.0,True
threshold_priority,carpet,20260716,patchcore_lite,90.0,19.0,19.0,,,,1412,542208,0.11812274999829242,0.995,0.900481540930979,0.969001387419057,0.9808081617317104,0.5962148045977596,2.070551872253418,0.05,19.0,19.0,True,0.05,0.8387096774193549,0.8387096774193549,0.9848484848484849,0.7303370786516854,0.9642857142857143,0.8473113964686998,0.03571428571428571,35.714285714285715,65,1,27,24,,,,,,,,,,,,,,,,,,,,,,,,,,,,,128.0,128.0,threshold_prioritized,19.0,True
threshold_priority,grid,20260714,freqpatch_lite,90.0,19.0,19.0,,,,1412,542208,0.07796266700461274,0.995,0.5822890559732665,0.7742102258081354,0.8381481246672434,0.04958065103658825,1.4674415588378906,0.05,19.0,19.0,True,0.05,0.24242424242424243,0.24242424242424243,0.8888888888888888,0.14035087719298245,0.9523809523809523,0.5463659147869674,0.047619047619047616,47.61904761904761,8,1,20,49,,,,,,,,,,,,,,,,,,,,,,,,,,,,,128.0,128.0,threshold_prioritized,19.0,True
threshold_priority,grid,20260714,patchcore_lite,90.0,19.0,19.0,,,,1412,542208,0.07796266700461274,0.995,0.5822890559732665,0.7742102258081354,0.8381481756862493,0.04958139316388216,1.4674415588378906,0.05,19.0,19.0,True,0.05,0.24242424242424243,0.24242424242424243,0.8888888888888888,0.14035087719298245,0.9523809523809523,0.5463659147869674,0.047619047619047616,47.61904761904761,8,1,20,49,,,,,,,,,,,,,,,,,,,,,,,,,,,,,128.0,128.0,threshold_prioritized,19.0,True
threshold_priority,grid,20260715,freqpatch_lite,90.0,19.0,19.0,,,,1412,542208,0.18924887500179466,0.995,0.6148705096073517,0.7671171041921562,0.8441584122023162,0.045804242595202695,1.4035232067108154,0.05,19.0,19.0,True,0.05,0.2571428571428571,0.2571428571428571,0.6923076923076923,0.15789473684210525,0.8095238095238095,0.4837092731829574,0.19047619047619047,190.47619047619045,9,4,17,48,,,,,,,,,,,,,,,,,,,,,,,,,,,,,128.0,128.0,threshold_prioritized,19.0,True
threshold_priority,grid,20260715,patchcore_lite,90.0,19.0,19.0,,,,1412,542208,0.18924887500179466,0.995,0.6148705096073517,0.7671171041921562,0.8441586296793829,0.04581042498328499,1.4035232067108154,0.05,19.0,19.0,True,0.05,0.2571428571428571,0.2571428571428571,0.6923076923076923,0.15789473684210525,0.8095238095238095,0.4837092731829574,0.19047619047619047,190.47619047619045,9,4,17,48,,,,,,,,,,,,,,,,,,,,,,,,,,,,,128.0,128.0,threshold_prioritized,19.0,True
threshold_priority,grid,20260716,freqpatch_lite,90.0,19.0,19.0,,,,1412,542208,0.11233374999574153,0.995,0.5371762740183793,0.7610894021156963,0.831007051988457,0.038528312785711415,1.6531609296798706,0.05,19.0,19.0,True,0.05,0.06666666666666667,0.06666666666666667,0.6666666666666666,0.03508771929824561,0.9523809523809523,0.49373433583959897,0.047619047619047616,47.61904761904761,2,1,20,55,,,,,,,,,,,,,,,,,,,,,,,,,,,,,128.0,128.0,threshold_prioritized,19.0,True
threshold_priority,grid,20260716,patchcore_lite,90.0,19.0,19.0,,,,1412,542208,0.11233374999574153,0.995,0.5371762740183793,0.7610894021156963,0.8310058087565974,0.038497525834025444,1.6531609296798706,0.05,19.0,19.0,True,0.05,0.06666666666666667,0.06666666666666667,0.6666666666666666,0.03508771929824561,0.9523809523809523,0.49373433583959897,0.047619047619047616,47.61904761904761,2,1,20,55,,,,,,,,,,,,,,,,,,,,,,,,,,,,,128.0,128.0,threshold_prioritized,19.0,True
threshold_priority,hazelnut,20260714,freqpatch_lite,90.0,19.0,19.0,,,,1412,542208,0.15523983399907593,0.995,0.9853571428571429,0.9906672476584286,0.9791072492629267,0.5153473349342148,1.3386459350585938,0.05,19.0,19.0,True,0.05,0.8818897637795275,0.8818897637795275,0.9824561403508771,0.8,0.975,0.8875,0.025,25.0,56,1,39,14,,,,,,,,,,,,,,,,,,,,,,,,,,,,,128.0,128.0,threshold_prioritized,19.0,True
threshold_priority,hazelnut,20260714,patchcore_lite,90.0,19.0,19.0,,,,1412,542208,0.15523983399907593,0.995,0.9842857142857143,0.9898410621117462,0.9790283154247801,0.5073536679160646,1.3386459350585938,0.05,19.0,19.0,True,0.05,0.873015873015873,0.873015873015873,0.9821428571428571,0.7857142857142857,0.975,0.8803571428571428,0.025,25.0,55,1,39,15,,,,,,,,,,,,,,,,,,,,,,,,,,,,,128.0,128.0,threshold_prioritized,19.0,True
threshold_priority,hazelnut,20260715,freqpatch_lite,90.0,19.0,19.0,,,,1412,542208,0.10481141600030242,0.995,0.985,0.990776926814682,0.9777962732143797,0.5028588682654891,1.2269818782806396,0.05,19.0,19.0,True,0.05,0.9333333333333333,0.9333333333333333,0.9692307692307692,0.9,0.95,0.925,0.05,50.0,63,2,38,7,,,,,,,,,,,,,,,,,,,,,,,,,,,,,128.0,128.0,threshold_prioritized,19.0,True
threshold_priority,hazelnut,20260715,patchcore_lite,90.0,19.0,19.0,,,,1412,542208,0.10481141600030242,0.995,0.9842857142857143,0.9901753563992819,0.9777211293228707,0.4960144762725041,1.2269818782806396,0.05,19.0,19.0,True,0.05,0.9333333333333333,0.9333333333333333,0.9692307692307692,0.9,0.95,0.925,0.05,50.0,63,2,38,7,,,,,,,,,,,,,,,,,,,,,,,,,,,,,128.0,128.0,threshold_prioritized,19.0,True
threshold_priority,hazelnut,20260716,freqpatch_lite,90.0,19.0,19.0,,,,1412,542208,0.11002670800371561,0.995,0.9867857142857143,0.9912787792134402,0.9795452209578824,0.5228514610177429,1.2776877880096436,0.05,19.0,19.0,True,0.05,0.9242424242424242,0.9242424242424242,0.9838709677419355,0.8714285714285714,0.975,0.9232142857142858,0.025,25.0,61,1,39,9,,,,,,,,,,,,,,,,,,,,,,,,,,,,,128.0,128.0,threshold_prioritized,19.0,True
threshold_priority,hazelnut,20260716,patchcore_lite,90.0,19.0,19.0,,,,1412,542208,0.11002670800371561,0.995,0.9857142857142857,0.9902817419207217,0.9795159420201056,0.519711980406963,1.2776877880096436,0.05,19.0,19.0,True,0.05,0.9242424242424242,0.9242424242424242,0.9838709677419355,0.8714285714285714,0.975,0.9232142857142858,0.025,25.0,61,1,39,9,,,,,,,,,,,,,,,,,,,,,,,,,,,,,128.0,128.0,threshold_prioritized,19.0,True
threshold_priority,leather,20260714,freqpatch_lite,90.0,19.0,19.0,,,,1412,542208,0.20135362500150222,0.995,0.9983016304347826,0.9994026268418942,0.9924109222012416,0.4500713455877101,1.5214080810546875,0.05,19.0,19.0,True,0.05,0.9387755102040817,0.9387755102040817,0.8846153846153846,1.0,0.625,0.8125,0.375,375.0,92,12,20,0,,,,,,,,,,,,,,,,,,,,,,,,,,,,,128.0,128.0,threshold_prioritized,19.0,True
threshold_priority,leather,20260714,patchcore_lite,90.0,19.0,19.0,,,,1412,542208,0.20135362500150222,0.995,0.9989809782608696,0.9996455297350169,0.9920737669632818,0.43224342929524256,1.5214080810546875,0.05,19.0,19.0,True,0.05,0.9484536082474226,0.9484536082474226,0.9019607843137255,1.0,0.6875,0.84375,0.3125,312.5,92,10,22,0,,,,,,,,,,,,,,,,,,,,,,,,,,,,,128.0,128.0,threshold_prioritized,19.0,True
threshold_priority,leather,20260715,freqpatch_lite,90.0,19.0,19.0,,,,1412,542208,0.11533933399914531,0.995,0.9969429347826086,0.9989133909311705,0.9924353626458147,0.4515298597271499,1.8489446640014648,0.05,19.0,19.0,True,0.05,0.9735449735449735,0.9735449735449735,0.9484536082474226,1.0,0.84375,0.921875,0.15625,156.25,92,5,27,0,,,,,,,,,,,,,,,,,,,,,,,,,,,,,128.0,128.0,threshold_prioritized,19.0,True
threshold_priority,leather,20260715,patchcore_lite,90.0,19.0,19.0,,,,1412,542208,0.11533933399914531,0.995,0.998641304347826,0.999524756788157,0.9919572384049509,0.4295538074104914,1.8489446640014648,0.05,19.0,19.0,True,0.05,0.9735449735449735,0.9735449735449735,0.9484536082474226,1.0,0.84375,0.921875,0.15625,156.25,92,5,27,0,,,,,,,,,,,,,,,,,,,,,,,,,,,,,128.0,128.0,threshold_prioritized,19.0,True
threshold_priority,leather,20260716,freqpatch_lite,90.0,19.0,19.0,,,,1412,542208,0.1143293339991942,0.995,0.9955842391304348,0.9983925998169376,0.9924348872638284,0.44943940271797195,2.6691644191741943,0.05,19.0,19.0,True,0.05,0.9836065573770492,0.9836065573770492,0.989010989010989,0.9782608695652174,0.96875,0.9735054347826086,0.03125,31.25,90,1,31,2,,,,,,,,,,,,,,,,,,,,,,,,,,,,,128.0,128.0,threshold_prioritized,19.0,True
threshold_priority,leather,20260716,patchcore_lite,90.0,19.0,19.0,,,,1412,542208,0.1143293339991942,0.995,0.9966032608695652,0.998797784288489,0.9921249850800173,0.4335362079939817,2.6691644191741943,0.05,19.0,19.0,True,0.05,0.9836065573770492,0.9836065573770492,0.989010989010989,0.9782608695652174,0.96875,0.9735054347826086,0.03125,31.25,90,1,31,2,,,,,,,,,,,,,,,,,,,,,,,,,,,,,128.0,128.0,threshold_prioritized,19.0,True
threshold_priority,metal_nut,20260714,freqpatch_lite,90.0,19.0,19.0,,,,1412,542208,0.14529495799797587,0.995,0.9633431085043987,0.9921725407560418,0.9563007408770564,0.7382231006038166,1.381519079208374,0.05,19.0,19.0,True,0.05,0.9058823529411765,0.9058823529411765,1.0,0.8279569892473119,1.0,0.913978494623656,0.0,0.0,77,0,22,16,,,,,,,,,,,,,,,,,,,,,,,,,,,,,128.0,128.0,threshold_prioritized,19.0,True
threshold_priority,metal_nut,20260714,patchcore_lite,90.0,19.0,19.0,,,,1412,542208,0.14529495799797587,0.995,0.9633431085043987,0.9921725407560418,0.9563094665997867,0.7383938202653745,1.381519079208374,0.05,19.0,19.0,True,0.05,0.9058823529411765,0.9058823529411765,1.0,0.8279569892473119,1.0,0.913978494623656,0.0,0.0,77,0,22,16,,,,,,,,,,,,,,,,,,,,,,,,,,,,,128.0,128.0,threshold_prioritized,19.0,True
threshold_priority,metal_nut,20260715,freqpatch_lite,90.0,19.0,19.0,,,,1412,542208,0.17541862500365824,0.995,0.9433040078201369,0.9874417222142253,0.9546191407683832,0.7383268629360058,1.4692376852035522,0.05,19.0,19.0,True,0.05,0.8809523809523809,0.8809523809523809,0.9866666666666667,0.7956989247311828,0.9545454545454546,0.8751221896383187,0.045454545454545456,45.45454545454545,74,1,21,19,,,,,,,,,,,,,,,,,,,,,,,,,,,,,128.0,128.0,threshold_prioritized,19.0,True
threshold_priority,metal_nut,20260715,patchcore_lite,90.0,19.0,19.0,,,,1412,542208,0.17541862500365824,0.995,0.9433040078201369,0.9874417222142253,0.9546277847397913,0.7384877720862421,1.4692376852035522,0.05,19.0,19.0,True,0.05,0.8809523809523809,0.8809523809523809,0.9866666666666667,0.7956989247311828,0.9545454545454546,0.8751221896383187,0.045454545454545456,45.45454545454545,74,1,21,19,,,,,,,,,,,,,,,,,,,,,,,,,,,,,128.0,128.0,threshold_prioritized,19.0,True
threshold_priority,metal_nut,20260716,freqpatch_lite,90.0,19.0,19.0,,,,1412,542208,0.14680745800433215,0.995,0.9516129032258064,0.9893393351395563,0.9528444094425857,0.7419630459984103,1.4699290990829468,0.05,19.0,19.0,True,0.05,0.8727272727272727,0.8727272727272727,1.0,0.7741935483870968,1.0,0.8870967741935484,0.0,0.0,72,0,22,21,,,,,,,,,,,,,,,,,,,,,,,,,,,,,128.0,128.0,threshold_prioritized,19.0,True
threshold_priority,metal_nut,20260716,patchcore_lite,90.0,19.0,19.0,,,,1412,542208,0.14680745800433215,0.995,0.9516129032258064,0.9893393351395563,0.9528524843731039,0.7421458821316184,1.4699290990829468,0.05,19.0,19.0,True,0.05,0.8727272727272727,0.8727272727272727,1.0,0.7741935483870968,1.0,0.8870967741935484,0.0,0.0,72,0,22,21,,,,,,,,,,,,,,,,,,,,,,,,,,,,,128.0,128.0,threshold_prioritized,19.0,True
threshold_priority,pill,20260714,freqpatch_lite,90.0,19.0,19.0,,,,1412,542208,0.14683391700236825,0.995,0.8846153846153847,0.9773546142949371,0.9554117901196543,0.6146581680774046,1.5019925832748413,0.05,19.0,19.0,True,0.05,0.4919786096256685,0.4919786096256685,1.0,0.3262411347517731,1.0,0.6631205673758865,0.0,0.0,46,0,26,95,,,,,,,,,,,,,,,,,,,,,,,,,,,,,128.0,128.0,threshold_prioritized,19.0,True
threshold_priority,pill,20260714,patchcore_lite,90.0,19.0,19.0,,,,1412,542208,0.14683391700236825,0.995,0.8848881614839063,0.9774960478129384,0.9553636212434168,0.6116273426877443,1.478071689605713,0.05,19.0,19.0,True,0.05,0.4756756756756757,0.4756756756756757,1.0,0.3120567375886525,1.0,0.6560283687943262,0.0,0.0,44,0,26,97,,,,,,,,,,,,,,,,,,,,,,,,,,,,,128.0,128.0,threshold_prioritized,19.0,True
threshold_priority,pill,20260715,freqpatch_lite,90.0,19.0,19.0,,,,1412,542208,0.2164051249928889,0.995,0.8581560283687943,0.9718773663156253,0.9563154607575814,0.608314764963977,1.2848069667816162,0.05,19.0,19.0,True,0.05,0.6698113207547169,0.6698113207547169,1.0,0.5035460992907801,1.0,0.75177304964539,0.0,0.0,71,0,26,70,,,,,,,,,,,,,,,,,,,,,,,,,,,,,128.0,128.0,threshold_prioritized,19.0,True
threshold_priority,pill,20260715,patchcore_lite,90.0,19.0,19.0,,,,1412,542208,0.2164051249928889,0.995,0.8573376977632298,0.9716079848864517,0.9562710216346566,0.6055378457518986,1.2848069667816162,0.05,19.0,19.0,True,0.05,0.6698113207547169,0.6698113207547169,1.0,0.5035460992907801,1.0,0.75177304964539,0.0,0.0,71,0,26,70,,,,,,,,,,,,,,,,,,,,,,,,,,,,,128.0,128.0,threshold_prioritized,19.0,True
threshold_priority,pill,20260716,freqpatch_lite,90.0,19.0,19.0,,,,1412,542208,0.20709108299342915,0.995,0.8494271685761048,0.9691798031857185,0.9543201538937789,0.6114443571629791,1.4280401468276978,0.05,19.0,19.0,True,0.05,0.6442307692307693,0.6442307692307693,1.0,0.475177304964539,1.0,0.7375886524822695,0.0,0.0,67,0,26,74,,,,,,,,,,,,,,,,,,,,,,,,,,,,,128.0,128.0,threshold_prioritized,19.0,True
threshold_priority,pill,20260716,patchcore_lite,90.0,19.0,19.0,,,,1412,542208,0.20709108299342915,0.995,0.848063284233497,0.9687107340721532,0.9542204930985168,0.6058887357027392,1.3962194919586182,0.05,19.0,19.0,True,0.05,0.6442307692307693,0.6442307692307693,1.0,0.475177304964539,1.0,0.7375886524822695,0.0,0.0,67,0,26,74,,,,,,,,,,,,,,,,,,,,,,,,,,,,,128.0,128.0,threshold_prioritized,19.0,True
threshold_priority,screw,20260714,freqpatch_lite,90.0,19.0,19.0,,,,1412,542208,0.14090283300174633,0.995,0.42816150850584134,0.7204917729423224,0.9150202485146905,0.018589614593080516,1.5054415464401245,0.05,19.0,19.0,True,0.05,0.06504065040650407,0.06504065040650407,1.0,0.03361344537815126,1.0,0.5168067226890757,0.0,0.0,4,0,41,115,,,,,,,,,,,,,,,,,,,,,,,,,,,,,128.0,128.0,threshold_prioritized,19.0,True
threshold_priority,screw,20260714,patchcore_lite,90.0,19.0,19.0,,,,1412,542208,0.14090283300174633,0.995,0.4267267882762861,0.7199836428282878,0.9150204063351228,0.018589687970564272,1.5054415464401245,0.05,19.0,19.0,True,0.05,0.06504065040650407,0.06504065040650407,1.0,0.03361344537815126,1.0,0.5168067226890757,0.0,0.0,4,0,41,115,,,,,,,,,,,,,,,,,,,,,,,,,,,,,128.0,128.0,threshold_prioritized,19.0,True
threshold_priority,screw,20260715,freqpatch_lite,90.0,19.0,19.0,,,,1412,542208,0.2691812499979278,0.995,0.4613650338184055,0.7195664486847275,0.9139105244846127,0.019098687443766773,1.261528730392456,0.05,19.0,19.0,True,0.05,0.12121212121212122,0.12121212121212122,0.6153846153846154,0.06722689075630252,0.8780487804878049,0.4726378356220537,0.12195121951219512,121.95121951219512,8,5,36,111,,,,,,,,,,,,,,,,,,,,,,,,,,,,,128.0,128.0,threshold_prioritized,19.0,True
threshold_priority,screw,20260715,patchcore_lite,90.0,19.0,19.0,,,,1412,542208,0.2691812499979278,0.995,0.46156999385119907,0.7187044438037238,0.913908995936952,0.019087351069393455,1.261528730392456,0.05,19.0,19.0,True,0.05,0.12121212121212122,0.12121212121212122,0.6153846153846154,0.06722689075630252,0.8780487804878049,0.4726378356220537,0.12195121951219512,121.95121951219512,8,5,36,111,,,,,,,,,,,,,,,,,,,,,,,,,,,,,128.0,128.0,threshold_prioritized,19.0,True
threshold_priority,screw,20260716,freqpatch_lite,90.0,19.0,19.0,,,,1412,542208,0.18904670900519704,0.995,0.5827013732322197,0.7944839421086041,0.9167086839536891,0.021641018775658688,1.4264960289001465,0.05,19.0,19.0,True,0.05,0.12213740458015267,0.12213740458015267,0.6666666666666666,0.06722689075630252,0.9024390243902439,0.4848329575732732,0.0975609756097561,97.5609756097561,8,4,37,111,,,,,,,,,,,,,,,,,,,,,,,,,,,,,128.0,128.0,threshold_prioritized,19.0,True
threshold_priority,screw,20260716,patchcore_lite,90.0,19.0,19.0,,,,1412,542208,0.18904670900519704,0.995,0.582086493133839,0.7941371318180133,0.9167084200713896,0.02164127758968979,1.4264960289001465,0.05,19.0,19.0,True,0.05,0.12213740458015267,0.12213740458015267,0.6666666666666666,0.06722689075630252,0.9024390243902439,0.4848329575732732,0.0975609756097561,97.5609756097561,8,4,37,111,,,,,,,,,,,,,,,,,,,,,,,,,,,,,128.0,128.0,threshold_prioritized,19.0,True
threshold_priority,tile,20260714,freqpatch_lite,90.0,19.0,19.0,,,,1412,542208,0.10564687500300352,0.995,0.9372294372294373,0.9782945653912786,0.9214633976595865,0.44648511593284806,1.3584076166152954,0.05,19.0,19.0,True,0.05,0.9032258064516129,0.9032258064516129,0.9859154929577465,0.8333333333333334,0.9696969696969697,0.9015151515151516,0.030303030303030304,30.303030303030305,70,1,32,14,,,,,,,,,,,,,,,,,,,,,,,,,,,,,128.0,128.0,threshold_prioritized,19.0,True
threshold_priority,tile,20260714,patchcore_lite,90.0,19.0,19.0,,,,1412,542208,0.10564687500300352,0.995,0.9368686868686869,0.9781141902109034,0.9214739795240525,0.44714270521292404,1.3584076166152954,0.05,19.0,19.0,True,0.05,0.8961038961038961,0.8961038961038961,0.9857142857142858,0.8214285714285714,0.9696969696969697,0.8955627705627706,0.030303030303030304,30.303030303030305,69,1,32,15,,,,,,,,,,,,,,,,,,,,,,,,,,,,,128.0,128.0,threshold_prioritized,19.0,True
threshold_priority,tile,20260715,freqpatch_lite,90.0,19.0,19.0,,,,1412,542208,0.12153629199747229,0.995,0.9354256854256855,0.9767909437017275,0.9195270902119903,0.4315359600281118,1.4086174964904785,0.05,19.0,19.0,True,0.05,0.8741721854304636,0.8741721854304636,0.9850746268656716,0.7857142857142857,0.9696969696969697,0.8777056277056277,0.030303030303030304,30.303030303030305,66,1,32,18,,,,,,,,,,,,,,,,,,,,,,,,,,,,,128.0,128.0,threshold_prioritized,19.0,True
threshold_priority,tile,20260715,patchcore_lite,90.0,19.0,19.0,,,,1412,542208,0.12153629199747229,0.995,0.9347041847041847,0.9764653184526485,0.919544570533062,0.4316717602541142,1.3839627504348755,0.05,19.0,19.0,True,0.05,0.864516129032258,0.864516129032258,0.9436619718309859,0.7976190476190477,0.8787878787878788,0.8382034632034632,0.12121212121212122,121.21212121212122,67,4,29,17,,,,,,,,,,,,,,,,,,,,,,,,,,,,,128.0,128.0,threshold_prioritized,19.0,True
threshold_priority,tile,20260716,freqpatch_lite,90.0,19.0,19.0,,,,1412,542208,0.14299687500169966,0.995,0.9437229437229437,0.9805242588233949,0.9220026544028048,0.441795944569875,1.9366992712020874,0.05,19.0,19.0,True,0.05,0.8,0.8,1.0,0.6666666666666666,1.0,0.8333333333333333,0.0,0.0,56,0,33,28,,,,,,,,,,,,,,,,,,,,,,,,,,,,,128.0,128.0,threshold_prioritized,19.0,True
threshold_priority,tile,20260716,patchcore_lite,90.0,19.0,19.0,,,,1412,542208,0.14299687500169966,0.995,0.9415584415584416,0.9796910549948281,0.921977649744174,0.4417832569867262,1.9366992712020874,0.05,19.0,19.0,True,0.05,0.8,0.8,1.0,0.6666666666666666,1.0,0.8333333333333333,0.0,0.0,56,0,33,28,,,,,,,,,,,,,,,,,,,,,,,,,,,,,128.0,128.0,threshold_prioritized,19.0,True
threshold_priority,toothbrush,20260714,freqpatch_lite,32.0,9.0,19.0,,,,502,192768,0.03308383400144521,0.995,0.7944444444444444,0.9224670068652124,0.9773660068912791,0.45012162091154573,1.243774175643921,0.05,19.0,19.0,True,0.05,0.7450980392156863,0.7450980392156863,0.9047619047619048,0.6333333333333333,0.8333333333333334,0.7333333333333334,0.16666666666666666,166.66666666666666,19,2,10,11,,,,,,,,,,,,,,,,,,,,,,,,,,,,,128.0,60.0,threshold_prioritized,19.0,True
threshold_priority,toothbrush,20260714,patchcore_lite,32.0,9.0,19.0,,,,502,192768,0.03308383400144521,0.995,0.7944444444444444,0.9224670068652124,0.9776112385225652,0.47104132303295215,1.243774175643921,0.05,19.0,19.0,True,0.05,0.7450980392156863,0.7450980392156863,0.9047619047619048,0.6333333333333333,0.8333333333333334,0.7333333333333334,0.16666666666666666,166.66666666666666,19,2,10,11,,,,,,,,,,,,,,,,,,,,,,,,,,,,,128.0,60.0,threshold_prioritized,19.0,True
threshold_priority,toothbrush,20260715,freqpatch_lite,32.0,9.0,19.0,,,,502,192768,0.025059667001187336,0.995,0.813888888888889,0.9257601344336761,0.9803385429496205,0.45404093805984985,1.3005621433258057,0.05,19.0,19.0,True,0.05,0.7083333333333334,0.7083333333333334,0.9444444444444444,0.5666666666666667,0.9166666666666666,0.7416666666666667,0.08333333333333333,83.33333333333333,17,1,11,13,,,,,,,,,,,,,,,,,,,,,,,,,,,,,128.0,60.0,threshold_prioritized,19.0,True
threshold_priority,toothbrush,20260715,patchcore_lite,32.0,9.0,19.0,,,,502,192768,0.025059667001187336,0.995,0.813888888888889,0.9257601344336761,0.9805654565636618,0.4737550427240137,1.3005621433258057,0.05,19.0,19.0,True,0.05,0.7083333333333334,0.7083333333333334,0.9444444444444444,0.5666666666666667,0.9166666666666666,0.7416666666666667,0.08333333333333333,83.33333333333333,17,1,11,13,,,,,,,,,,,,,,,,,,,,,,,,,,,,,128.0,60.0,threshold_prioritized,19.0,True
threshold_priority,toothbrush,20260716,freqpatch_lite,32.0,9.0,19.0,,,,502,192768,0.025715790994581766,0.995,0.8027777777777777,0.9198353165144153,0.9787992658965886,0.4488144119639027,1.274601936340332,0.05,19.0,19.0,True,0.05,0.6808510638297872,0.6808510638297872,0.9411764705882353,0.5333333333333333,0.9166666666666666,0.725,0.08333333333333333,83.33333333333333,16,1,11,14,,,,,,,,,,,,,,,,,,,,,,,,,,,,,128.0,60.0,threshold_prioritized,19.0,True
threshold_priority,toothbrush,20260716,patchcore_lite,32.0,9.0,19.0,,,,502,192768,0.025715790994581766,0.995,0.8027777777777777,0.9198353165144153,0.9790102031533414,0.4678744907113452,1.274601936340332,0.05,19.0,19.0,True,0.05,0.6808510638297872,0.6808510638297872,0.9411764705882353,0.5333333333333333,0.9166666666666666,0.725,0.08333333333333333,83.33333333333333,16,1,11,14,,,,,,,,,,,,,,,,,,,,,,,,,,,,,128.0,60.0,threshold_prioritized,19.0,True
threshold_priority,transistor,20260714,freqpatch_lite,90.0,19.0,19.0,,,,1412,542208,0.14523170800384833,0.995,0.8820833333333333,0.8784379652876282,0.8648702892079159,0.4820429697472194,1.5184941291809082,0.05,19.0,19.0,True,0.05,0.7605633802816901,0.7605633802816901,0.8709677419354839,0.675,0.9333333333333333,0.8041666666666667,0.06666666666666667,66.66666666666667,27,4,56,13,,,,,,,,,,,,,,,,,,,,,,,,,,,,,128.0,128.0,threshold_prioritized,19.0,True
threshold_priority,transistor,20260714,patchcore_lite,90.0,19.0,19.0,,,,1412,542208,0.14523170800384833,0.995,0.8833333333333333,0.8791349250801287,0.8648800086468418,0.48219217410315485,1.5184941291809082,0.05,19.0,19.0,True,0.05,0.7605633802816901,0.7605633802816901,0.8709677419354839,0.675,0.9333333333333333,0.8041666666666667,0.06666666666666667,66.66666666666667,27,4,56,13,,,,,,,,,,,,,,,,,,,,,,,,,,,,,128.0,128.0,threshold_prioritized,19.0,True
threshold_priority,transistor,20260715,freqpatch_lite,90.0,19.0,19.0,,,,1412,542208,0.12663204200362088,0.995,0.90625,0.8917992299632733,0.865418184824549,0.49384981623138774,1.6327447891235352,0.05,19.0,19.0,True,0.05,0.7076923076923077,0.7076923076923077,0.92,0.575,0.9666666666666667,0.7708333333333333,0.03333333333333333,33.333333333333336,23,2,58,17,,,,,,,,,,,,,,,,,,,,,,,,,,,,,128.0,128.0,threshold_prioritized,19.0,True
threshold_priority,transistor,20260715,patchcore_lite,90.0,19.0,19.0,,,,1412,542208,0.12663204200362088,0.995,0.9079166666666665,0.8940311286973488,0.8654245239114453,0.49393813174109885,1.5471283197402954,0.05,19.0,19.0,True,0.05,0.6875,0.6875,0.9166666666666666,0.55,0.9666666666666667,0.7583333333333333,0.03333333333333333,33.333333333333336,22,2,58,18,,,,,,,,,,,,,,,,,,,,,,,,,,,,,128.0,128.0,threshold_prioritized,19.0,True
threshold_priority,transistor,20260716,freqpatch_lite,90.0,19.0,19.0,,,,1412,542208,0.11942220899800304,0.995,0.8833333333333333,0.8671057747079195,0.854951919366358,0.4772574587277758,1.2751054763793945,0.05,19.0,19.0,True,0.05,0.7948717948717948,0.7948717948717948,0.8157894736842105,0.775,0.8833333333333333,0.8291666666666666,0.11666666666666667,116.66666666666667,31,7,53,9,,,,,,,,,,,,,,,,,,,,,,,,,,,,,128.0,128.0,threshold_prioritized,19.0,True
threshold_priority,transistor,20260716,patchcore_lite,90.0,19.0,19.0,,,,1412,542208,0.11942220899800304,0.995,0.8841666666666668,0.8667523004713567,0.8549603327511623,0.4774395156305853,1.269327163696289,0.05,19.0,19.0,True,0.05,0.8051948051948052,0.8051948051948052,0.8378378378378378,0.775,0.9,0.8375,0.1,100.0,31,6,54,9,,,,,,,,,,,,,,,,,,,,,,,,,,,,,128.0,128.0,threshold_prioritized,19.0,True
threshold_priority,wood,20260714,freqpatch_lite,90.0,19.0,19.0,,,,1412,542208,0.08491329199750908,0.995,0.9903508771929824,0.9970361910923037,0.9357304564707964,0.437632045977066,1.6877727508544922,0.05,19.0,19.0,True,0.05,0.9666666666666667,0.9666666666666667,0.9666666666666667,0.9666666666666667,0.8947368421052632,0.9307017543859649,0.10526315789473684,105.26315789473684,58,2,17,2,,,,,,,,,,,,,,,,,,,,,,,,,,,,,128.0,128.0,threshold_prioritized,19.0,True
threshold_priority,wood,20260714,patchcore_lite,90.0,19.0,19.0,,,,1412,542208,0.08491329199750908,0.995,0.9894736842105263,0.9967761875668322,0.9356287515886862,0.43539763050060104,1.6877727508544922,0.05,19.0,19.0,True,0.05,0.9666666666666667,0.9666666666666667,0.9666666666666667,0.9666666666666667,0.8947368421052632,0.9307017543859649,0.10526315789473684,105.26315789473684,58,2,17,2,,,,,,,,,,,,,,,,,,,,,,,,,,,,,128.0,128.0,threshold_prioritized,19.0,True
threshold_priority,wood,20260715,freqpatch_lite,90.0,19.0,19.0,,,,1412,542208,0.08287529199878918,0.995,0.9894736842105263,0.9970725995316159,0.9341163327804055,0.44443801438939545,1.7056198120117188,0.05,19.0,19.0,True,0.05,0.9672131147540983,0.9672131147540983,0.9516129032258065,0.9833333333333333,0.8421052631578947,0.912719298245614,0.15789473684210525,157.89473684210526,59,3,16,1,,,,,,,,,,,,,,,,,,,,,,,,,,,,,128.0,128.0,threshold_prioritized,19.0,True
threshold_priority,wood,20260715,patchcore_lite,90.0,19.0,19.0,,,,1412,542208,0.08287529199878918,0.995,0.987719298245614,0.9965170439760603,0.9338279575565005,0.4397564278119997,1.7056198120117188,0.05,19.0,19.0,True,0.05,0.9672131147540983,0.9672131147540983,0.9516129032258065,0.9833333333333333,0.8421052631578947,0.912719298245614,0.15789473684210525,157.89473684210526,59,3,16,1,,,,,,,,,,,,,,,,,,,,,,,,,,,,,128.0,128.0,threshold_prioritized,19.0,True
threshold_priority,wood,20260716,freqpatch_lite,90.0,19.0,19.0,,,,1412,542208,0.07990974999847822,0.995,0.9894736842105263,0.9968161570135812,0.9332772539779635,0.4354683785999653,1.841024398803711,0.05,19.0,19.0,True,0.05,0.9672131147540983,0.9672131147540983,0.9516129032258065,0.9833333333333333,0.8421052631578947,0.912719298245614,0.15789473684210525,157.89473684210526,59,3,16,1,,,,,,,,,,,,,,,,,,,,,,,,,,,,,128.0,128.0,threshold_prioritized,19.0,True
threshold_priority,wood,20260716,patchcore_lite,90.0,19.0,19.0,,,,1412,542208,0.07990974999847822,0.995,0.9885964912280701,0.9965644075682834,0.9330714385720495,0.43193392460487484,1.82594633102417,0.05,19.0,19.0,True,0.05,0.9508196721311475,0.9508196721311475,0.9354838709677419,0.9666666666666667,0.7894736842105263,0.8780701754385964,0.21052631578947367,210.52631578947367,58,4,15,2,,,,,,,,,,,,,,,,,,,,,,,,,,,,,128.0,128.0,threshold_prioritized,19.0,True
threshold_priority,zipper,20260714,freqpatch_lite,90.0,19.0,19.0,,,,1412,542208,0.17283729100017808,0.995,0.8521533613445379,0.9362320348801682,0.9560475015237437,0.34232719947589985,2.3596484661102295,0.05,19.0,19.0,True,0.05,0.5357142857142857,0.5357142857142857,0.9183673469387755,0.37815126050420167,0.875,0.6265756302521008,0.125,125.0,45,4,28,74,,,,,,,,,,,,,,,,,,,,,,,,,,,,,128.0,128.0,threshold_prioritized,19.0,True
threshold_priority,zipper,20260714,patchcore_lite,90.0,19.0,19.0,,,,1412,542208,0.17283729100017808,0.995,0.8581932773109243,0.9415858756525686,0.956076610498862,0.34619077705190854,2.3596484661102295,0.05,19.0,19.0,True,0.05,0.5269461077844312,0.5269461077844312,0.9166666666666666,0.3697478991596639,0.875,0.6223739495798319,0.125,125.0,44,4,28,75,,,,,,,,,,,,,,,,,,,,,,,,,,,,,128.0,128.0,threshold_prioritized,19.0,True
threshold_priority,zipper,20260715,freqpatch_lite,90.0,19.0,19.0,,,,1412,542208,0.12319941700116033,0.995,0.8206407563025211,0.8995571744034325,0.9578020185796627,0.33704411408815677,3.6613106727600098,0.05,19.0,19.0,True,0.05,0.13846153846153847,0.13846153846153847,0.8181818181818182,0.07563025210084033,0.9375,0.5065651260504201,0.0625,62.5,9,2,30,110,,,,,,,,,,,,,,,,,,,,,,,,,,,,,128.0,128.0,threshold_prioritized,19.0,True
threshold_priority,zipper,20260715,patchcore_lite,90.0,19.0,19.0,,,,1412,542208,0.12319941700116033,0.995,0.8193277310924371,0.9010337538768911,0.9578318507243146,0.33992533654278395,3.42751407623291,0.05,19.0,19.0,True,0.05,0.12403100775193798,0.12403100775193798,0.8,0.06722689075630252,0.9375,0.5023634453781513,0.0625,62.5,8,2,30,111,,,,,,,,,,,,,,,,,,,,,,,,,,,,,128.0,128.0,threshold_prioritized,19.0,True
threshold_priority,zipper,20260716,freqpatch_lite,90.0,19.0,19.0,,,,1412,542208,0.1208719169953838,0.995,0.8595063025210085,0.9356304911595753,0.9572618003242315,0.35302908533710153,2.770040273666382,0.05,19.0,19.0,True,0.05,0.37333333333333335,0.37333333333333335,0.9032258064516129,0.23529411764705882,0.90625,0.5707720588235294,0.09375,93.75,28,3,29,91,,,,,,,,,,,,,,,,,,,,,,,,,,,,,128.0,128.0,threshold_prioritized,19.0,True
threshold_priority,zipper,20260716,patchcore_lite,90.0,19.0,19.0,,,,1412,542208,0.1208719169953838,0.995,0.8629201680672269,0.9394950852190216,0.9572995605560672,0.3580313333339504,2.770040273666382,0.05,19.0,19.0,True,0.05,0.36486486486486486,0.36486486486486486,0.9310344827586207,0.226890756302521,0.9375,0.5821953781512605,0.0625,62.5,27,2,30,92,,,,,,,,,,,,,,,,,,,,,,,,,,,,,128.0,128.0,threshold_prioritized,19.0,True
